2024-11-05 09:57:12,258 [INFO] LogOutputStream:77 - [STDOUT_REDIRECT] StartTraceHandler.execute(), success : Collect=true
2024-11-05 10:33:40,462 [INFO] WebApp:189 - Connection lost
2024-11-05 10:33:40,608 [INFO] WebApp:186 - Connection restablished
2024-11-05 10:45:13,992 [INFO] WebApp:189 - Connection lost
2024-11-05 10:45:14,148 [INFO] WebApp:186 - Connection restablished
2024-11-05 10:45:47,965 [INFO] WebApp:189 - Connection lost
2024-11-05 10:45:48,136 [INFO] WebApp:186 - Connection restablished
2024-11-05 16:30:49,166 [INFO] MainUpdater:2873 - connection check result : 10
2024-11-05 16:30:49,167 [INFO] MainUpdater:2873 - connection check result : 10
2024-11-05 16:30:49,198 [INFO] MicroXplorer:468 - Change Database Path : 
2024-11-05 16:30:49,198 [INFO] MicroXplorer:498 - Change Database Version : DB.6.0.121
2024-11-05 16:30:49,220 [ERROR] ProjectManagerView:394 - 
java.lang.NullPointerException: Cannot invoke "javax.swing.JTextField.getText()" because the return value of "java.util.List.get(int)" is null
	at com.st.microxplorer.plugins.projectmanager.gui.ProjectChoiceTab$10.caretUpdate(ProjectChoiceTab.java:2622) ~[filemanager.jar:?]
	at javax.swing.text.JTextComponent.fireCaretUpdate(JTextComponent.java:412) ~[?:?]
	at javax.swing.text.JTextComponent$MutableCaretEvent.fire(JTextComponent.java:4491) ~[?:?]
	at javax.swing.text.JTextComponent$MutableCaretEvent.stateChanged(JTextComponent.java:4513) ~[?:?]
	at javax.swing.text.DefaultCaret.fireStateChanged(DefaultCaret.java:842) ~[?:?]
	at javax.swing.text.DefaultCaret.changeCaretPosition(DefaultCaret.java:1313) ~[?:?]
	at javax.swing.text.DefaultCaret.handleSetDot(DefaultCaret.java:1212) ~[?:?]
	at javax.swing.text.DefaultCaret.setDot(DefaultCaret.java:1193) ~[?:?]
	at javax.swing.text.DefaultCaret$Handler.insertUpdate(DefaultCaret.java:1789) ~[?:?]
	at javax.swing.text.AbstractDocument.fireInsertUpdate(AbstractDocument.java:226) ~[?:?]
	at javax.swing.text.AbstractDocument.handleInsertString(AbstractDocument.java:780) ~[?:?]
	at javax.swing.text.AbstractDocument.insertString(AbstractDocument.java:739) ~[?:?]
	at javax.swing.text.PlainDocument.insertString(PlainDocument.java:131) ~[?:?]
	at javax.swing.text.AbstractDocument.replace(AbstractDocument.java:698) ~[?:?]
	at javax.swing.text.JTextComponent.setText(JTextComponent.java:1729) ~[?:?]
	at com.st.microxplorer.plugins.projectmanager.gui.ProjectChoiceTab.createHeapStackFields(ProjectChoiceTab.java:972) ~[filemanager.jar:?]
	at com.st.microxplorer.plugins.projectmanager.gui.ProjectChoiceTab.buildLinkSettingsPanel(ProjectChoiceTab.java:3597) ~[filemanager.jar:?]
	at com.st.microxplorer.plugins.projectmanager.gui.ProjectChoiceTab.defineWindowsFields(ProjectChoiceTab.java:1940) ~[filemanager.jar:?]
	at com.st.microxplorer.plugins.projectmanager.gui.ProjectChoiceTab.updateSettings(ProjectChoiceTab.java:550) ~[filemanager.jar:?]
	at com.st.microxplorer.plugins.projectmanager.gui.ProjectSettingsPanel.UpdateDialog(ProjectSettingsPanel.java:245) ~[filemanager.jar:?]
	at com.st.microxplorer.plugins.projectmanager.ProjectManagerView.propertyChange(ProjectManagerView.java:391) ~[filemanager.jar:?]
	at java.beans.PropertyChangeSupport.fire(PropertyChangeSupport.java:343) ~[?:?]
	at java.beans.PropertyChangeSupport.firePropertyChange(PropertyChangeSupport.java:335) ~[?:?]
	at java.beans.PropertyChangeSupport.firePropertyChange(PropertyChangeSupport.java:268) ~[?:?]
	at com.st.microxplorer.util.MXPropertyChangeSupport.firePropertyChange(MXPropertyChangeSupport.java:54) ~[STM32CubeMX.jar:?]
	at com.st.microxplorer.mxsystem.MxSystem.closeConfig(MxSystem.java:900) ~[STM32CubeMX.jar:?]
	at com.st.microxplorer.maingui.MainPanel.closeConfig(MainPanel.java:781) ~[STM32CubeMX.jar:?]
	at com.st.microxplorer.plugins.filemanager.engine.OpenFileManager.loadConfigurationFile(OpenFileManager.java:265) ~[filemanager.jar:?]
	at com.st.microxplorer.plugins.filemanager.engine.MainFileManager.userLoadConfig(MainFileManager.java:352) ~[filemanager.jar:?]
	at com.st.microxplorer.plugins.filemanager.engine.MainFileManager.userLoadConfig(MainFileManager.java:330) ~[filemanager.jar:?]
	at com.st.microxplorer.plugins.filemanager.FileManagerView.getSpecificTask(FileManagerView.java:246) ~[filemanager.jar:?]
	at com.st.stm32cube.common.mx.editor.CubeMxEditor.getMxTabbedPaneInstance(CubeMxEditor.java:1198) ~[com.st.stm32cube.common.mx_6.12.1.202409122256/:?]
	at com.st.stm32cube.common.mx.editor.CubeMxEditor$12$1.createSwingComponent(CubeMxEditor.java:1068) ~[com.st.stm32cube.common.mx_6.12.1.202409122256/:?]
	at com.st.stm32cube.common.mx.oss.core.awtswtbridge.EmbeddedSwingComposite.doComponentCreation(EmbeddedSwingComposite.java:492) ~[com.st.stm32cube.common.mx.oss_6.12.1.202409122256/:?]
	at com.st.stm32cube.common.mx.oss.core.awtswtbridge.EmbeddedSwingComposite$4.run(EmbeddedSwingComposite.java:291) ~[com.st.stm32cube.common.mx.oss_6.12.1.202409122256/:?]
	at com.st.stm32cube.common.mx.oss.core.awtswtbridge.AwtEnvironment$2.run(AwtEnvironment.java:166) ~[com.st.stm32cube.common.mx.oss_6.12.1.202409122256/:?]
	at java.awt.event.InvocationEvent.dispatch(InvocationEvent.java:318) ~[?:?]
	at java.awt.EventQueue.dispatchEventImpl(EventQueue.java:773) ~[?:?]
	at java.awt.EventQueue$4.run(EventQueue.java:720) ~[?:?]
	at java.awt.EventQueue$4.run(EventQueue.java:714) ~[?:?]
	at java.security.AccessController.doPrivileged(AccessController.java:399) ~[?:?]
	at java.security.ProtectionDomain$JavaSecurityAccessImpl.doIntersectionPrivilege(ProtectionDomain.java:86) ~[?:?]
	at java.awt.EventQueue.dispatchEvent(EventQueue.java:742) ~[?:?]
	at java.awt.EventDispatchThread.pumpOneEventForFilters(EventDispatchThread.java:203) ~[?:?]
	at java.awt.EventDispatchThread.pumpEventsForFilter(EventDispatchThread.java:124) ~[?:?]
	at java.awt.EventDispatchThread.pumpEventsForHierarchy(EventDispatchThread.java:113) ~[?:?]
	at java.awt.EventDispatchThread.pumpEvents(EventDispatchThread.java:109) ~[?:?]
	at java.awt.EventDispatchThread.pumpEvents(EventDispatchThread.java:101) ~[?:?]
	at java.awt.EventDispatchThread.run(EventDispatchThread.java:90) ~[?:?]
2024-11-05 16:30:49,221 [WARN] ThirdParty:871 - waiting for thirdparty lock release [close project]
2024-11-05 16:30:49,221 [INFO] ThirdParty:873 - entering critical section [close project]
2024-11-05 16:30:49,221 [INFO] ThirdParty:883 - exiting critical section [close project]
2024-11-05 16:30:49,225 [INFO] PinOutPanel:1561 - setPackage(No Configuration,No Configuration)
2024-11-05 16:30:49,244 [WARN] IpParametersView:151 - Warning: This peripheral hasn't parameters
2024-11-05 16:30:49,252 [WARN] MainPanel:284 - <html><b><center>Warning: This peripheral has no parameters to be configured<br></b></html>
2024-11-05 16:30:49,262 [INFO] UtilMem:75 - Begin LoadConfig() Used Memory: 440343768 Bytes (958398464)
2024-11-05 16:30:49,264 [INFO] MicroXplorer:468 - Change Database Path : 
2024-11-05 16:30:49,264 [INFO] MicroXplorer:498 - Change Database Version : DB.6.0.121
2024-11-05 16:30:49,264 [INFO] OpenFileManager:332 - Change cursor
2024-11-05 16:30:49,287 [INFO] Mcu:2032 - Initializing MCU STM32F407V(E-G)Tx STM32F407VGTx STM32F407VGT6
2024-11-05 16:30:50,859 [INFO] Context:742 - Trying to add GPIOservice into a context  which must be forbidden
2024-11-05 16:30:51,772 [INFO] RtosManager:555 - Registered RTOS mode: class=CMSIS, group=RTOS, mode=CMSIS_V1, owner=FREERTOS
2024-11-05 16:30:51,772 [INFO] RtosManager:555 - Registered RTOS mode: class=CMSIS, group=RTOS2, mode=CMSIS_V2, owner=FREERTOS
2024-11-05 16:30:51,772 [INFO] RtosManager:555 - Registered RTOS mode: class=RTOS, group=Core, mode=CMSIS_V1, owner=FREERTOS
2024-11-05 16:30:51,772 [INFO] RtosManager:555 - Registered RTOS mode: class=RTOS, group=Core, mode=CMSIS_V2, owner=FREERTOS
2024-11-05 16:30:51,772 [WARN] ModelIntegratedComponent:184 - Missing modes for component STMicroelectronics:FreeRTOS:0.0.1:STMicroelectronics:RTOS:FreeRTOS:Core:::10.2.0:
2024-11-05 16:30:51,777 [WARN] ModelIntegratedComponent:63 - No mode defined for component null
2024-11-05 16:30:51,777 [WARN] ModelIntegratedComponent:63 - No mode defined for component null
2024-11-05 16:30:51,777 [WARN] ModelIntegratedComponent:63 - No mode defined for component null
2024-11-05 16:30:51,777 [WARN] ModelIntegratedComponent:63 - No mode defined for component null
2024-11-05 16:30:51,777 [WARN] ModelIntegratedComponent:63 - No mode defined for component null
2024-11-05 16:30:51,777 [WARN] ModelIntegratedComponent:63 - No mode defined for component null
2024-11-05 16:30:51,777 [WARN] ModelIntegratedComponent:63 - No mode defined for component null
2024-11-05 16:30:51,777 [WARN] ModelIntegratedComponent:63 - No mode defined for component null
2024-11-05 16:30:51,777 [WARN] ModelIntegratedComponent:63 - No mode defined for component null
2024-11-05 16:30:51,777 [WARN] ModelIntegratedComponent:63 - No mode defined for component null
2024-11-05 16:30:51,777 [WARN] ModelIntegratedComponent:63 - No mode defined for component null
2024-11-05 16:30:51,777 [WARN] ModelIntegratedComponent:63 - No mode defined for component null
2024-11-05 16:30:51,777 [WARN] ModelIntegratedComponent:63 - No mode defined for component null
2024-11-05 16:30:51,777 [WARN] ModelIntegratedComponent:63 - No mode defined for component null
2024-11-05 16:30:51,777 [WARN] ModelIntegratedComponent:63 - No mode defined for component null
2024-11-05 16:30:51,777 [WARN] ModelIntegratedComponent:63 - No mode defined for component null
2024-11-05 16:30:51,777 [WARN] ModelIntegratedComponent:63 - No mode defined for component null
2024-11-05 16:30:51,777 [WARN] ModelIntegratedComponent:63 - No mode defined for component null
2024-11-05 16:30:51,777 [WARN] ModelIntegratedComponent:63 - No mode defined for component null
2024-11-05 16:30:51,777 [WARN] ModelIntegratedComponent:63 - No mode defined for component null
2024-11-05 16:30:51,777 [WARN] ModelIntegratedComponent:63 - No mode defined for component null
2024-11-05 16:30:51,777 [WARN] ModelIntegratedComponent:63 - No mode defined for component null
2024-11-05 16:30:51,777 [WARN] ModelIntegratedComponent:63 - No mode defined for component null
2024-11-05 16:30:51,777 [WARN] ModelIntegratedComponent:63 - No mode defined for component null
2024-11-05 16:30:51,778 [WARN] ModelIntegratedComponent:63 - No mode defined for component null
2024-11-05 16:30:51,778 [WARN] ModelIntegratedComponent:63 - No mode defined for component null
2024-11-05 16:30:51,778 [WARN] ModelIntegratedComponent:63 - No mode defined for component null
2024-11-05 16:30:51,778 [WARN] ModelIntegratedComponent:63 - No mode defined for component null
2024-11-05 16:30:51,778 [WARN] ModelIntegratedComponent:63 - No mode defined for component null
2024-11-05 16:30:51,778 [WARN] ModelIntegratedComponent:63 - No mode defined for component null
2024-11-05 16:30:51,778 [WARN] ModelIntegratedComponent:63 - No mode defined for component null
2024-11-05 16:30:51,778 [WARN] ModelIntegratedComponent:63 - No mode defined for component null
2024-11-05 16:30:51,778 [WARN] ModelIntegratedComponent:63 - No mode defined for component null
2024-11-05 16:30:51,778 [WARN] ModelIntegratedComponent:63 - No mode defined for component null
2024-11-05 16:30:51,778 [WARN] ModelIntegratedComponent:63 - No mode defined for component null
2024-11-05 16:30:51,778 [WARN] ModelPack:524 - Component already loaded: STMicroelectronics:HAL Drivers:0.0.0:STMicroelectronics:Device:STMicro_Driver:XSPI:HAL::0.0.1:HAL_XSPI
2024-11-05 16:30:51,945 [INFO] ThirdPartyModel:298 - Start build external matchings
2024-11-05 16:30:55,018 [INFO] ThirdPartyModel:316 - End build external matchings
2024-11-05 16:30:55,369 [INFO] UtilMem:75 - End LoadConfig() Used Memory: 551887136 Bytes (958398464)
2024-11-05 16:30:55,422 [WARN] ThirdParty:833 - waiting for thirdparty lock release [change project]
2024-11-05 16:30:55,423 [INFO] ThirdParty:835 - entering critical section [change project]
2024-11-05 16:30:55,423 [INFO] ThirdParty:1030 - CMSIS Pack Vendor :STMicroelectronics USBPD 4.1
2024-11-05 16:30:55,423 [INFO] ThirdParty:1030 - CMSIS Pack Vendor :STMicroelectronics X-CUBE-GNSS1 6.0.0
2024-11-05 16:30:55,423 [INFO] ThirdParty:1030 - CMSIS Pack Vendor :STMicroelectronics USB_HOST 2.0.0
2024-11-05 16:30:55,423 [INFO] ThirdParty:1030 - CMSIS Pack Vendor :STMicroelectronics FP-SNS-MOTENVWB1 1.4.0
2024-11-05 16:30:55,423 [INFO] ThirdParty:1030 - CMSIS Pack Vendor :STMicroelectronics X-CUBE-AZRTOS-F4 1.1.0
2024-11-05 16:30:55,423 [INFO] ThirdParty:1030 - CMSIS Pack Vendor :STMicroelectronics LIBJPEG 8.0.0
2024-11-05 16:30:55,423 [INFO] ThirdParty:1030 - CMSIS Pack Vendor :wolfSSL I-CUBE-wolfSSL 5.6.3
2024-11-05 16:30:55,423 [INFO] ThirdParty:1030 - CMSIS Pack Vendor :STMicroelectronics X-CUBE-SMBUS 2.1.0
2024-11-05 16:30:55,423 [INFO] ThirdParty:1030 - CMSIS Pack Vendor :STMicroelectronics X-CUBE-WB05N 1.1.0
2024-11-05 16:30:55,423 [INFO] ThirdParty:1030 - CMSIS Pack Vendor :STMicroelectronics X-CUBE-ISPU 2.1.0
2024-11-05 16:30:55,423 [INFO] ThirdParty:1030 - CMSIS Pack Vendor :STMicroelectronics X-CUBE-FREERTOS 1.2.0
2024-11-05 16:30:55,423 [INFO] ThirdParty:1030 - CMSIS Pack Vendor :STMicroelectronics X-CUBE-TOUCHGFX 4.23.0
2024-11-05 16:30:55,423 [INFO] ThirdParty:1030 - CMSIS Pack Vendor :STMicroelectronics X-CUBE-TOUCHGFX 4.23.2
2024-11-05 16:30:55,423 [INFO] ThirdParty:1030 - CMSIS Pack Vendor :STMicroelectronics X-CUBE-AZRTOS-F7 1.1.0
2024-11-05 16:30:55,423 [INFO] ThirdParty:1030 - CMSIS Pack Vendor :STMicroelectronics X-CUBE-AZRTOS-L5 2.0.0
2024-11-05 16:30:55,423 [INFO] ThirdParty:1030 - CMSIS Pack Vendor :STMicroelectronics USB_DEVICE 2.0.0
2024-11-05 16:30:55,423 [INFO] ThirdParty:1030 - CMSIS Pack Vendor :STMicroelectronics X-CUBE-MEMS1 9.6.0
2024-11-05 16:30:55,423 [INFO] ThirdParty:1030 - CMSIS Pack Vendor :STMicroelectronics X-CUBE-EEPRMA1 4.2.0
2024-11-05 16:30:55,423 [INFO] ThirdParty:1030 - CMSIS Pack Vendor :STMicroelectronics X-CUBE-NFC6 3.1.0
2024-11-05 16:30:55,423 [INFO] ThirdParty:1030 - CMSIS Pack Vendor :ITTIA_DB I-CUBE-ITTIADB 8.8.0
2024-11-05 16:30:55,423 [INFO] ThirdParty:1030 - CMSIS Pack Vendor :STMicroelectronics FP-SNS-MOTENV1 4.3.2
2024-11-05 16:30:55,423 [INFO] ThirdParty:1030 - CMSIS Pack Vendor :STMicroelectronics FP-SNS-FLIGHT1 5.0.1
2024-11-05 16:30:55,423 [INFO] ThirdParty:1030 - CMSIS Pack Vendor :STMicroelectronics X-CUBE-MEMS1 11.0.0
2024-11-05 16:30:55,424 [INFO] ThirdParty:1030 - CMSIS Pack Vendor :STMicroelectronics X-CUBE-BLE1 6.2.4
2024-11-05 16:30:55,424 [INFO] ThirdParty:1030 - CMSIS Pack Vendor :STMicroelectronics FreeRTOS 0.0.1
2024-11-05 16:30:55,424 [INFO] ThirdParty:1030 - CMSIS Pack Vendor :STMicroelectronics X-CUBE-BLEMGR 2.0.0
2024-11-05 16:30:55,424 [INFO] ThirdParty:1030 - CMSIS Pack Vendor :STMicroelectronics X-CUBE-DPower 1.2.0
2024-11-05 16:30:55,424 [INFO] ThirdParty:1030 - CMSIS Pack Vendor :STMicroelectronics FP-SNS-FLIGHT1 5.0.2
2024-11-05 16:30:55,424 [INFO] ThirdParty:1030 - CMSIS Pack Vendor :STMicroelectronics X-CUBE-AI 9.0.0
2024-11-05 16:30:55,424 [INFO] ThirdParty:1030 - CMSIS Pack Vendor :STMicroelectronics X-CUBE-AZRTOS-H7 3.1.0
2024-11-05 16:30:55,424 [INFO] ThirdParty:1030 - CMSIS Pack Vendor :STMicroelectronics PDM2PCM 3.3.0
2024-11-05 16:30:55,424 [INFO] ThirdParty:1030 - CMSIS Pack Vendor :STMicroelectronics X-CUBE-DISPLAY 3.0.0
2024-11-05 16:30:55,424 [INFO] ThirdParty:1030 - CMSIS Pack Vendor :STMicroelectronics X-CUBE-BLE1 7.0.0
2024-11-05 16:30:55,424 [INFO] ThirdParty:1030 - CMSIS Pack Vendor :STMicroelectronics X-CUBE-NFC10 1.0.0
2024-11-05 16:30:55,424 [INFO] ThirdParty:1030 - CMSIS Pack Vendor :STMicroelectronics HAL Drivers 0.0.0
2024-11-05 16:30:55,424 [INFO] ThirdParty:1030 - CMSIS Pack Vendor :emotas I-CUBE-CANOPEN 1.3.0
2024-11-05 16:30:55,424 [INFO] ThirdParty:1030 - CMSIS Pack Vendor :STMicroelectronics X-CUBE-TOUCHGFX 4.22.0
2024-11-05 16:30:55,424 [INFO] ThirdParty:1030 - CMSIS Pack Vendor :STMicroelectronics X-CUBE-NFC7 1.0.1
2024-11-05 16:30:55,424 [INFO] ThirdParty:1030 - CMSIS Pack Vendor :STMicroelectronics MBEDTLS 2.14.1
2024-11-05 16:30:55,425 [INFO] ThirdParty:1030 - CMSIS Pack Vendor :STMicroelectronics X-CUBE-TOUCHGFX 4.22.1
2024-11-05 16:30:55,425 [INFO] ThirdParty:1030 - CMSIS Pack Vendor :STMicroelectronics X-CUBE-NFC6 3.0.0
2024-11-05 16:30:55,425 [INFO] ThirdParty:1030 - CMSIS Pack Vendor :STMicroelectronics X-CUBE-EEPRMA1 4.1.0
2024-11-05 16:30:55,425 [INFO] ThirdParty:1030 - CMSIS Pack Vendor :STMicroelectronics X-CUBE-BLEMGR 3.1.0
2024-11-05 16:30:55,425 [INFO] ThirdParty:1030 - CMSIS Pack Vendor :STMicroelectronics FP-SNS-SMARTAG2 1.2.0
2024-11-05 16:30:55,425 [INFO] ThirdParty:1030 - CMSIS Pack Vendor :STMicroelectronics X-CUBE-AZRTOS-WL 2.0.0
2024-11-05 16:30:55,425 [INFO] ThirdParty:1030 - CMSIS Pack Vendor :STMicroelectronics FP-SNS-MOTENV1 5.0.0
2024-11-05 16:30:55,425 [INFO] ThirdParty:1030 - CMSIS Pack Vendor :STMicroelectronics USB_DEVICE 1.0.0
2024-11-05 16:30:55,425 [INFO] ThirdParty:1030 - CMSIS Pack Vendor :STMicroelectronics X-CUBE-AI 8.1.0
2024-11-05 16:30:55,425 [INFO] ThirdParty:1030 - CMSIS Pack Vendor :wolfSSL I-CUBE-wolfMQTT 1.19.0
2024-11-05 16:30:55,425 [INFO] ThirdParty:1030 - CMSIS Pack Vendor :STMicroelectronics X-CUBE-AZRTOS-L4 2.0.0
2024-11-05 16:30:55,425 [INFO] ThirdParty:1030 - CMSIS Pack Vendor :STMicroelectronics ThreadX 0.0.2
2024-11-05 16:30:55,425 [INFO] ThirdParty:1030 - CMSIS Pack Vendor :WES I-CUBE-Cesium 1.3.0
2024-11-05 16:30:55,425 [INFO] ThirdParty:1030 - CMSIS Pack Vendor :STMicroelectronics lwIP 2.1.2
2024-11-05 16:30:55,425 [INFO] ThirdParty:1030 - CMSIS Pack Vendor :STMicroelectronics X-CUBE-SFXS2LP1 4.0.0
2024-11-05 16:30:55,425 [INFO] ThirdParty:1030 - CMSIS Pack Vendor :STMicroelectronics X-CUBE-BLE2 3.3.0
2024-11-05 16:30:55,425 [INFO] ThirdParty:1030 - CMSIS Pack Vendor :STMicroelectronics PDM2PCM 3.2.0
2024-11-05 16:30:55,425 [INFO] ThirdParty:1030 - CMSIS Pack Vendor :STMicroelectronics X-CUBE-ISPU 1.1.0
2024-11-05 16:30:55,425 [INFO] ThirdParty:1030 - CMSIS Pack Vendor :STMicroelectronics X-CUBE-AZRTOS-H7 3.3.0
2024-11-05 16:30:55,425 [INFO] ThirdParty:1030 - CMSIS Pack Vendor :STMicroelectronics X-CUBE-NFC9 1.0.0
2024-11-05 16:30:55,426 [INFO] ThirdParty:1030 - CMSIS Pack Vendor :STMicroelectronics USB_DEVICE 3.0.0
2024-11-05 16:30:55,426 [INFO] ThirdParty:1030 - CMSIS Pack Vendor :STMicroelectronics X-CUBE-TCPP 4.1.0
2024-11-05 16:30:55,426 [INFO] ThirdParty:1030 - CMSIS Pack Vendor :STMicroelectronics X-CUBE-IPS 3.0.0
2024-11-05 16:30:55,426 [INFO] ThirdParty:1030 - CMSIS Pack Vendor :STMicroelectronics X-CUBE-AZRTOS-WB 2.0.0
2024-11-05 16:30:55,426 [INFO] ThirdParty:1030 - CMSIS Pack Vendor :STMicroelectronics X-CUBE-FREERTOS 1.0.1
2024-11-05 16:30:55,426 [INFO] ThirdParty:1030 - CMSIS Pack Vendor :STMicroelectronics X-CUBE-GNSS1 7.0.0
2024-11-05 16:30:55,426 [INFO] ThirdParty:1030 - CMSIS Pack Vendor :STMicroelectronics FP-SNS-STBOX1 2.0.0
2024-11-05 16:30:55,426 [INFO] ThirdParty:1030 - CMSIS Pack Vendor :STMicroelectronics X-CUBE-ALGOBUILD 1.3.0
2024-11-05 16:30:55,426 [INFO] ThirdParty:1030 - CMSIS Pack Vendor :STMicroelectronics X-CUBE-AZRTOS-L5 1.1.0
2024-11-05 16:30:55,427 [INFO] ThirdParty:1030 - CMSIS Pack Vendor :STMicroelectronics X-CUBE-AZRTOS-G0 1.1.0
2024-11-05 16:30:55,427 [INFO] ThirdParty:1030 - CMSIS Pack Vendor :STMicroelectronics X-CUBE-AI 8.0.1
2024-11-05 16:30:55,427 [INFO] ThirdParty:1030 - CMSIS Pack Vendor :STMicroelectronics X-CUBE-SAFEA1 1.2.2
2024-11-05 16:30:55,427 [INFO] ThirdParty:1030 - CMSIS Pack Vendor :STMicroelectronics X-CUBE-NFC4 3.0.0
2024-11-05 16:30:55,427 [INFO] ThirdParty:1030 - CMSIS Pack Vendor :STMicroelectronics X-CUBE-SUBG2 5.0.0
2024-11-05 16:30:55,427 [INFO] ThirdParty:1030 - CMSIS Pack Vendor :STMicroelectronics STM32_WPAN 1.0.0
2024-11-05 16:30:55,427 [INFO] ThirdParty:1030 - CMSIS Pack Vendor :wolfSSL I-CUBE-wolfMQTT 1.18.0
2024-11-05 16:30:55,427 [INFO] ThirdParty:1030 - CMSIS Pack Vendor :EmbeddedOffice I-CUBE-FS-RTOS 1.0.1
2024-11-05 16:30:55,427 [INFO] ThirdParty:1030 - CMSIS Pack Vendor :STMicroelectronics lwIP 2.0.3
2024-11-05 16:30:55,427 [INFO] ThirdParty:1030 - CMSIS Pack Vendor :Cesanta I-CUBE-Mongoose 7.13.0
2024-11-05 16:30:55,427 [INFO] ThirdParty:1030 - CMSIS Pack Vendor :STMicroelectronics USB_HOST 1.0.0
2024-11-05 16:30:55,427 [INFO] ThirdParty:1030 - CMSIS Pack Vendor :STMicroelectronics X-CUBE-TOF1 3.3.1
2024-11-05 16:30:55,427 [INFO] ThirdParty:1030 - CMSIS Pack Vendor :STMicroelectronics X-CUBE-AZRTOS-G4 2.0.0
2024-11-05 16:30:55,427 [INFO] ThirdParty:1030 - CMSIS Pack Vendor :STMicroelectronics PDM2PCM 3.1.0
2024-11-05 16:30:55,427 [INFO] ThirdParty:1030 - CMSIS Pack Vendor :Infineon AIROC-Wi-Fi-Bluetooth-STM32 1.5.1
2024-11-05 16:30:55,427 [INFO] ThirdParty:1030 - CMSIS Pack Vendor :STMicroelectronics X-CUBE-BLEMGR 3.0.0
2024-11-05 16:30:55,427 [INFO] ThirdParty:1030 - CMSIS Pack Vendor :STMicroelectronics FP-SNS-MOTENVWB1 1.3.0
2024-11-05 16:30:55,427 [INFO] ThirdParty:1030 - CMSIS Pack Vendor :RealThread X-CUBE-RT-Thread_Nano 4.1.1
2024-11-05 16:30:55,428 [INFO] ThirdParty:1030 - CMSIS Pack Vendor :STMicroelectronics FP-SNS-MOTENVWB1 1.3.1
2024-11-05 16:30:55,428 [INFO] ThirdParty:1030 - CMSIS Pack Vendor :STMicroelectronics FP-ATR-SIGFOX1 3.2.0
2024-11-05 16:30:55,428 [INFO] ThirdParty:1030 - CMSIS Pack Vendor :STMicroelectronics X-CUBE-ISPU 2.0.0
2024-11-05 16:30:55,428 [INFO] ThirdParty:1030 - CMSIS Pack Vendor :STMicroelectronics X-CUBE-EEPRMA1 5.1.0
2024-11-05 16:30:55,428 [INFO] ThirdParty:1030 - CMSIS Pack Vendor :STMicroelectronics MBEDTLS 2.16.2
2024-11-05 16:30:55,428 [INFO] ThirdParty:1030 - CMSIS Pack Vendor :STMicroelectronics X-CUBE-ALS 1.0.2
2024-11-05 16:30:55,428 [INFO] ThirdParty:1030 - CMSIS Pack Vendor :STMicroelectronics X-CUBE-MEMS1 10.0.0
2024-11-05 16:30:55,428 [INFO] ThirdParty:1030 - CMSIS Pack Vendor :STMicroelectronics X-CUBE-FREERTOS 1.1.0
2024-11-05 16:30:55,428 [INFO] ThirdParty:1030 - CMSIS Pack Vendor :STMicroelectronics X-CUBE-TOUCHGFX 4.24.1
2024-11-05 16:30:55,428 [INFO] ThirdParty:1030 - CMSIS Pack Vendor :wolfSSL I-CUBE-wolfTPM 3.4.0
2024-11-05 16:30:55,428 [INFO] ThirdParty:1030 - CMSIS Pack Vendor :portGmbH I-Cube-SoM-uGOAL 1.1.0
2024-11-05 16:30:55,428 [INFO] ThirdParty:1030 - CMSIS Pack Vendor :STMicroelectronics X-CUBE-ALS 1.0.1
2024-11-05 16:30:55,428 [INFO] ThirdParty:1030 - CMSIS Pack Vendor :STMicroelectronics ThreadX 1.0.0
2024-11-05 16:30:55,428 [INFO] ThirdParty:1030 - CMSIS Pack Vendor :STMicroelectronics X-CUBE-AZRTOS-WB 1.1.0
2024-11-05 16:30:55,428 [INFO] ThirdParty:1030 - CMSIS Pack Vendor :SEGGER I-CUBE-embOS 1.3.1
2024-11-05 16:30:55,428 [INFO] ThirdParty:1030 - CMSIS Pack Vendor :STMicroelectronics X-CUBE-ALGOBUILD 1.4.0
2024-11-05 16:30:55,428 [INFO] ThirdParty:1030 - CMSIS Pack Vendor :STMicroelectronics X-CUBE-AZRTOS-H7RS 1.0.0
2024-11-05 16:30:55,428 [INFO] ThirdParty:1030 - CMSIS Pack Vendor :STMicroelectronics FP-ATR-ASTRA1 2.0.0
2024-11-05 16:30:55,429 [INFO] ThirdParty:1030 - CMSIS Pack Vendor :STMicroelectronics X-CUBE-TOF1 3.4.2
2024-11-05 16:30:55,429 [INFO] ThirdParty:1030 - CMSIS Pack Vendor :STMicroelectronics X-CUBE-AI 9.1.0
2024-11-05 16:30:55,429 [INFO] ThirdParty:1030 - CMSIS Pack Vendor :STMicroelectronics X-CUBE-TOF1 3.4.0
2024-11-05 16:30:55,429 [INFO] ThirdParty:1030 - CMSIS Pack Vendor :STMicroelectronics X-CUBE-TOF1 3.4.1
2024-11-05 16:30:55,429 [INFO] ThirdParty:1030 - CMSIS Pack Vendor :STMicroelectronics X-CUBE-AZRTOS-H7 3.2.0
2024-11-05 16:30:55,429 [INFO] ThirdParty:1030 - CMSIS Pack Vendor :wolfSSL I-CUBE-wolfSSH 1.4.17
2024-11-05 16:30:55,429 [INFO] ThirdParty:841 - exiting critical section [change project]
2024-11-05 16:30:55,699 [INFO] PinOutPanel:1561 - setPackage(No Configuration,No Configuration)
2024-11-05 16:30:55,701 [INFO] PinOutPanel:1561 - setPackage(STM32F407VGTx,LQFP100)
2024-11-05 16:30:56,005 [INFO] UtilMem:75 - Before build in PCC Used Memory: 499192432 Bytes (958398464)
2024-11-05 16:30:56,252 [INFO] UtilMem:75 - After build in PCC Used Memory: 543232624 Bytes (958398464)
2024-11-05 16:30:56,283 [INFO] IPUIPlugin:80 - create IPUIPlugin
2024-11-05 16:30:56,283 [INFO] IPUIPlugin:80 - create IPUIPlugin
2024-11-05 16:30:56,285 [INFO] IPUIPlugin:80 - create IPUIPlugin
2024-11-05 16:30:56,285 [INFO] IPUIPlugin:80 - create IPUIPlugin
2024-11-05 16:30:56,285 [INFO] IPUIPlugin:80 - create IPUIPlugin
2024-11-05 16:30:56,285 [INFO] IPUIPlugin:80 - create IPUIPlugin
2024-11-05 16:30:56,285 [INFO] IPUIPlugin:80 - create IPUIPlugin
2024-11-05 16:30:56,286 [INFO] IPUIPlugin:80 - create IPUIPlugin
2024-11-05 16:30:56,286 [INFO] IPUIPlugin:80 - create IPUIPlugin
2024-11-05 16:30:56,286 [INFO] IPUIPlugin:80 - create IPUIPlugin
2024-11-05 16:30:56,286 [INFO] IPUIPlugin:80 - create IPUIPlugin
2024-11-05 16:30:56,286 [INFO] IPUIPlugin:80 - create IPUIPlugin
2024-11-05 16:30:56,286 [INFO] IPUIPlugin:80 - create IPUIPlugin
2024-11-05 16:30:56,287 [INFO] IPUIPlugin:80 - create IPUIPlugin
2024-11-05 16:30:56,287 [INFO] IPUIPlugin:80 - create IPUIPlugin
2024-11-05 16:30:56,287 [INFO] IPUIPlugin:80 - create IPUIPlugin
2024-11-05 16:30:56,287 [INFO] IPUIPlugin:80 - create IPUIPlugin
2024-11-05 16:30:56,287 [INFO] IPUIPlugin:80 - create IPUIPlugin
2024-11-05 16:30:56,287 [INFO] IPUIPlugin:80 - create IPUIPlugin
2024-11-05 16:30:56,288 [INFO] IPUIPlugin:80 - create IPUIPlugin
2024-11-05 16:30:56,288 [INFO] IPUIPlugin:80 - create IPUIPlugin
2024-11-05 16:30:56,288 [INFO] IPUIPlugin:80 - create IPUIPlugin
2024-11-05 16:30:56,288 [INFO] IPUIPlugin:80 - create IPUIPlugin
2024-11-05 16:30:56,288 [INFO] IPUIPlugin:80 - create IPUIPlugin
2024-11-05 16:30:56,288 [INFO] IPUIPlugin:80 - create IPUIPlugin
2024-11-05 16:30:56,288 [INFO] IPUIPlugin:80 - create IPUIPlugin
2024-11-05 16:30:56,289 [INFO] IPUIPlugin:80 - create IPUIPlugin
2024-11-05 16:30:56,289 [INFO] IPUIPlugin:80 - create IPUIPlugin
2024-11-05 16:30:56,289 [INFO] IPUIPlugin:80 - create IPUIPlugin
2024-11-05 16:30:56,289 [INFO] IPUIPlugin:80 - create IPUIPlugin
2024-11-05 16:30:56,289 [INFO] IPUIPlugin:80 - create IPUIPlugin
2024-11-05 16:30:56,290 [INFO] IPUIPlugin:80 - create IPUIPlugin
2024-11-05 16:30:56,290 [INFO] IPUIPlugin:80 - create IPUIPlugin
2024-11-05 16:30:56,290 [INFO] IPUIPlugin:80 - create IPUIPlugin
2024-11-05 16:30:56,290 [INFO] IPUIPlugin:80 - create IPUIPlugin
2024-11-05 16:30:56,290 [INFO] IPUIPlugin:80 - create IPUIPlugin
2024-11-05 16:30:56,291 [INFO] IPUIPlugin:80 - create IPUIPlugin
2024-11-05 16:30:56,291 [INFO] IPUIPlugin:80 - create IPUIPlugin
2024-11-05 16:30:56,291 [INFO] IPUIPlugin:80 - create IPUIPlugin
2024-11-05 16:30:56,291 [INFO] IPUIPlugin:80 - create IPUIPlugin
2024-11-05 16:30:56,292 [INFO] IPUIPlugin:80 - create IPUIPlugin
2024-11-05 16:30:56,292 [INFO] IPUIPlugin:80 - create IPUIPlugin
2024-11-05 16:30:56,292 [INFO] IPUIPlugin:80 - create IPUIPlugin
2024-11-05 16:30:56,293 [INFO] IPUIPlugin:80 - create IPUIPlugin
2024-11-05 16:30:56,293 [INFO] IPUIPlugin:80 - create IPUIPlugin
2024-11-05 16:30:56,294 [INFO] IPUIPlugin:80 - create IPUIPlugin
2024-11-05 16:30:56,295 [INFO] IPUIPlugin:80 - create IPUIPlugin
2024-11-05 16:30:56,295 [INFO] IPUIPlugin:80 - create IPUIPlugin
2024-11-05 16:30:56,296 [INFO] IPUIPlugin:80 - create IPUIPlugin
2024-11-05 16:30:56,297 [INFO] IPUIPlugin:80 - create IPUIPlugin
2024-11-05 16:30:56,297 [INFO] IPUIPlugin:80 - create IPUIPlugin
2024-11-05 16:30:56,298 [INFO] IPUIPlugin:80 - create IPUIPlugin
2024-11-05 16:30:56,299 [INFO] IPUIPlugin:80 - create IPUIPlugin
2024-11-05 16:30:56,299 [INFO] IPUIPlugin:80 - create IPUIPlugin
2024-11-05 16:30:56,300 [INFO] IPUIPlugin:80 - create IPUIPlugin
2024-11-05 16:30:56,301 [INFO] IPUIPlugin:80 - create IPUIPlugin
2024-11-05 16:30:56,302 [INFO] IPUIPlugin:80 - create IPUIPlugin
2024-11-05 16:30:56,303 [INFO] IPUIPlugin:80 - create IPUIPlugin
2024-11-05 16:30:56,308 [INFO] ApiDbMcu:508 - Load IP Config File for PDM2PCM
2024-11-05 16:30:56,401 [INFO] CADModel:165 - CPN selected for project levelSTM32F407VGT6
2024-11-05 16:30:56,402 [INFO] CADModel:114 - Register for checkConnection events
2024-11-05 16:30:56,468 [INFO] OpenFileManager:363 - Restore cursor
2024-11-05 16:33:31,102 [INFO] UtilMem:75 - End SaveConfig() Used Memory: 360658376 Bytes (958398464)
2024-11-05 16:33:33,151 [INFO] UtilMem:75 - End SaveConfig() Used Memory: 385301960 Bytes (958398464)
2024-11-05 16:33:33,572 [INFO] UtilMem:75 - End SaveConfig() Used Memory: 457127368 Bytes (958398464)
2024-11-05 16:33:33,870 [INFO] BlockDiagram:2766 - set Specific Code input for plugin: SYS
2024-11-05 16:33:33,870 [INFO] BlockDiagram:2766 - set Specific Code input for plugin: RCC
2024-11-05 16:33:33,870 [INFO] BlockDiagram:2766 - set Specific Code input for plugin: NVIC
2024-11-05 16:33:33,870 [INFO] BlockDiagram:2766 - set Specific Code input for plugin: GPIO
2024-11-05 16:33:33,872 [INFO] CodeGenerator:807 - code generatio: config db path: C:\ST\STM32CubeIDE_1.9.0\STM32CubeIDE\plugins\com.st.stm32cube.common.mx_6.12.1.202409122256\\db\
2024-11-05 16:33:34,012 [INFO] CodeEngine:255 - oldGeneratedFile, C:\learning\MasterRTOS\RTOS_workspace\001Tasks\MXTmpFiles\license.tmp_save
2024-11-05 16:33:34,186 [INFO] CodeEngine:279 - Generated code: C:\learning\MasterRTOS\RTOS_workspace\001Tasks\MXTmpFiles\license.tmp
2024-11-05 16:33:34,283 [INFO] CodeEngine:255 - oldGeneratedFile, C:\learning\MasterRTOS\RTOS_workspace\001Tasks\MXTmpFiles\gpio.tmp_save
2024-11-05 16:33:34,383 [INFO] CodeEngine:279 - Generated code: C:\learning\MasterRTOS\RTOS_workspace\001Tasks\MXTmpFiles\gpio.tmp
2024-11-05 16:33:34,440 [INFO] CodeEngine:255 - oldGeneratedFile, C:\learning\MasterRTOS\RTOS_workspace\001Tasks\Core\Src\stm32f4xx_it.c_save
2024-11-05 16:33:34,658 [INFO] CodeEngine:279 - Generated code: C:\learning\MasterRTOS\RTOS_workspace\001Tasks\Core\Src\stm32f4xx_it.c
2024-11-05 16:33:34,674 [INFO] CodeEngine:255 - oldGeneratedFile, C:\learning\MasterRTOS\RTOS_workspace\001Tasks\Core\Inc\stm32f4xx_it.h_save
2024-11-05 16:33:34,761 [INFO] CodeEngine:279 - Generated code: C:\learning\MasterRTOS\RTOS_workspace\001Tasks\Core\Inc\stm32f4xx_it.h
2024-11-05 16:33:34,784 [INFO] CodeEngine:255 - oldGeneratedFile, C:\learning\MasterRTOS\RTOS_workspace\001Tasks\Core\Src\stm32f4xx_hal_msp.c_save
2024-11-05 16:33:34,934 [INFO] CodeEngine:279 - Generated code: C:\learning\MasterRTOS\RTOS_workspace\001Tasks\Core\Src\stm32f4xx_hal_msp.c
2024-11-05 16:33:34,945 [INFO] CodeEngine:255 - oldGeneratedFile, C:\learning\MasterRTOS\RTOS_workspace\001Tasks\MXTmpFiles\system.tmp_save
2024-11-05 16:33:35,027 [INFO] CodeEngine:279 - Generated code: C:\learning\MasterRTOS\RTOS_workspace\001Tasks\MXTmpFiles\system.tmp
2024-11-05 16:33:35,038 [INFO] CodeEngine:255 - oldGeneratedFile, C:\learning\MasterRTOS\RTOS_workspace\001Tasks\Core\Src\stm32f4xx_hal_timebase_tim.c_save
2024-11-05 16:33:35,129 [INFO] CodeEngine:279 - Generated code: C:\learning\MasterRTOS\RTOS_workspace\001Tasks\Core\Src\stm32f4xx_hal_timebase_tim.c
2024-11-05 16:33:35,153 [INFO] CodeEngine:311 - oldGeneratedFile, C:\learning\MasterRTOS\RTOS_workspace\001Tasks\Core\Inc\stm32f4xx_hal_conf.h_save
2024-11-05 16:33:35,330 [INFO] CodeEngine:335 - Generated code: C:\learning\MasterRTOS\RTOS_workspace\001Tasks\Core\Inc\stm32f4xx_hal_conf.h
2024-11-05 16:33:35,380 [INFO] CodeEngine:255 - oldGeneratedFile, C:\learning\MasterRTOS\RTOS_workspace\001Tasks\Core\Inc\main.h_save
2024-11-05 16:33:35,502 [INFO] CodeEngine:279 - Generated code: C:\learning\MasterRTOS\RTOS_workspace\001Tasks\Core\Inc\main.h
2024-11-05 16:33:35,518 [INFO] CodeEngine:255 - oldGeneratedFile, C:\learning\MasterRTOS\RTOS_workspace\001Tasks\Core\Src\main.c_save
2024-11-05 16:33:35,674 [INFO] CodeEngine:279 - Generated code: C:\learning\MasterRTOS\RTOS_workspace\001Tasks\Core\Src\main.c
2024-11-05 16:33:36,365 [INFO] ProjectBuilder:3249 - Time for Copy HAL[1] : 427mS.
2024-11-05 16:33:36,373 [INFO] ProjectBuilder:4828 - Project Generator version: 4.5.0-B34
2024-11-05 16:33:36,530 [INFO] ConfigFileManager:1531 - The Die is : DIE413
2024-11-05 16:33:36,533 [INFO] ApiDbMcu:508 - Load IP Config File for FATFS
2024-11-05 16:33:36,537 [INFO] ApiDbMcu:508 - Load IP Config File for FREERTOS
2024-11-05 16:33:36,539 [INFO] ApiDbMcu:508 - Load IP Config File for LIBJPEG
2024-11-05 16:33:36,549 [INFO] ApiDbMcu:508 - Load IP Config File for LWIP
2024-11-05 16:33:36,555 [INFO] ApiDbMcu:508 - Load IP Config File for MBEDTLS
2024-11-05 16:33:36,564 [INFO] ApiDbMcu:508 - Load IP Config File for USB_DEVICE
2024-11-05 16:33:36,570 [INFO] ApiDbMcu:508 - Load IP Config File for USB_HOST
2024-11-05 16:33:38,471 [INFO] ProjectBuilder:5097 - Time for Generating toolchain IDE Files: 2098mS.
2024-11-05 16:33:38,472 [INFO] ProjectBuilder:3107 - Time for Copy CMSIS : 1mS.
2024-11-05 16:33:38,479 [INFO] ProjectBuilder:3107 - Time for Copy CMSIS : 0mS.
2024-11-05 16:35:43,887 [INFO] MainUpdater:2873 - connection check result : 10
2024-11-05 16:35:43,887 [INFO] MainUpdater:2873 - connection check result : 10
2024-11-05 16:35:43,904 [INFO] MicroXplorer:468 - Change Database Path : 
2024-11-05 16:35:43,904 [INFO] MicroXplorer:498 - Change Database Version : DB.6.0.121
2024-11-05 16:35:43,910 [ERROR] ProjectManagerView:394 - 
java.lang.NullPointerException: Cannot invoke "javax.swing.JTextField.getText()" because the return value of "java.util.List.get(int)" is null
	at com.st.microxplorer.plugins.projectmanager.gui.ProjectChoiceTab$10.caretUpdate(ProjectChoiceTab.java:2622) ~[filemanager.jar:?]
	at javax.swing.text.JTextComponent.fireCaretUpdate(JTextComponent.java:412) ~[?:?]
	at javax.swing.text.JTextComponent$MutableCaretEvent.fire(JTextComponent.java:4491) ~[?:?]
	at javax.swing.text.JTextComponent$MutableCaretEvent.stateChanged(JTextComponent.java:4513) ~[?:?]
	at javax.swing.text.DefaultCaret.fireStateChanged(DefaultCaret.java:842) ~[?:?]
	at javax.swing.text.DefaultCaret.changeCaretPosition(DefaultCaret.java:1313) ~[?:?]
	at javax.swing.text.DefaultCaret.handleSetDot(DefaultCaret.java:1212) ~[?:?]
	at javax.swing.text.DefaultCaret.setDot(DefaultCaret.java:1193) ~[?:?]
	at javax.swing.text.DefaultCaret$Handler.insertUpdate(DefaultCaret.java:1789) ~[?:?]
	at javax.swing.text.AbstractDocument.fireInsertUpdate(AbstractDocument.java:226) ~[?:?]
	at javax.swing.text.AbstractDocument.handleInsertString(AbstractDocument.java:780) ~[?:?]
	at javax.swing.text.AbstractDocument.insertString(AbstractDocument.java:739) ~[?:?]
	at javax.swing.text.PlainDocument.insertString(PlainDocument.java:131) ~[?:?]
	at javax.swing.text.AbstractDocument.replace(AbstractDocument.java:698) ~[?:?]
	at javax.swing.text.JTextComponent.setText(JTextComponent.java:1729) ~[?:?]
	at com.st.microxplorer.plugins.projectmanager.gui.ProjectChoiceTab.createHeapStackFields(ProjectChoiceTab.java:972) ~[filemanager.jar:?]
	at com.st.microxplorer.plugins.projectmanager.gui.ProjectChoiceTab.buildLinkSettingsPanel(ProjectChoiceTab.java:3597) ~[filemanager.jar:?]
	at com.st.microxplorer.plugins.projectmanager.gui.ProjectChoiceTab.defineWindowsFields(ProjectChoiceTab.java:1940) ~[filemanager.jar:?]
	at com.st.microxplorer.plugins.projectmanager.gui.ProjectChoiceTab.updateSettings(ProjectChoiceTab.java:550) ~[filemanager.jar:?]
	at com.st.microxplorer.plugins.projectmanager.gui.ProjectSettingsPanel.UpdateDialog(ProjectSettingsPanel.java:245) ~[filemanager.jar:?]
	at com.st.microxplorer.plugins.projectmanager.ProjectManagerView.propertyChange(ProjectManagerView.java:391) ~[filemanager.jar:?]
	at java.beans.PropertyChangeSupport.fire(PropertyChangeSupport.java:343) ~[?:?]
	at java.beans.PropertyChangeSupport.firePropertyChange(PropertyChangeSupport.java:335) ~[?:?]
	at java.beans.PropertyChangeSupport.firePropertyChange(PropertyChangeSupport.java:268) ~[?:?]
	at com.st.microxplorer.util.MXPropertyChangeSupport.firePropertyChange(MXPropertyChangeSupport.java:54) ~[STM32CubeMX.jar:?]
	at com.st.microxplorer.mxsystem.MxSystem.closeConfig(MxSystem.java:900) ~[STM32CubeMX.jar:?]
	at com.st.microxplorer.maingui.MainPanel.closeConfig(MainPanel.java:781) ~[STM32CubeMX.jar:?]
	at com.st.microxplorer.plugins.filemanager.engine.OpenFileManager.loadConfigurationFile(OpenFileManager.java:265) ~[filemanager.jar:?]
	at com.st.microxplorer.plugins.filemanager.engine.MainFileManager.userLoadConfig(MainFileManager.java:352) ~[filemanager.jar:?]
	at com.st.microxplorer.plugins.filemanager.engine.MainFileManager.userLoadConfig(MainFileManager.java:330) ~[filemanager.jar:?]
	at com.st.microxplorer.plugins.filemanager.FileManagerView.getSpecificTask(FileManagerView.java:246) ~[filemanager.jar:?]
	at com.st.stm32cube.common.mx.editor.CubeMxEditor.getMxTabbedPaneInstance(CubeMxEditor.java:1198) ~[com.st.stm32cube.common.mx_6.12.1.202409122256/:?]
	at com.st.stm32cube.common.mx.editor.CubeMxEditor$12$1.createSwingComponent(CubeMxEditor.java:1068) ~[com.st.stm32cube.common.mx_6.12.1.202409122256/:?]
	at com.st.stm32cube.common.mx.oss.core.awtswtbridge.EmbeddedSwingComposite.doComponentCreation(EmbeddedSwingComposite.java:492) ~[com.st.stm32cube.common.mx.oss_6.12.1.202409122256/:?]
	at com.st.stm32cube.common.mx.oss.core.awtswtbridge.EmbeddedSwingComposite$4.run(EmbeddedSwingComposite.java:291) ~[com.st.stm32cube.common.mx.oss_6.12.1.202409122256/:?]
	at com.st.stm32cube.common.mx.oss.core.awtswtbridge.AwtEnvironment$2.run(AwtEnvironment.java:166) ~[com.st.stm32cube.common.mx.oss_6.12.1.202409122256/:?]
	at java.awt.event.InvocationEvent.dispatch(InvocationEvent.java:318) ~[?:?]
	at java.awt.EventQueue.dispatchEventImpl(EventQueue.java:773) ~[?:?]
	at java.awt.EventQueue$4.run(EventQueue.java:720) ~[?:?]
	at java.awt.EventQueue$4.run(EventQueue.java:714) ~[?:?]
	at java.security.AccessController.doPrivileged(AccessController.java:399) ~[?:?]
	at java.security.ProtectionDomain$JavaSecurityAccessImpl.doIntersectionPrivilege(ProtectionDomain.java:86) ~[?:?]
	at java.awt.EventQueue.dispatchEvent(EventQueue.java:742) ~[?:?]
	at java.awt.EventDispatchThread.pumpOneEventForFilters(EventDispatchThread.java:203) ~[?:?]
	at java.awt.EventDispatchThread.pumpEventsForFilter(EventDispatchThread.java:124) ~[?:?]
	at java.awt.EventDispatchThread.pumpEventsForHierarchy(EventDispatchThread.java:113) ~[?:?]
	at java.awt.EventDispatchThread.pumpEvents(EventDispatchThread.java:109) ~[?:?]
	at java.awt.EventDispatchThread.pumpEvents(EventDispatchThread.java:101) ~[?:?]
	at java.awt.EventDispatchThread.run(EventDispatchThread.java:90) ~[?:?]
2024-11-05 16:35:43,911 [WARN] ThirdParty:871 - waiting for thirdparty lock release [close project]
2024-11-05 16:35:43,911 [INFO] ThirdParty:873 - entering critical section [close project]
2024-11-05 16:35:43,911 [INFO] ThirdParty:883 - exiting critical section [close project]
2024-11-05 16:35:43,913 [INFO] PinOutPanel:1561 - setPackage(No Configuration,No Configuration)
2024-11-05 16:35:43,920 [WARN] IpParametersView:151 - Warning: This peripheral hasn't parameters
2024-11-05 16:35:43,923 [WARN] MainPanel:284 - <html><b><center>Warning: This peripheral has no parameters to be configured<br></b></html>
2024-11-05 16:35:43,926 [INFO] UtilMem:75 - Begin LoadConfig() Used Memory: 655630640 Bytes (958398464)
2024-11-05 16:35:43,927 [INFO] MicroXplorer:468 - Change Database Path : 
2024-11-05 16:35:43,927 [INFO] MicroXplorer:498 - Change Database Version : DB.6.0.121
2024-11-05 16:35:43,927 [INFO] OpenFileManager:332 - Change cursor
2024-11-05 16:35:43,942 [INFO] RulesReader:64 - Compatibility file has been processed (297 Rules)
2024-11-05 16:35:43,945 [INFO] Mcu:2032 - Initializing MCU STM32F407V(E-G)Tx STM32F407VGTx STM32F407VGT6
2024-11-05 16:35:45,550 [INFO] Context:742 - Trying to add GPIOservice into a context  which must be forbidden
2024-11-05 16:35:46,056 [INFO] RtosManager:555 - Registered RTOS mode: class=CMSIS, group=RTOS, mode=CMSIS_V1, owner=FREERTOS
2024-11-05 16:35:46,056 [INFO] RtosManager:555 - Registered RTOS mode: class=CMSIS, group=RTOS2, mode=CMSIS_V2, owner=FREERTOS
2024-11-05 16:35:46,056 [INFO] RtosManager:555 - Registered RTOS mode: class=RTOS, group=Core, mode=CMSIS_V1, owner=FREERTOS
2024-11-05 16:35:46,056 [INFO] RtosManager:555 - Registered RTOS mode: class=RTOS, group=Core, mode=CMSIS_V2, owner=FREERTOS
2024-11-05 16:35:46,056 [WARN] ModelIntegratedComponent:184 - Missing modes for component STMicroelectronics:FreeRTOS:0.0.1:STMicroelectronics:RTOS:FreeRTOS:Core:::10.2.0:
2024-11-05 16:35:46,060 [WARN] ModelIntegratedComponent:63 - No mode defined for component null
2024-11-05 16:35:46,060 [WARN] ModelIntegratedComponent:63 - No mode defined for component null
2024-11-05 16:35:46,060 [WARN] ModelIntegratedComponent:63 - No mode defined for component null
2024-11-05 16:35:46,060 [WARN] ModelIntegratedComponent:63 - No mode defined for component null
2024-11-05 16:35:46,060 [WARN] ModelIntegratedComponent:63 - No mode defined for component null
2024-11-05 16:35:46,060 [WARN] ModelIntegratedComponent:63 - No mode defined for component null
2024-11-05 16:35:46,060 [WARN] ModelIntegratedComponent:63 - No mode defined for component null
2024-11-05 16:35:46,060 [WARN] ModelIntegratedComponent:63 - No mode defined for component null
2024-11-05 16:35:46,060 [WARN] ModelIntegratedComponent:63 - No mode defined for component null
2024-11-05 16:35:46,060 [WARN] ModelIntegratedComponent:63 - No mode defined for component null
2024-11-05 16:35:46,060 [WARN] ModelIntegratedComponent:63 - No mode defined for component null
2024-11-05 16:35:46,060 [WARN] ModelIntegratedComponent:63 - No mode defined for component null
2024-11-05 16:35:46,060 [WARN] ModelIntegratedComponent:63 - No mode defined for component null
2024-11-05 16:35:46,060 [WARN] ModelIntegratedComponent:63 - No mode defined for component null
2024-11-05 16:35:46,060 [WARN] ModelIntegratedComponent:63 - No mode defined for component null
2024-11-05 16:35:46,060 [WARN] ModelIntegratedComponent:63 - No mode defined for component null
2024-11-05 16:35:46,060 [WARN] ModelIntegratedComponent:63 - No mode defined for component null
2024-11-05 16:35:46,060 [WARN] ModelIntegratedComponent:63 - No mode defined for component null
2024-11-05 16:35:46,060 [WARN] ModelIntegratedComponent:63 - No mode defined for component null
2024-11-05 16:35:46,060 [WARN] ModelIntegratedComponent:63 - No mode defined for component null
2024-11-05 16:35:46,060 [WARN] ModelIntegratedComponent:63 - No mode defined for component null
2024-11-05 16:35:46,061 [WARN] ModelIntegratedComponent:63 - No mode defined for component null
2024-11-05 16:35:46,061 [WARN] ModelIntegratedComponent:63 - No mode defined for component null
2024-11-05 16:35:46,061 [WARN] ModelIntegratedComponent:63 - No mode defined for component null
2024-11-05 16:35:46,061 [WARN] ModelIntegratedComponent:63 - No mode defined for component null
2024-11-05 16:35:46,061 [WARN] ModelIntegratedComponent:63 - No mode defined for component null
2024-11-05 16:35:46,061 [WARN] ModelIntegratedComponent:63 - No mode defined for component null
2024-11-05 16:35:46,061 [WARN] ModelIntegratedComponent:63 - No mode defined for component null
2024-11-05 16:35:46,061 [WARN] ModelIntegratedComponent:63 - No mode defined for component null
2024-11-05 16:35:46,061 [WARN] ModelIntegratedComponent:63 - No mode defined for component null
2024-11-05 16:35:46,061 [WARN] ModelIntegratedComponent:63 - No mode defined for component null
2024-11-05 16:35:46,061 [WARN] ModelIntegratedComponent:63 - No mode defined for component null
2024-11-05 16:35:46,061 [WARN] ModelIntegratedComponent:63 - No mode defined for component null
2024-11-05 16:35:46,061 [WARN] ModelIntegratedComponent:63 - No mode defined for component null
2024-11-05 16:35:46,061 [WARN] ModelIntegratedComponent:63 - No mode defined for component null
2024-11-05 16:35:46,061 [WARN] ModelPack:524 - Component already loaded: STMicroelectronics:HAL Drivers:0.0.0:STMicroelectronics:Device:STMicro_Driver:XSPI:HAL::0.0.1:HAL_XSPI
2024-11-05 16:35:46,271 [INFO] ThirdPartyModel:298 - Start build external matchings
2024-11-05 16:35:49,178 [INFO] ThirdPartyModel:316 - End build external matchings
2024-11-05 16:35:49,508 [INFO] UtilMem:75 - End LoadConfig() Used Memory: 714523664 Bytes (958398464)
2024-11-05 16:35:49,548 [WARN] ThirdParty:833 - waiting for thirdparty lock release [change project]
2024-11-05 16:35:49,548 [INFO] ThirdParty:835 - entering critical section [change project]
2024-11-05 16:35:49,548 [INFO] ThirdParty:1030 - CMSIS Pack Vendor :STMicroelectronics USBPD 4.1
2024-11-05 16:35:49,548 [INFO] ThirdParty:1030 - CMSIS Pack Vendor :STMicroelectronics X-CUBE-GNSS1 6.0.0
2024-11-05 16:35:49,548 [INFO] ThirdParty:1030 - CMSIS Pack Vendor :STMicroelectronics USB_HOST 2.0.0
2024-11-05 16:35:49,548 [INFO] ThirdParty:1030 - CMSIS Pack Vendor :STMicroelectronics FP-SNS-MOTENVWB1 1.4.0
2024-11-05 16:35:49,548 [INFO] ThirdParty:1030 - CMSIS Pack Vendor :STMicroelectronics X-CUBE-AZRTOS-F4 1.1.0
2024-11-05 16:35:49,548 [INFO] ThirdParty:1030 - CMSIS Pack Vendor :STMicroelectronics LIBJPEG 8.0.0
2024-11-05 16:35:49,549 [INFO] ThirdParty:1030 - CMSIS Pack Vendor :wolfSSL I-CUBE-wolfSSL 5.6.3
2024-11-05 16:35:49,549 [INFO] ThirdParty:1030 - CMSIS Pack Vendor :STMicroelectronics X-CUBE-SMBUS 2.1.0
2024-11-05 16:35:49,549 [INFO] ThirdParty:1030 - CMSIS Pack Vendor :STMicroelectronics X-CUBE-WB05N 1.1.0
2024-11-05 16:35:49,549 [INFO] ThirdParty:1030 - CMSIS Pack Vendor :STMicroelectronics X-CUBE-ISPU 2.1.0
2024-11-05 16:35:49,549 [INFO] ThirdParty:1030 - CMSIS Pack Vendor :STMicroelectronics X-CUBE-FREERTOS 1.2.0
2024-11-05 16:35:49,549 [INFO] ThirdParty:1030 - CMSIS Pack Vendor :STMicroelectronics X-CUBE-TOUCHGFX 4.23.0
2024-11-05 16:35:49,549 [INFO] ThirdParty:1030 - CMSIS Pack Vendor :STMicroelectronics X-CUBE-TOUCHGFX 4.23.2
2024-11-05 16:35:49,549 [INFO] ThirdParty:1030 - CMSIS Pack Vendor :STMicroelectronics X-CUBE-AZRTOS-F7 1.1.0
2024-11-05 16:35:49,549 [INFO] ThirdParty:1030 - CMSIS Pack Vendor :STMicroelectronics X-CUBE-AZRTOS-L5 2.0.0
2024-11-05 16:35:49,549 [INFO] ThirdParty:1030 - CMSIS Pack Vendor :STMicroelectronics USB_DEVICE 2.0.0
2024-11-05 16:35:49,549 [INFO] ThirdParty:1030 - CMSIS Pack Vendor :STMicroelectronics X-CUBE-MEMS1 9.6.0
2024-11-05 16:35:49,549 [INFO] ThirdParty:1030 - CMSIS Pack Vendor :STMicroelectronics X-CUBE-EEPRMA1 4.2.0
2024-11-05 16:35:49,549 [INFO] ThirdParty:1030 - CMSIS Pack Vendor :STMicroelectronics X-CUBE-NFC6 3.1.0
2024-11-05 16:35:49,549 [INFO] ThirdParty:1030 - CMSIS Pack Vendor :ITTIA_DB I-CUBE-ITTIADB 8.8.0
2024-11-05 16:35:49,549 [INFO] ThirdParty:1030 - CMSIS Pack Vendor :STMicroelectronics FP-SNS-MOTENV1 4.3.2
2024-11-05 16:35:49,549 [INFO] ThirdParty:1030 - CMSIS Pack Vendor :STMicroelectronics FP-SNS-FLIGHT1 5.0.1
2024-11-05 16:35:49,550 [INFO] ThirdParty:1030 - CMSIS Pack Vendor :STMicroelectronics X-CUBE-MEMS1 11.0.0
2024-11-05 16:35:49,550 [INFO] ThirdParty:1030 - CMSIS Pack Vendor :STMicroelectronics X-CUBE-BLE1 6.2.4
2024-11-05 16:35:49,550 [INFO] ThirdParty:1030 - CMSIS Pack Vendor :STMicroelectronics FreeRTOS 0.0.1
2024-11-05 16:35:49,550 [INFO] ThirdParty:1030 - CMSIS Pack Vendor :STMicroelectronics X-CUBE-BLEMGR 2.0.0
2024-11-05 16:35:49,550 [INFO] ThirdParty:1030 - CMSIS Pack Vendor :STMicroelectronics X-CUBE-DPower 1.2.0
2024-11-05 16:35:49,550 [INFO] ThirdParty:1030 - CMSIS Pack Vendor :STMicroelectronics FP-SNS-FLIGHT1 5.0.2
2024-11-05 16:35:49,550 [INFO] ThirdParty:1030 - CMSIS Pack Vendor :STMicroelectronics X-CUBE-AI 9.0.0
2024-11-05 16:35:49,550 [INFO] ThirdParty:1030 - CMSIS Pack Vendor :STMicroelectronics X-CUBE-AZRTOS-H7 3.1.0
2024-11-05 16:35:49,550 [INFO] ThirdParty:1030 - CMSIS Pack Vendor :STMicroelectronics PDM2PCM 3.3.0
2024-11-05 16:35:49,550 [INFO] ThirdParty:1030 - CMSIS Pack Vendor :STMicroelectronics X-CUBE-DISPLAY 3.0.0
2024-11-05 16:35:49,550 [INFO] ThirdParty:1030 - CMSIS Pack Vendor :STMicroelectronics X-CUBE-BLE1 7.0.0
2024-11-05 16:35:49,550 [INFO] ThirdParty:1030 - CMSIS Pack Vendor :STMicroelectronics X-CUBE-NFC10 1.0.0
2024-11-05 16:35:49,550 [INFO] ThirdParty:1030 - CMSIS Pack Vendor :STMicroelectronics HAL Drivers 0.0.0
2024-11-05 16:35:49,551 [INFO] ThirdParty:1030 - CMSIS Pack Vendor :emotas I-CUBE-CANOPEN 1.3.0
2024-11-05 16:35:49,551 [INFO] ThirdParty:1030 - CMSIS Pack Vendor :STMicroelectronics X-CUBE-TOUCHGFX 4.22.0
2024-11-05 16:35:49,551 [INFO] ThirdParty:1030 - CMSIS Pack Vendor :STMicroelectronics X-CUBE-NFC7 1.0.1
2024-11-05 16:35:49,551 [INFO] ThirdParty:1030 - CMSIS Pack Vendor :STMicroelectronics MBEDTLS 2.14.1
2024-11-05 16:35:49,551 [INFO] ThirdParty:1030 - CMSIS Pack Vendor :STMicroelectronics X-CUBE-TOUCHGFX 4.22.1
2024-11-05 16:35:49,551 [INFO] ThirdParty:1030 - CMSIS Pack Vendor :STMicroelectronics X-CUBE-NFC6 3.0.0
2024-11-05 16:35:49,551 [INFO] ThirdParty:1030 - CMSIS Pack Vendor :STMicroelectronics X-CUBE-EEPRMA1 4.1.0
2024-11-05 16:35:49,551 [INFO] ThirdParty:1030 - CMSIS Pack Vendor :STMicroelectronics X-CUBE-BLEMGR 3.1.0
2024-11-05 16:35:49,551 [INFO] ThirdParty:1030 - CMSIS Pack Vendor :STMicroelectronics FP-SNS-SMARTAG2 1.2.0
2024-11-05 16:35:49,551 [INFO] ThirdParty:1030 - CMSIS Pack Vendor :STMicroelectronics X-CUBE-AZRTOS-WL 2.0.0
2024-11-05 16:35:49,551 [INFO] ThirdParty:1030 - CMSIS Pack Vendor :STMicroelectronics FP-SNS-MOTENV1 5.0.0
2024-11-05 16:35:49,551 [INFO] ThirdParty:1030 - CMSIS Pack Vendor :STMicroelectronics USB_DEVICE 1.0.0
2024-11-05 16:35:49,551 [INFO] ThirdParty:1030 - CMSIS Pack Vendor :STMicroelectronics X-CUBE-AI 8.1.0
2024-11-05 16:35:49,552 [INFO] ThirdParty:1030 - CMSIS Pack Vendor :wolfSSL I-CUBE-wolfMQTT 1.19.0
2024-11-05 16:35:49,552 [INFO] ThirdParty:1030 - CMSIS Pack Vendor :STMicroelectronics X-CUBE-AZRTOS-L4 2.0.0
2024-11-05 16:35:49,552 [INFO] ThirdParty:1030 - CMSIS Pack Vendor :STMicroelectronics ThreadX 0.0.2
2024-11-05 16:35:49,552 [INFO] ThirdParty:1030 - CMSIS Pack Vendor :WES I-CUBE-Cesium 1.3.0
2024-11-05 16:35:49,552 [INFO] ThirdParty:1030 - CMSIS Pack Vendor :STMicroelectronics lwIP 2.1.2
2024-11-05 16:35:49,552 [INFO] ThirdParty:1030 - CMSIS Pack Vendor :STMicroelectronics X-CUBE-SFXS2LP1 4.0.0
2024-11-05 16:35:49,552 [INFO] ThirdParty:1030 - CMSIS Pack Vendor :STMicroelectronics X-CUBE-BLE2 3.3.0
2024-11-05 16:35:49,552 [INFO] ThirdParty:1030 - CMSIS Pack Vendor :STMicroelectronics PDM2PCM 3.2.0
2024-11-05 16:35:49,552 [INFO] ThirdParty:1030 - CMSIS Pack Vendor :STMicroelectronics X-CUBE-ISPU 1.1.0
2024-11-05 16:35:49,552 [INFO] ThirdParty:1030 - CMSIS Pack Vendor :STMicroelectronics X-CUBE-AZRTOS-H7 3.3.0
2024-11-05 16:35:49,552 [INFO] ThirdParty:1030 - CMSIS Pack Vendor :STMicroelectronics X-CUBE-NFC9 1.0.0
2024-11-05 16:35:49,552 [INFO] ThirdParty:1030 - CMSIS Pack Vendor :STMicroelectronics USB_DEVICE 3.0.0
2024-11-05 16:35:49,552 [INFO] ThirdParty:1030 - CMSIS Pack Vendor :STMicroelectronics X-CUBE-TCPP 4.1.0
2024-11-05 16:35:49,553 [INFO] ThirdParty:1030 - CMSIS Pack Vendor :STMicroelectronics X-CUBE-IPS 3.0.0
2024-11-05 16:35:49,553 [INFO] ThirdParty:1030 - CMSIS Pack Vendor :STMicroelectronics X-CUBE-AZRTOS-WB 2.0.0
2024-11-05 16:35:49,553 [INFO] ThirdParty:1030 - CMSIS Pack Vendor :STMicroelectronics X-CUBE-FREERTOS 1.0.1
2024-11-05 16:35:49,553 [INFO] ThirdParty:1030 - CMSIS Pack Vendor :STMicroelectronics X-CUBE-GNSS1 7.0.0
2024-11-05 16:35:49,553 [INFO] ThirdParty:1030 - CMSIS Pack Vendor :STMicroelectronics FP-SNS-STBOX1 2.0.0
2024-11-05 16:35:49,553 [INFO] ThirdParty:1030 - CMSIS Pack Vendor :STMicroelectronics X-CUBE-ALGOBUILD 1.3.0
2024-11-05 16:35:49,553 [INFO] ThirdParty:1030 - CMSIS Pack Vendor :STMicroelectronics X-CUBE-AZRTOS-L5 1.1.0
2024-11-05 16:35:49,553 [INFO] ThirdParty:1030 - CMSIS Pack Vendor :STMicroelectronics X-CUBE-AZRTOS-G0 1.1.0
2024-11-05 16:35:49,553 [INFO] ThirdParty:1030 - CMSIS Pack Vendor :STMicroelectronics X-CUBE-AI 8.0.1
2024-11-05 16:35:49,553 [INFO] ThirdParty:1030 - CMSIS Pack Vendor :STMicroelectronics X-CUBE-SAFEA1 1.2.2
2024-11-05 16:35:49,553 [INFO] ThirdParty:1030 - CMSIS Pack Vendor :STMicroelectronics X-CUBE-NFC4 3.0.0
2024-11-05 16:35:49,553 [INFO] ThirdParty:1030 - CMSIS Pack Vendor :STMicroelectronics X-CUBE-SUBG2 5.0.0
2024-11-05 16:35:49,553 [INFO] ThirdParty:1030 - CMSIS Pack Vendor :STMicroelectronics STM32_WPAN 1.0.0
2024-11-05 16:35:49,553 [INFO] ThirdParty:1030 - CMSIS Pack Vendor :wolfSSL I-CUBE-wolfMQTT 1.18.0
2024-11-05 16:35:49,553 [INFO] ThirdParty:1030 - CMSIS Pack Vendor :EmbeddedOffice I-CUBE-FS-RTOS 1.0.1
2024-11-05 16:35:49,553 [INFO] ThirdParty:1030 - CMSIS Pack Vendor :STMicroelectronics lwIP 2.0.3
2024-11-05 16:35:49,554 [INFO] ThirdParty:1030 - CMSIS Pack Vendor :Cesanta I-CUBE-Mongoose 7.13.0
2024-11-05 16:35:49,554 [INFO] ThirdParty:1030 - CMSIS Pack Vendor :STMicroelectronics USB_HOST 1.0.0
2024-11-05 16:35:49,554 [INFO] ThirdParty:1030 - CMSIS Pack Vendor :STMicroelectronics X-CUBE-TOF1 3.3.1
2024-11-05 16:35:49,554 [INFO] ThirdParty:1030 - CMSIS Pack Vendor :STMicroelectronics X-CUBE-AZRTOS-G4 2.0.0
2024-11-05 16:35:49,554 [INFO] ThirdParty:1030 - CMSIS Pack Vendor :STMicroelectronics PDM2PCM 3.1.0
2024-11-05 16:35:49,554 [INFO] ThirdParty:1030 - CMSIS Pack Vendor :Infineon AIROC-Wi-Fi-Bluetooth-STM32 1.5.1
2024-11-05 16:35:49,554 [INFO] ThirdParty:1030 - CMSIS Pack Vendor :STMicroelectronics X-CUBE-BLEMGR 3.0.0
2024-11-05 16:35:49,554 [INFO] ThirdParty:1030 - CMSIS Pack Vendor :STMicroelectronics FP-SNS-MOTENVWB1 1.3.0
2024-11-05 16:35:49,554 [INFO] ThirdParty:1030 - CMSIS Pack Vendor :RealThread X-CUBE-RT-Thread_Nano 4.1.1
2024-11-05 16:35:49,554 [INFO] ThirdParty:1030 - CMSIS Pack Vendor :STMicroelectronics FP-SNS-MOTENVWB1 1.3.1
2024-11-05 16:35:49,554 [INFO] ThirdParty:1030 - CMSIS Pack Vendor :STMicroelectronics FP-ATR-SIGFOX1 3.2.0
2024-11-05 16:35:49,554 [INFO] ThirdParty:1030 - CMSIS Pack Vendor :STMicroelectronics X-CUBE-ISPU 2.0.0
2024-11-05 16:35:49,555 [INFO] ThirdParty:1030 - CMSIS Pack Vendor :STMicroelectronics X-CUBE-EEPRMA1 5.1.0
2024-11-05 16:35:49,555 [INFO] ThirdParty:1030 - CMSIS Pack Vendor :STMicroelectronics MBEDTLS 2.16.2
2024-11-05 16:35:49,555 [INFO] ThirdParty:1030 - CMSIS Pack Vendor :STMicroelectronics X-CUBE-ALS 1.0.2
2024-11-05 16:35:49,555 [INFO] ThirdParty:1030 - CMSIS Pack Vendor :STMicroelectronics X-CUBE-MEMS1 10.0.0
2024-11-05 16:35:49,555 [INFO] ThirdParty:1030 - CMSIS Pack Vendor :STMicroelectronics X-CUBE-FREERTOS 1.1.0
2024-11-05 16:35:49,555 [INFO] ThirdParty:1030 - CMSIS Pack Vendor :STMicroelectronics X-CUBE-TOUCHGFX 4.24.1
2024-11-05 16:35:49,555 [INFO] ThirdParty:1030 - CMSIS Pack Vendor :wolfSSL I-CUBE-wolfTPM 3.4.0
2024-11-05 16:35:49,555 [INFO] ThirdParty:1030 - CMSIS Pack Vendor :portGmbH I-Cube-SoM-uGOAL 1.1.0
2024-11-05 16:35:49,555 [INFO] ThirdParty:1030 - CMSIS Pack Vendor :STMicroelectronics X-CUBE-ALS 1.0.1
2024-11-05 16:35:49,556 [INFO] ThirdParty:1030 - CMSIS Pack Vendor :STMicroelectronics ThreadX 1.0.0
2024-11-05 16:35:49,556 [INFO] ThirdParty:1030 - CMSIS Pack Vendor :STMicroelectronics X-CUBE-AZRTOS-WB 1.1.0
2024-11-05 16:35:49,556 [INFO] ThirdParty:1030 - CMSIS Pack Vendor :SEGGER I-CUBE-embOS 1.3.1
2024-11-05 16:35:49,556 [INFO] ThirdParty:1030 - CMSIS Pack Vendor :STMicroelectronics X-CUBE-ALGOBUILD 1.4.0
2024-11-05 16:35:49,556 [INFO] ThirdParty:1030 - CMSIS Pack Vendor :STMicroelectronics X-CUBE-AZRTOS-H7RS 1.0.0
2024-11-05 16:35:49,556 [INFO] ThirdParty:1030 - CMSIS Pack Vendor :STMicroelectronics FP-ATR-ASTRA1 2.0.0
2024-11-05 16:35:49,556 [INFO] ThirdParty:1030 - CMSIS Pack Vendor :STMicroelectronics X-CUBE-TOF1 3.4.2
2024-11-05 16:35:49,556 [INFO] ThirdParty:1030 - CMSIS Pack Vendor :STMicroelectronics X-CUBE-AI 9.1.0
2024-11-05 16:35:49,556 [INFO] ThirdParty:1030 - CMSIS Pack Vendor :STMicroelectronics X-CUBE-TOF1 3.4.0
2024-11-05 16:35:49,556 [INFO] ThirdParty:1030 - CMSIS Pack Vendor :STMicroelectronics X-CUBE-TOF1 3.4.1
2024-11-05 16:35:49,556 [INFO] ThirdParty:1030 - CMSIS Pack Vendor :STMicroelectronics X-CUBE-AZRTOS-H7 3.2.0
2024-11-05 16:35:49,556 [INFO] ThirdParty:1030 - CMSIS Pack Vendor :wolfSSL I-CUBE-wolfSSH 1.4.17
2024-11-05 16:35:49,557 [INFO] ThirdParty:841 - exiting critical section [change project]
2024-11-05 16:35:49,769 [INFO] PinOutPanel:1561 - setPackage(No Configuration,No Configuration)
2024-11-05 16:35:49,770 [INFO] PinOutPanel:1561 - setPackage(STM32F407VGTx,LQFP100)
2024-11-05 16:35:49,959 [INFO] UtilMem:75 - Before build in PCC Used Memory: 432619720 Bytes (958398464)
2024-11-05 16:35:50,134 [INFO] UtilMem:75 - After build in PCC Used Memory: 476659912 Bytes (958398464)
2024-11-05 16:35:50,165 [INFO] IPUIPlugin:80 - create IPUIPlugin
2024-11-05 16:35:50,165 [INFO] IPUIPlugin:80 - create IPUIPlugin
2024-11-05 16:35:50,166 [INFO] IPUIPlugin:80 - create IPUIPlugin
2024-11-05 16:35:50,166 [INFO] IPUIPlugin:80 - create IPUIPlugin
2024-11-05 16:35:50,166 [INFO] IPUIPlugin:80 - create IPUIPlugin
2024-11-05 16:35:50,166 [INFO] IPUIPlugin:80 - create IPUIPlugin
2024-11-05 16:35:50,166 [INFO] IPUIPlugin:80 - create IPUIPlugin
2024-11-05 16:35:50,166 [INFO] IPUIPlugin:80 - create IPUIPlugin
2024-11-05 16:35:50,166 [INFO] IPUIPlugin:80 - create IPUIPlugin
2024-11-05 16:35:50,166 [INFO] IPUIPlugin:80 - create IPUIPlugin
2024-11-05 16:35:50,166 [INFO] IPUIPlugin:80 - create IPUIPlugin
2024-11-05 16:35:50,166 [INFO] IPUIPlugin:80 - create IPUIPlugin
2024-11-05 16:35:50,166 [INFO] IPUIPlugin:80 - create IPUIPlugin
2024-11-05 16:35:50,167 [INFO] IPUIPlugin:80 - create IPUIPlugin
2024-11-05 16:35:50,167 [INFO] IPUIPlugin:80 - create IPUIPlugin
2024-11-05 16:35:50,167 [INFO] IPUIPlugin:80 - create IPUIPlugin
2024-11-05 16:35:50,167 [INFO] IPUIPlugin:80 - create IPUIPlugin
2024-11-05 16:35:50,167 [INFO] IPUIPlugin:80 - create IPUIPlugin
2024-11-05 16:35:50,167 [INFO] IPUIPlugin:80 - create IPUIPlugin
2024-11-05 16:35:50,167 [INFO] IPUIPlugin:80 - create IPUIPlugin
2024-11-05 16:35:50,168 [INFO] IPUIPlugin:80 - create IPUIPlugin
2024-11-05 16:35:50,168 [INFO] IPUIPlugin:80 - create IPUIPlugin
2024-11-05 16:35:50,168 [INFO] IPUIPlugin:80 - create IPUIPlugin
2024-11-05 16:35:50,168 [INFO] IPUIPlugin:80 - create IPUIPlugin
2024-11-05 16:35:50,168 [INFO] IPUIPlugin:80 - create IPUIPlugin
2024-11-05 16:35:50,168 [INFO] IPUIPlugin:80 - create IPUIPlugin
2024-11-05 16:35:50,168 [INFO] IPUIPlugin:80 - create IPUIPlugin
2024-11-05 16:35:50,169 [INFO] IPUIPlugin:80 - create IPUIPlugin
2024-11-05 16:35:50,169 [INFO] IPUIPlugin:80 - create IPUIPlugin
2024-11-05 16:35:50,169 [INFO] IPUIPlugin:80 - create IPUIPlugin
2024-11-05 16:35:50,169 [INFO] IPUIPlugin:80 - create IPUIPlugin
2024-11-05 16:35:50,170 [INFO] IPUIPlugin:80 - create IPUIPlugin
2024-11-05 16:35:50,170 [INFO] IPUIPlugin:80 - create IPUIPlugin
2024-11-05 16:35:50,170 [INFO] IPUIPlugin:80 - create IPUIPlugin
2024-11-05 16:35:50,171 [INFO] IPUIPlugin:80 - create IPUIPlugin
2024-11-05 16:35:50,171 [INFO] IPUIPlugin:80 - create IPUIPlugin
2024-11-05 16:35:50,171 [INFO] IPUIPlugin:80 - create IPUIPlugin
2024-11-05 16:35:50,172 [INFO] IPUIPlugin:80 - create IPUIPlugin
2024-11-05 16:35:50,172 [INFO] IPUIPlugin:80 - create IPUIPlugin
2024-11-05 16:35:50,173 [INFO] IPUIPlugin:80 - create IPUIPlugin
2024-11-05 16:35:50,174 [INFO] IPUIPlugin:80 - create IPUIPlugin
2024-11-05 16:35:50,174 [INFO] IPUIPlugin:80 - create IPUIPlugin
2024-11-05 16:35:50,174 [INFO] IPUIPlugin:80 - create IPUIPlugin
2024-11-05 16:35:50,175 [INFO] IPUIPlugin:80 - create IPUIPlugin
2024-11-05 16:35:50,175 [INFO] IPUIPlugin:80 - create IPUIPlugin
2024-11-05 16:35:50,175 [INFO] IPUIPlugin:80 - create IPUIPlugin
2024-11-05 16:35:50,175 [INFO] IPUIPlugin:80 - create IPUIPlugin
2024-11-05 16:35:50,176 [INFO] IPUIPlugin:80 - create IPUIPlugin
2024-11-05 16:35:50,177 [INFO] IPUIPlugin:80 - create IPUIPlugin
2024-11-05 16:35:50,177 [INFO] IPUIPlugin:80 - create IPUIPlugin
2024-11-05 16:35:50,178 [INFO] IPUIPlugin:80 - create IPUIPlugin
2024-11-05 16:35:50,179 [INFO] IPUIPlugin:80 - create IPUIPlugin
2024-11-05 16:35:50,179 [INFO] IPUIPlugin:80 - create IPUIPlugin
2024-11-05 16:35:50,179 [INFO] IPUIPlugin:80 - create IPUIPlugin
2024-11-05 16:35:50,180 [INFO] IPUIPlugin:80 - create IPUIPlugin
2024-11-05 16:35:50,180 [INFO] IPUIPlugin:80 - create IPUIPlugin
2024-11-05 16:35:50,181 [INFO] IPUIPlugin:80 - create IPUIPlugin
2024-11-05 16:35:50,182 [INFO] IPUIPlugin:80 - create IPUIPlugin
2024-11-05 16:35:50,186 [INFO] ApiDbMcu:508 - Load IP Config File for PDM2PCM
2024-11-05 16:35:50,248 [INFO] CADModel:165 - CPN selected for project levelSTM32F407VGT6
2024-11-05 16:35:50,248 [INFO] CADModel:114 - Register for checkConnection events
2024-11-05 16:35:50,286 [INFO] OpenFileManager:363 - Restore cursor
2024-11-05 16:45:58,285 [INFO] MainUpdater:2873 - connection check result : 10
2024-11-05 16:45:58,285 [INFO] MainUpdater:2873 - connection check result : 10
2024-11-05 16:45:58,302 [INFO] MicroXplorer:468 - Change Database Path : 
2024-11-05 16:45:58,302 [INFO] MicroXplorer:498 - Change Database Version : DB.6.0.121
2024-11-05 16:45:58,309 [ERROR] ProjectManagerView:394 - 
java.lang.NullPointerException: Cannot invoke "javax.swing.JTextField.getText()" because the return value of "java.util.List.get(int)" is null
	at com.st.microxplorer.plugins.projectmanager.gui.ProjectChoiceTab$10.caretUpdate(ProjectChoiceTab.java:2622) ~[filemanager.jar:?]
	at javax.swing.text.JTextComponent.fireCaretUpdate(JTextComponent.java:412) ~[?:?]
	at javax.swing.text.JTextComponent$MutableCaretEvent.fire(JTextComponent.java:4491) ~[?:?]
	at javax.swing.text.JTextComponent$MutableCaretEvent.stateChanged(JTextComponent.java:4513) ~[?:?]
	at javax.swing.text.DefaultCaret.fireStateChanged(DefaultCaret.java:842) ~[?:?]
	at javax.swing.text.DefaultCaret.changeCaretPosition(DefaultCaret.java:1313) ~[?:?]
	at javax.swing.text.DefaultCaret.handleSetDot(DefaultCaret.java:1212) ~[?:?]
	at javax.swing.text.DefaultCaret.setDot(DefaultCaret.java:1193) ~[?:?]
	at javax.swing.text.DefaultCaret$Handler.insertUpdate(DefaultCaret.java:1789) ~[?:?]
	at javax.swing.text.AbstractDocument.fireInsertUpdate(AbstractDocument.java:226) ~[?:?]
	at javax.swing.text.AbstractDocument.handleInsertString(AbstractDocument.java:780) ~[?:?]
	at javax.swing.text.AbstractDocument.insertString(AbstractDocument.java:739) ~[?:?]
	at javax.swing.text.PlainDocument.insertString(PlainDocument.java:131) ~[?:?]
	at javax.swing.text.AbstractDocument.replace(AbstractDocument.java:698) ~[?:?]
	at javax.swing.text.JTextComponent.setText(JTextComponent.java:1729) ~[?:?]
	at com.st.microxplorer.plugins.projectmanager.gui.ProjectChoiceTab.createHeapStackFields(ProjectChoiceTab.java:972) ~[filemanager.jar:?]
	at com.st.microxplorer.plugins.projectmanager.gui.ProjectChoiceTab.buildLinkSettingsPanel(ProjectChoiceTab.java:3597) ~[filemanager.jar:?]
	at com.st.microxplorer.plugins.projectmanager.gui.ProjectChoiceTab.defineWindowsFields(ProjectChoiceTab.java:1940) ~[filemanager.jar:?]
	at com.st.microxplorer.plugins.projectmanager.gui.ProjectChoiceTab.updateSettings(ProjectChoiceTab.java:550) ~[filemanager.jar:?]
	at com.st.microxplorer.plugins.projectmanager.gui.ProjectSettingsPanel.UpdateDialog(ProjectSettingsPanel.java:245) ~[filemanager.jar:?]
	at com.st.microxplorer.plugins.projectmanager.ProjectManagerView.propertyChange(ProjectManagerView.java:391) ~[filemanager.jar:?]
	at java.beans.PropertyChangeSupport.fire(PropertyChangeSupport.java:343) ~[?:?]
	at java.beans.PropertyChangeSupport.firePropertyChange(PropertyChangeSupport.java:335) ~[?:?]
	at java.beans.PropertyChangeSupport.firePropertyChange(PropertyChangeSupport.java:268) ~[?:?]
	at com.st.microxplorer.util.MXPropertyChangeSupport.firePropertyChange(MXPropertyChangeSupport.java:54) ~[STM32CubeMX.jar:?]
	at com.st.microxplorer.mxsystem.MxSystem.closeConfig(MxSystem.java:900) ~[STM32CubeMX.jar:?]
	at com.st.microxplorer.maingui.MainPanel.closeConfig(MainPanel.java:781) ~[STM32CubeMX.jar:?]
	at com.st.microxplorer.plugins.filemanager.engine.OpenFileManager.loadConfigurationFile(OpenFileManager.java:265) ~[filemanager.jar:?]
	at com.st.microxplorer.plugins.filemanager.engine.MainFileManager.userLoadConfig(MainFileManager.java:352) ~[filemanager.jar:?]
	at com.st.microxplorer.plugins.filemanager.engine.MainFileManager.userLoadConfig(MainFileManager.java:330) ~[filemanager.jar:?]
	at com.st.microxplorer.plugins.filemanager.FileManagerView.getSpecificTask(FileManagerView.java:246) ~[filemanager.jar:?]
	at com.st.stm32cube.common.mx.editor.CubeMxEditor.getMxTabbedPaneInstance(CubeMxEditor.java:1198) ~[com.st.stm32cube.common.mx_6.12.1.202409122256/:?]
	at com.st.stm32cube.common.mx.editor.CubeMxEditor$12$1.createSwingComponent(CubeMxEditor.java:1068) ~[com.st.stm32cube.common.mx_6.12.1.202409122256/:?]
	at com.st.stm32cube.common.mx.oss.core.awtswtbridge.EmbeddedSwingComposite.doComponentCreation(EmbeddedSwingComposite.java:492) ~[com.st.stm32cube.common.mx.oss_6.12.1.202409122256/:?]
	at com.st.stm32cube.common.mx.oss.core.awtswtbridge.EmbeddedSwingComposite$4.run(EmbeddedSwingComposite.java:291) ~[com.st.stm32cube.common.mx.oss_6.12.1.202409122256/:?]
	at com.st.stm32cube.common.mx.oss.core.awtswtbridge.AwtEnvironment$2.run(AwtEnvironment.java:166) ~[com.st.stm32cube.common.mx.oss_6.12.1.202409122256/:?]
	at java.awt.event.InvocationEvent.dispatch(InvocationEvent.java:318) ~[?:?]
	at java.awt.EventQueue.dispatchEventImpl(EventQueue.java:773) ~[?:?]
	at java.awt.EventQueue$4.run(EventQueue.java:720) ~[?:?]
	at java.awt.EventQueue$4.run(EventQueue.java:714) ~[?:?]
	at java.security.AccessController.doPrivileged(AccessController.java:399) ~[?:?]
	at java.security.ProtectionDomain$JavaSecurityAccessImpl.doIntersectionPrivilege(ProtectionDomain.java:86) ~[?:?]
	at java.awt.EventQueue.dispatchEvent(EventQueue.java:742) ~[?:?]
	at java.awt.EventDispatchThread.pumpOneEventForFilters(EventDispatchThread.java:203) ~[?:?]
	at java.awt.EventDispatchThread.pumpEventsForFilter(EventDispatchThread.java:124) ~[?:?]
	at java.awt.EventDispatchThread.pumpEventsForHierarchy(EventDispatchThread.java:113) ~[?:?]
	at java.awt.EventDispatchThread.pumpEvents(EventDispatchThread.java:109) ~[?:?]
	at java.awt.EventDispatchThread.pumpEvents(EventDispatchThread.java:101) ~[?:?]
	at java.awt.EventDispatchThread.run(EventDispatchThread.java:90) ~[?:?]
2024-11-05 16:45:58,310 [WARN] ThirdParty:871 - waiting for thirdparty lock release [close project]
2024-11-05 16:45:58,310 [INFO] ThirdParty:873 - entering critical section [close project]
2024-11-05 16:45:58,310 [INFO] ThirdParty:883 - exiting critical section [close project]
2024-11-05 16:45:58,310 [INFO] PinOutPanel:1561 - setPackage(No Configuration,No Configuration)
2024-11-05 16:45:58,317 [WARN] IpParametersView:151 - Warning: This peripheral hasn't parameters
2024-11-05 16:45:58,320 [WARN] MainPanel:284 - <html><b><center>Warning: This peripheral has no parameters to be configured<br></b></html>
2024-11-05 16:45:58,324 [INFO] UtilMem:75 - Begin LoadConfig() Used Memory: 595872872 Bytes (958398464)
2024-11-05 16:45:58,324 [INFO] MicroXplorer:468 - Change Database Path : 
2024-11-05 16:45:58,325 [INFO] MicroXplorer:498 - Change Database Version : DB.6.0.121
2024-11-05 16:45:58,325 [INFO] OpenFileManager:332 - Change cursor
2024-11-05 16:45:58,339 [INFO] Mcu:2032 - Initializing MCU STM32F407V(E-G)Tx STM32F407VGTx STM32F407VGT6
2024-11-05 16:45:59,779 [INFO] Context:742 - Trying to add GPIOservice into a context  which must be forbidden
2024-11-05 16:46:00,258 [INFO] RtosManager:555 - Registered RTOS mode: class=CMSIS, group=RTOS, mode=CMSIS_V1, owner=FREERTOS
2024-11-05 16:46:00,258 [INFO] RtosManager:555 - Registered RTOS mode: class=CMSIS, group=RTOS2, mode=CMSIS_V2, owner=FREERTOS
2024-11-05 16:46:00,258 [INFO] RtosManager:555 - Registered RTOS mode: class=RTOS, group=Core, mode=CMSIS_V1, owner=FREERTOS
2024-11-05 16:46:00,258 [INFO] RtosManager:555 - Registered RTOS mode: class=RTOS, group=Core, mode=CMSIS_V2, owner=FREERTOS
2024-11-05 16:46:00,258 [WARN] ModelIntegratedComponent:184 - Missing modes for component STMicroelectronics:FreeRTOS:0.0.1:STMicroelectronics:RTOS:FreeRTOS:Core:::10.2.0:
2024-11-05 16:46:00,260 [WARN] ModelIntegratedComponent:63 - No mode defined for component null
2024-11-05 16:46:00,260 [WARN] ModelIntegratedComponent:63 - No mode defined for component null
2024-11-05 16:46:00,260 [WARN] ModelIntegratedComponent:63 - No mode defined for component null
2024-11-05 16:46:00,260 [WARN] ModelIntegratedComponent:63 - No mode defined for component null
2024-11-05 16:46:00,260 [WARN] ModelIntegratedComponent:63 - No mode defined for component null
2024-11-05 16:46:00,260 [WARN] ModelIntegratedComponent:63 - No mode defined for component null
2024-11-05 16:46:00,260 [WARN] ModelIntegratedComponent:63 - No mode defined for component null
2024-11-05 16:46:00,260 [WARN] ModelIntegratedComponent:63 - No mode defined for component null
2024-11-05 16:46:00,260 [WARN] ModelIntegratedComponent:63 - No mode defined for component null
2024-11-05 16:46:00,260 [WARN] ModelIntegratedComponent:63 - No mode defined for component null
2024-11-05 16:46:00,260 [WARN] ModelIntegratedComponent:63 - No mode defined for component null
2024-11-05 16:46:00,260 [WARN] ModelIntegratedComponent:63 - No mode defined for component null
2024-11-05 16:46:00,260 [WARN] ModelIntegratedComponent:63 - No mode defined for component null
2024-11-05 16:46:00,260 [WARN] ModelIntegratedComponent:63 - No mode defined for component null
2024-11-05 16:46:00,260 [WARN] ModelIntegratedComponent:63 - No mode defined for component null
2024-11-05 16:46:00,260 [WARN] ModelIntegratedComponent:63 - No mode defined for component null
2024-11-05 16:46:00,260 [WARN] ModelIntegratedComponent:63 - No mode defined for component null
2024-11-05 16:46:00,260 [WARN] ModelIntegratedComponent:63 - No mode defined for component null
2024-11-05 16:46:00,260 [WARN] ModelIntegratedComponent:63 - No mode defined for component null
2024-11-05 16:46:00,260 [WARN] ModelIntegratedComponent:63 - No mode defined for component null
2024-11-05 16:46:00,260 [WARN] ModelIntegratedComponent:63 - No mode defined for component null
2024-11-05 16:46:00,260 [WARN] ModelIntegratedComponent:63 - No mode defined for component null
2024-11-05 16:46:00,260 [WARN] ModelIntegratedComponent:63 - No mode defined for component null
2024-11-05 16:46:00,260 [WARN] ModelIntegratedComponent:63 - No mode defined for component null
2024-11-05 16:46:00,260 [WARN] ModelIntegratedComponent:63 - No mode defined for component null
2024-11-05 16:46:00,260 [WARN] ModelIntegratedComponent:63 - No mode defined for component null
2024-11-05 16:46:00,261 [WARN] ModelIntegratedComponent:63 - No mode defined for component null
2024-11-05 16:46:00,261 [WARN] ModelIntegratedComponent:63 - No mode defined for component null
2024-11-05 16:46:00,261 [WARN] ModelIntegratedComponent:63 - No mode defined for component null
2024-11-05 16:46:00,261 [WARN] ModelIntegratedComponent:63 - No mode defined for component null
2024-11-05 16:46:00,261 [WARN] ModelIntegratedComponent:63 - No mode defined for component null
2024-11-05 16:46:00,261 [WARN] ModelIntegratedComponent:63 - No mode defined for component null
2024-11-05 16:46:00,261 [WARN] ModelIntegratedComponent:63 - No mode defined for component null
2024-11-05 16:46:00,261 [WARN] ModelIntegratedComponent:63 - No mode defined for component null
2024-11-05 16:46:00,261 [WARN] ModelIntegratedComponent:63 - No mode defined for component null
2024-11-05 16:46:00,261 [WARN] ModelPack:524 - Component already loaded: STMicroelectronics:HAL Drivers:0.0.0:STMicroelectronics:Device:STMicro_Driver:XSPI:HAL::0.0.1:HAL_XSPI
2024-11-05 16:46:00,370 [INFO] ThirdPartyModel:298 - Start build external matchings
2024-11-05 16:46:03,057 [INFO] ThirdPartyModel:316 - End build external matchings
2024-11-05 16:46:03,392 [INFO] UtilMem:75 - End LoadConfig() Used Memory: 419642992 Bytes (958398464)
2024-11-05 16:46:03,445 [WARN] ThirdParty:833 - waiting for thirdparty lock release [change project]
2024-11-05 16:46:03,445 [INFO] ThirdParty:835 - entering critical section [change project]
2024-11-05 16:46:03,446 [INFO] ThirdParty:1030 - CMSIS Pack Vendor :STMicroelectronics USBPD 4.1
2024-11-05 16:46:03,446 [INFO] ThirdParty:1030 - CMSIS Pack Vendor :STMicroelectronics X-CUBE-GNSS1 6.0.0
2024-11-05 16:46:03,446 [INFO] ThirdParty:1030 - CMSIS Pack Vendor :STMicroelectronics USB_HOST 2.0.0
2024-11-05 16:46:03,446 [INFO] ThirdParty:1030 - CMSIS Pack Vendor :STMicroelectronics FP-SNS-MOTENVWB1 1.4.0
2024-11-05 16:46:03,446 [INFO] ThirdParty:1030 - CMSIS Pack Vendor :STMicroelectronics X-CUBE-AZRTOS-F4 1.1.0
2024-11-05 16:46:03,446 [INFO] ThirdParty:1030 - CMSIS Pack Vendor :STMicroelectronics LIBJPEG 8.0.0
2024-11-05 16:46:03,446 [INFO] ThirdParty:1030 - CMSIS Pack Vendor :wolfSSL I-CUBE-wolfSSL 5.6.3
2024-11-05 16:46:03,446 [INFO] ThirdParty:1030 - CMSIS Pack Vendor :STMicroelectronics X-CUBE-SMBUS 2.1.0
2024-11-05 16:46:03,446 [INFO] ThirdParty:1030 - CMSIS Pack Vendor :STMicroelectronics X-CUBE-WB05N 1.1.0
2024-11-05 16:46:03,446 [INFO] ThirdParty:1030 - CMSIS Pack Vendor :STMicroelectronics X-CUBE-ISPU 2.1.0
2024-11-05 16:46:03,446 [INFO] ThirdParty:1030 - CMSIS Pack Vendor :STMicroelectronics X-CUBE-FREERTOS 1.2.0
2024-11-05 16:46:03,446 [INFO] ThirdParty:1030 - CMSIS Pack Vendor :STMicroelectronics X-CUBE-TOUCHGFX 4.23.0
2024-11-05 16:46:03,446 [INFO] ThirdParty:1030 - CMSIS Pack Vendor :STMicroelectronics X-CUBE-TOUCHGFX 4.23.2
2024-11-05 16:46:03,446 [INFO] ThirdParty:1030 - CMSIS Pack Vendor :STMicroelectronics X-CUBE-AZRTOS-F7 1.1.0
2024-11-05 16:46:03,446 [INFO] ThirdParty:1030 - CMSIS Pack Vendor :STMicroelectronics X-CUBE-AZRTOS-L5 2.0.0
2024-11-05 16:46:03,446 [INFO] ThirdParty:1030 - CMSIS Pack Vendor :STMicroelectronics USB_DEVICE 2.0.0
2024-11-05 16:46:03,446 [INFO] ThirdParty:1030 - CMSIS Pack Vendor :STMicroelectronics X-CUBE-MEMS1 9.6.0
2024-11-05 16:46:03,446 [INFO] ThirdParty:1030 - CMSIS Pack Vendor :STMicroelectronics X-CUBE-EEPRMA1 4.2.0
2024-11-05 16:46:03,446 [INFO] ThirdParty:1030 - CMSIS Pack Vendor :STMicroelectronics X-CUBE-NFC6 3.1.0
2024-11-05 16:46:03,446 [INFO] ThirdParty:1030 - CMSIS Pack Vendor :ITTIA_DB I-CUBE-ITTIADB 8.8.0
2024-11-05 16:46:03,446 [INFO] ThirdParty:1030 - CMSIS Pack Vendor :STMicroelectronics FP-SNS-MOTENV1 4.3.2
2024-11-05 16:46:03,446 [INFO] ThirdParty:1030 - CMSIS Pack Vendor :STMicroelectronics FP-SNS-FLIGHT1 5.0.1
2024-11-05 16:46:03,446 [INFO] ThirdParty:1030 - CMSIS Pack Vendor :STMicroelectronics X-CUBE-MEMS1 11.0.0
2024-11-05 16:46:03,446 [INFO] ThirdParty:1030 - CMSIS Pack Vendor :STMicroelectronics X-CUBE-BLE1 6.2.4
2024-11-05 16:46:03,446 [INFO] ThirdParty:1030 - CMSIS Pack Vendor :STMicroelectronics FreeRTOS 0.0.1
2024-11-05 16:46:03,446 [INFO] ThirdParty:1030 - CMSIS Pack Vendor :STMicroelectronics X-CUBE-BLEMGR 2.0.0
2024-11-05 16:46:03,447 [INFO] ThirdParty:1030 - CMSIS Pack Vendor :STMicroelectronics X-CUBE-DPower 1.2.0
2024-11-05 16:46:03,447 [INFO] ThirdParty:1030 - CMSIS Pack Vendor :STMicroelectronics FP-SNS-FLIGHT1 5.0.2
2024-11-05 16:46:03,447 [INFO] ThirdParty:1030 - CMSIS Pack Vendor :STMicroelectronics X-CUBE-AI 9.0.0
2024-11-05 16:46:03,447 [INFO] ThirdParty:1030 - CMSIS Pack Vendor :STMicroelectronics X-CUBE-AZRTOS-H7 3.1.0
2024-11-05 16:46:03,447 [INFO] ThirdParty:1030 - CMSIS Pack Vendor :STMicroelectronics PDM2PCM 3.3.0
2024-11-05 16:46:03,447 [INFO] ThirdParty:1030 - CMSIS Pack Vendor :STMicroelectronics X-CUBE-DISPLAY 3.0.0
2024-11-05 16:46:03,447 [INFO] ThirdParty:1030 - CMSIS Pack Vendor :STMicroelectronics X-CUBE-BLE1 7.0.0
2024-11-05 16:46:03,447 [INFO] ThirdParty:1030 - CMSIS Pack Vendor :STMicroelectronics X-CUBE-NFC10 1.0.0
2024-11-05 16:46:03,447 [INFO] ThirdParty:1030 - CMSIS Pack Vendor :STMicroelectronics HAL Drivers 0.0.0
2024-11-05 16:46:03,447 [INFO] ThirdParty:1030 - CMSIS Pack Vendor :emotas I-CUBE-CANOPEN 1.3.0
2024-11-05 16:46:03,447 [INFO] ThirdParty:1030 - CMSIS Pack Vendor :STMicroelectronics X-CUBE-TOUCHGFX 4.22.0
2024-11-05 16:46:03,447 [INFO] ThirdParty:1030 - CMSIS Pack Vendor :STMicroelectronics X-CUBE-NFC7 1.0.1
2024-11-05 16:46:03,447 [INFO] ThirdParty:1030 - CMSIS Pack Vendor :STMicroelectronics MBEDTLS 2.14.1
2024-11-05 16:46:03,447 [INFO] ThirdParty:1030 - CMSIS Pack Vendor :STMicroelectronics X-CUBE-TOUCHGFX 4.22.1
2024-11-05 16:46:03,447 [INFO] ThirdParty:1030 - CMSIS Pack Vendor :STMicroelectronics X-CUBE-NFC6 3.0.0
2024-11-05 16:46:03,447 [INFO] ThirdParty:1030 - CMSIS Pack Vendor :STMicroelectronics X-CUBE-EEPRMA1 4.1.0
2024-11-05 16:46:03,447 [INFO] ThirdParty:1030 - CMSIS Pack Vendor :STMicroelectronics X-CUBE-BLEMGR 3.1.0
2024-11-05 16:46:03,447 [INFO] ThirdParty:1030 - CMSIS Pack Vendor :STMicroelectronics FP-SNS-SMARTAG2 1.2.0
2024-11-05 16:46:03,447 [INFO] ThirdParty:1030 - CMSIS Pack Vendor :STMicroelectronics X-CUBE-AZRTOS-WL 2.0.0
2024-11-05 16:46:03,447 [INFO] ThirdParty:1030 - CMSIS Pack Vendor :STMicroelectronics FP-SNS-MOTENV1 5.0.0
2024-11-05 16:46:03,447 [INFO] ThirdParty:1030 - CMSIS Pack Vendor :STMicroelectronics USB_DEVICE 1.0.0
2024-11-05 16:46:03,448 [INFO] ThirdParty:1030 - CMSIS Pack Vendor :STMicroelectronics X-CUBE-AI 8.1.0
2024-11-05 16:46:03,448 [INFO] ThirdParty:1030 - CMSIS Pack Vendor :wolfSSL I-CUBE-wolfMQTT 1.19.0
2024-11-05 16:46:03,448 [INFO] ThirdParty:1030 - CMSIS Pack Vendor :STMicroelectronics X-CUBE-AZRTOS-L4 2.0.0
2024-11-05 16:46:03,448 [INFO] ThirdParty:1030 - CMSIS Pack Vendor :STMicroelectronics ThreadX 0.0.2
2024-11-05 16:46:03,448 [INFO] ThirdParty:1030 - CMSIS Pack Vendor :WES I-CUBE-Cesium 1.3.0
2024-11-05 16:46:03,448 [INFO] ThirdParty:1030 - CMSIS Pack Vendor :STMicroelectronics lwIP 2.1.2
2024-11-05 16:46:03,448 [INFO] ThirdParty:1030 - CMSIS Pack Vendor :STMicroelectronics X-CUBE-SFXS2LP1 4.0.0
2024-11-05 16:46:03,448 [INFO] ThirdParty:1030 - CMSIS Pack Vendor :STMicroelectronics X-CUBE-BLE2 3.3.0
2024-11-05 16:46:03,448 [INFO] ThirdParty:1030 - CMSIS Pack Vendor :STMicroelectronics PDM2PCM 3.2.0
2024-11-05 16:46:03,448 [INFO] ThirdParty:1030 - CMSIS Pack Vendor :STMicroelectronics X-CUBE-ISPU 1.1.0
2024-11-05 16:46:03,448 [INFO] ThirdParty:1030 - CMSIS Pack Vendor :STMicroelectronics X-CUBE-AZRTOS-H7 3.3.0
2024-11-05 16:46:03,448 [INFO] ThirdParty:1030 - CMSIS Pack Vendor :STMicroelectronics X-CUBE-NFC9 1.0.0
2024-11-05 16:46:03,448 [INFO] ThirdParty:1030 - CMSIS Pack Vendor :STMicroelectronics USB_DEVICE 3.0.0
2024-11-05 16:46:03,448 [INFO] ThirdParty:1030 - CMSIS Pack Vendor :STMicroelectronics X-CUBE-TCPP 4.1.0
2024-11-05 16:46:03,449 [INFO] ThirdParty:1030 - CMSIS Pack Vendor :STMicroelectronics X-CUBE-IPS 3.0.0
2024-11-05 16:46:03,449 [INFO] ThirdParty:1030 - CMSIS Pack Vendor :STMicroelectronics X-CUBE-AZRTOS-WB 2.0.0
2024-11-05 16:46:03,449 [INFO] ThirdParty:1030 - CMSIS Pack Vendor :STMicroelectronics X-CUBE-FREERTOS 1.0.1
2024-11-05 16:46:03,449 [INFO] ThirdParty:1030 - CMSIS Pack Vendor :STMicroelectronics X-CUBE-GNSS1 7.0.0
2024-11-05 16:46:03,449 [INFO] ThirdParty:1030 - CMSIS Pack Vendor :STMicroelectronics FP-SNS-STBOX1 2.0.0
2024-11-05 16:46:03,449 [INFO] ThirdParty:1030 - CMSIS Pack Vendor :STMicroelectronics X-CUBE-ALGOBUILD 1.3.0
2024-11-05 16:46:03,449 [INFO] ThirdParty:1030 - CMSIS Pack Vendor :STMicroelectronics X-CUBE-AZRTOS-L5 1.1.0
2024-11-05 16:46:03,449 [INFO] ThirdParty:1030 - CMSIS Pack Vendor :STMicroelectronics X-CUBE-AZRTOS-G0 1.1.0
2024-11-05 16:46:03,449 [INFO] ThirdParty:1030 - CMSIS Pack Vendor :STMicroelectronics X-CUBE-AI 8.0.1
2024-11-05 16:46:03,449 [INFO] ThirdParty:1030 - CMSIS Pack Vendor :STMicroelectronics X-CUBE-SAFEA1 1.2.2
2024-11-05 16:46:03,449 [INFO] ThirdParty:1030 - CMSIS Pack Vendor :STMicroelectronics X-CUBE-NFC4 3.0.0
2024-11-05 16:46:03,449 [INFO] ThirdParty:1030 - CMSIS Pack Vendor :STMicroelectronics X-CUBE-SUBG2 5.0.0
2024-11-05 16:46:03,449 [INFO] ThirdParty:1030 - CMSIS Pack Vendor :STMicroelectronics STM32_WPAN 1.0.0
2024-11-05 16:46:03,449 [INFO] ThirdParty:1030 - CMSIS Pack Vendor :wolfSSL I-CUBE-wolfMQTT 1.18.0
2024-11-05 16:46:03,450 [INFO] ThirdParty:1030 - CMSIS Pack Vendor :EmbeddedOffice I-CUBE-FS-RTOS 1.0.1
2024-11-05 16:46:03,450 [INFO] ThirdParty:1030 - CMSIS Pack Vendor :STMicroelectronics lwIP 2.0.3
2024-11-05 16:46:03,450 [INFO] ThirdParty:1030 - CMSIS Pack Vendor :Cesanta I-CUBE-Mongoose 7.13.0
2024-11-05 16:46:03,450 [INFO] ThirdParty:1030 - CMSIS Pack Vendor :STMicroelectronics USB_HOST 1.0.0
2024-11-05 16:46:03,450 [INFO] ThirdParty:1030 - CMSIS Pack Vendor :STMicroelectronics X-CUBE-TOF1 3.3.1
2024-11-05 16:46:03,450 [INFO] ThirdParty:1030 - CMSIS Pack Vendor :STMicroelectronics X-CUBE-AZRTOS-G4 2.0.0
2024-11-05 16:46:03,450 [INFO] ThirdParty:1030 - CMSIS Pack Vendor :STMicroelectronics PDM2PCM 3.1.0
2024-11-05 16:46:03,450 [INFO] ThirdParty:1030 - CMSIS Pack Vendor :Infineon AIROC-Wi-Fi-Bluetooth-STM32 1.5.1
2024-11-05 16:46:03,450 [INFO] ThirdParty:1030 - CMSIS Pack Vendor :STMicroelectronics X-CUBE-BLEMGR 3.0.0
2024-11-05 16:46:03,450 [INFO] ThirdParty:1030 - CMSIS Pack Vendor :STMicroelectronics FP-SNS-MOTENVWB1 1.3.0
2024-11-05 16:46:03,450 [INFO] ThirdParty:1030 - CMSIS Pack Vendor :RealThread X-CUBE-RT-Thread_Nano 4.1.1
2024-11-05 16:46:03,450 [INFO] ThirdParty:1030 - CMSIS Pack Vendor :STMicroelectronics FP-SNS-MOTENVWB1 1.3.1
2024-11-05 16:46:03,451 [INFO] ThirdParty:1030 - CMSIS Pack Vendor :STMicroelectronics FP-ATR-SIGFOX1 3.2.0
2024-11-05 16:46:03,451 [INFO] ThirdParty:1030 - CMSIS Pack Vendor :STMicroelectronics X-CUBE-ISPU 2.0.0
2024-11-05 16:46:03,451 [INFO] ThirdParty:1030 - CMSIS Pack Vendor :STMicroelectronics X-CUBE-EEPRMA1 5.1.0
2024-11-05 16:46:03,451 [INFO] ThirdParty:1030 - CMSIS Pack Vendor :STMicroelectronics MBEDTLS 2.16.2
2024-11-05 16:46:03,451 [INFO] ThirdParty:1030 - CMSIS Pack Vendor :STMicroelectronics X-CUBE-ALS 1.0.2
2024-11-05 16:46:03,451 [INFO] ThirdParty:1030 - CMSIS Pack Vendor :STMicroelectronics X-CUBE-MEMS1 10.0.0
2024-11-05 16:46:03,451 [INFO] ThirdParty:1030 - CMSIS Pack Vendor :STMicroelectronics X-CUBE-FREERTOS 1.1.0
2024-11-05 16:46:03,451 [INFO] ThirdParty:1030 - CMSIS Pack Vendor :STMicroelectronics X-CUBE-TOUCHGFX 4.24.1
2024-11-05 16:46:03,451 [INFO] ThirdParty:1030 - CMSIS Pack Vendor :wolfSSL I-CUBE-wolfTPM 3.4.0
2024-11-05 16:46:03,451 [INFO] ThirdParty:1030 - CMSIS Pack Vendor :portGmbH I-Cube-SoM-uGOAL 1.1.0
2024-11-05 16:46:03,451 [INFO] ThirdParty:1030 - CMSIS Pack Vendor :STMicroelectronics X-CUBE-ALS 1.0.1
2024-11-05 16:46:03,451 [INFO] ThirdParty:1030 - CMSIS Pack Vendor :STMicroelectronics ThreadX 1.0.0
2024-11-05 16:46:03,451 [INFO] ThirdParty:1030 - CMSIS Pack Vendor :STMicroelectronics X-CUBE-AZRTOS-WB 1.1.0
2024-11-05 16:46:03,451 [INFO] ThirdParty:1030 - CMSIS Pack Vendor :SEGGER I-CUBE-embOS 1.3.1
2024-11-05 16:46:03,451 [INFO] ThirdParty:1030 - CMSIS Pack Vendor :STMicroelectronics X-CUBE-ALGOBUILD 1.4.0
2024-11-05 16:46:03,452 [INFO] ThirdParty:1030 - CMSIS Pack Vendor :STMicroelectronics X-CUBE-AZRTOS-H7RS 1.0.0
2024-11-05 16:46:03,452 [INFO] ThirdParty:1030 - CMSIS Pack Vendor :STMicroelectronics FP-ATR-ASTRA1 2.0.0
2024-11-05 16:46:03,452 [INFO] ThirdParty:1030 - CMSIS Pack Vendor :STMicroelectronics X-CUBE-TOF1 3.4.2
2024-11-05 16:46:03,452 [INFO] ThirdParty:1030 - CMSIS Pack Vendor :STMicroelectronics X-CUBE-AI 9.1.0
2024-11-05 16:46:03,452 [INFO] ThirdParty:1030 - CMSIS Pack Vendor :STMicroelectronics X-CUBE-TOF1 3.4.0
2024-11-05 16:46:03,452 [INFO] ThirdParty:1030 - CMSIS Pack Vendor :STMicroelectronics X-CUBE-TOF1 3.4.1
2024-11-05 16:46:03,452 [INFO] ThirdParty:1030 - CMSIS Pack Vendor :STMicroelectronics X-CUBE-AZRTOS-H7 3.2.0
2024-11-05 16:46:03,452 [INFO] ThirdParty:1030 - CMSIS Pack Vendor :wolfSSL I-CUBE-wolfSSH 1.4.17
2024-11-05 16:46:03,452 [INFO] ThirdParty:841 - exiting critical section [change project]
2024-11-05 16:46:03,665 [INFO] PinOutPanel:1561 - setPackage(No Configuration,No Configuration)
2024-11-05 16:46:03,666 [INFO] PinOutPanel:1561 - setPackage(STM32F407VGTx,LQFP100)
2024-11-05 16:46:03,811 [INFO] UtilMem:75 - Before build in PCC Used Memory: 571094840 Bytes (958398464)
2024-11-05 16:46:03,962 [INFO] UtilMem:75 - After build in PCC Used Memory: 615135032 Bytes (958398464)
2024-11-05 16:46:03,986 [INFO] IPUIPlugin:80 - create IPUIPlugin
2024-11-05 16:46:03,987 [INFO] IPUIPlugin:80 - create IPUIPlugin
2024-11-05 16:46:03,987 [INFO] IPUIPlugin:80 - create IPUIPlugin
2024-11-05 16:46:03,987 [INFO] IPUIPlugin:80 - create IPUIPlugin
2024-11-05 16:46:03,987 [INFO] IPUIPlugin:80 - create IPUIPlugin
2024-11-05 16:46:03,987 [INFO] IPUIPlugin:80 - create IPUIPlugin
2024-11-05 16:46:03,987 [INFO] IPUIPlugin:80 - create IPUIPlugin
2024-11-05 16:46:03,987 [INFO] IPUIPlugin:80 - create IPUIPlugin
2024-11-05 16:46:03,987 [INFO] IPUIPlugin:80 - create IPUIPlugin
2024-11-05 16:46:03,987 [INFO] IPUIPlugin:80 - create IPUIPlugin
2024-11-05 16:46:03,987 [INFO] IPUIPlugin:80 - create IPUIPlugin
2024-11-05 16:46:03,988 [INFO] IPUIPlugin:80 - create IPUIPlugin
2024-11-05 16:46:03,988 [INFO] IPUIPlugin:80 - create IPUIPlugin
2024-11-05 16:46:03,988 [INFO] IPUIPlugin:80 - create IPUIPlugin
2024-11-05 16:46:03,988 [INFO] IPUIPlugin:80 - create IPUIPlugin
2024-11-05 16:46:03,988 [INFO] IPUIPlugin:80 - create IPUIPlugin
2024-11-05 16:46:03,989 [INFO] IPUIPlugin:80 - create IPUIPlugin
2024-11-05 16:46:03,989 [INFO] IPUIPlugin:80 - create IPUIPlugin
2024-11-05 16:46:03,989 [INFO] IPUIPlugin:80 - create IPUIPlugin
2024-11-05 16:46:03,989 [INFO] IPUIPlugin:80 - create IPUIPlugin
2024-11-05 16:46:03,990 [INFO] IPUIPlugin:80 - create IPUIPlugin
2024-11-05 16:46:03,990 [INFO] IPUIPlugin:80 - create IPUIPlugin
2024-11-05 16:46:03,990 [INFO] IPUIPlugin:80 - create IPUIPlugin
2024-11-05 16:46:03,990 [INFO] IPUIPlugin:80 - create IPUIPlugin
2024-11-05 16:46:03,990 [INFO] IPUIPlugin:80 - create IPUIPlugin
2024-11-05 16:46:03,991 [INFO] IPUIPlugin:80 - create IPUIPlugin
2024-11-05 16:46:03,991 [INFO] IPUIPlugin:80 - create IPUIPlugin
2024-11-05 16:46:03,991 [INFO] IPUIPlugin:80 - create IPUIPlugin
2024-11-05 16:46:03,991 [INFO] IPUIPlugin:80 - create IPUIPlugin
2024-11-05 16:46:03,991 [INFO] IPUIPlugin:80 - create IPUIPlugin
2024-11-05 16:46:03,992 [INFO] IPUIPlugin:80 - create IPUIPlugin
2024-11-05 16:46:03,992 [INFO] IPUIPlugin:80 - create IPUIPlugin
2024-11-05 16:46:03,992 [INFO] IPUIPlugin:80 - create IPUIPlugin
2024-11-05 16:46:03,992 [INFO] IPUIPlugin:80 - create IPUIPlugin
2024-11-05 16:46:03,992 [INFO] IPUIPlugin:80 - create IPUIPlugin
2024-11-05 16:46:03,993 [INFO] IPUIPlugin:80 - create IPUIPlugin
2024-11-05 16:46:03,993 [INFO] IPUIPlugin:80 - create IPUIPlugin
2024-11-05 16:46:03,993 [INFO] IPUIPlugin:80 - create IPUIPlugin
2024-11-05 16:46:03,993 [INFO] IPUIPlugin:80 - create IPUIPlugin
2024-11-05 16:46:03,994 [INFO] IPUIPlugin:80 - create IPUIPlugin
2024-11-05 16:46:03,994 [INFO] IPUIPlugin:80 - create IPUIPlugin
2024-11-05 16:46:03,994 [INFO] IPUIPlugin:80 - create IPUIPlugin
2024-11-05 16:46:03,994 [INFO] IPUIPlugin:80 - create IPUIPlugin
2024-11-05 16:46:03,994 [INFO] IPUIPlugin:80 - create IPUIPlugin
2024-11-05 16:46:03,995 [INFO] IPUIPlugin:80 - create IPUIPlugin
2024-11-05 16:46:03,995 [INFO] IPUIPlugin:80 - create IPUIPlugin
2024-11-05 16:46:03,995 [INFO] IPUIPlugin:80 - create IPUIPlugin
2024-11-05 16:46:03,995 [INFO] IPUIPlugin:80 - create IPUIPlugin
2024-11-05 16:46:03,996 [INFO] IPUIPlugin:80 - create IPUIPlugin
2024-11-05 16:46:03,996 [INFO] IPUIPlugin:80 - create IPUIPlugin
2024-11-05 16:46:03,997 [INFO] IPUIPlugin:80 - create IPUIPlugin
2024-11-05 16:46:03,997 [INFO] IPUIPlugin:80 - create IPUIPlugin
2024-11-05 16:46:03,997 [INFO] IPUIPlugin:80 - create IPUIPlugin
2024-11-05 16:46:03,998 [INFO] IPUIPlugin:80 - create IPUIPlugin
2024-11-05 16:46:03,998 [INFO] IPUIPlugin:80 - create IPUIPlugin
2024-11-05 16:46:03,999 [INFO] IPUIPlugin:80 - create IPUIPlugin
2024-11-05 16:46:03,999 [INFO] IPUIPlugin:80 - create IPUIPlugin
2024-11-05 16:46:04,000 [INFO] IPUIPlugin:80 - create IPUIPlugin
2024-11-05 16:46:04,003 [INFO] ApiDbMcu:508 - Load IP Config File for PDM2PCM
2024-11-05 16:46:04,051 [INFO] CADModel:165 - CPN selected for project levelSTM32F407VGT6
2024-11-05 16:46:04,051 [INFO] CADModel:114 - Register for checkConnection events
2024-11-05 16:46:04,119 [INFO] OpenFileManager:363 - Restore cursor
2024-11-05 21:21:27,993 [INFO] WebApp:189 - Connection lost
2024-11-05 21:21:41,647 [ERROR] LogOutputStream:75 - [STDERR_REDIRECT] 21:21:41.643 ERROR Chromium process exit code: -2,147,483,645
2024-11-05 21:21:41,648 [ERROR] LogOutputStream:75 - [STDERR_REDIRECT] 
2024-11-05 21:21:41,651 [ERROR] LogOutputStream:75 - [STDERR_REDIRECT] 21:21:41.648 ERROR Crash dump dir: C:\Users\hsuankai.chang\AppData\Local\JxBrowser\7.38.2\CrashReports
2024-11-05 21:21:41,651 [ERROR] LogOutputStream:75 - [STDERR_REDIRECT] 
2024-11-05 21:21:41,654 [ERROR] WebApp:397 - JxBrowser engine crashed! Exit code: -2147483645
2024-11-05 21:39:41,359 [INFO] MainUpdater:2873 - connection check result : 10
2024-11-05 21:39:41,470 [INFO] McuFinderGlobals:76 - Set McuFinderConnectedMode to true
2024-11-05 21:39:41,471 [INFO] MultiScanPanel:200 - Auto-refresh data requested => check proxy status ongoing
2024-11-05 21:39:41,472 [INFO] FinderPluginLoader:95 - Searching for filters in installed packs
2024-11-05 21:39:42,344 [INFO] LoadUrlFilesThread:185 - End of LoadServerUrlFiles without Thread
2024-11-05 21:39:42,344 [INFO] DetailPanel:341 - Set advertising image to C:/Users/hsuankai.chang/STM32Cube/Repository/\en.prom-stm32c071-usb-memories-mcu-finder.png
2024-11-05 21:39:51,207 [INFO] MultiScanPanel:200 - Auto-refresh data requested => check proxy status ongoing
2024-11-05 21:39:51,266 [INFO] LoadUrlFilesThread:185 - End of LoadServerUrlFiles without Thread
2024-11-05 21:39:51,266 [INFO] DetailPanel:341 - Set advertising image to C:/Users/hsuankai.chang/STM32Cube/Repository/\en.prom-stm32c071-usb-memories-mcu-finder.png
2024-11-05 21:40:31,423 [INFO] MainUpdater:2873 - connection check result : 10
2024-11-05 21:40:31,423 [INFO] MainUpdater:2873 - connection check result : 10
2024-11-05 21:40:31,441 [INFO] MicroXplorer:468 - Change Database Path : 
2024-11-05 21:40:31,441 [INFO] MicroXplorer:498 - Change Database Version : DB.6.0.121
2024-11-05 21:40:31,451 [ERROR] ProjectManagerView:394 - 
java.lang.NullPointerException: Cannot invoke "javax.swing.JTextField.getText()" because the return value of "java.util.List.get(int)" is null
	at com.st.microxplorer.plugins.projectmanager.gui.ProjectChoiceTab$10.caretUpdate(ProjectChoiceTab.java:2622) ~[filemanager.jar:?]
	at javax.swing.text.JTextComponent.fireCaretUpdate(JTextComponent.java:412) ~[?:?]
	at javax.swing.text.JTextComponent$MutableCaretEvent.fire(JTextComponent.java:4491) ~[?:?]
	at javax.swing.text.JTextComponent$MutableCaretEvent.stateChanged(JTextComponent.java:4513) ~[?:?]
	at javax.swing.text.DefaultCaret.fireStateChanged(DefaultCaret.java:842) ~[?:?]
	at javax.swing.text.DefaultCaret.changeCaretPosition(DefaultCaret.java:1313) ~[?:?]
	at javax.swing.text.DefaultCaret.handleSetDot(DefaultCaret.java:1212) ~[?:?]
	at javax.swing.text.DefaultCaret.setDot(DefaultCaret.java:1193) ~[?:?]
	at javax.swing.text.DefaultCaret$Handler.insertUpdate(DefaultCaret.java:1789) ~[?:?]
	at javax.swing.text.AbstractDocument.fireInsertUpdate(AbstractDocument.java:226) ~[?:?]
	at javax.swing.text.AbstractDocument.handleInsertString(AbstractDocument.java:780) ~[?:?]
	at javax.swing.text.AbstractDocument.insertString(AbstractDocument.java:739) ~[?:?]
	at javax.swing.text.PlainDocument.insertString(PlainDocument.java:131) ~[?:?]
	at javax.swing.text.AbstractDocument.replace(AbstractDocument.java:698) ~[?:?]
	at javax.swing.text.JTextComponent.setText(JTextComponent.java:1729) ~[?:?]
	at com.st.microxplorer.plugins.projectmanager.gui.ProjectChoiceTab.createHeapStackFields(ProjectChoiceTab.java:972) ~[filemanager.jar:?]
	at com.st.microxplorer.plugins.projectmanager.gui.ProjectChoiceTab.buildLinkSettingsPanel(ProjectChoiceTab.java:3597) ~[filemanager.jar:?]
	at com.st.microxplorer.plugins.projectmanager.gui.ProjectChoiceTab.defineWindowsFields(ProjectChoiceTab.java:1940) ~[filemanager.jar:?]
	at com.st.microxplorer.plugins.projectmanager.gui.ProjectChoiceTab.updateSettings(ProjectChoiceTab.java:550) ~[filemanager.jar:?]
	at com.st.microxplorer.plugins.projectmanager.gui.ProjectSettingsPanel.UpdateDialog(ProjectSettingsPanel.java:245) ~[filemanager.jar:?]
	at com.st.microxplorer.plugins.projectmanager.ProjectManagerView.propertyChange(ProjectManagerView.java:391) ~[filemanager.jar:?]
	at java.beans.PropertyChangeSupport.fire(PropertyChangeSupport.java:343) ~[?:?]
	at java.beans.PropertyChangeSupport.firePropertyChange(PropertyChangeSupport.java:335) ~[?:?]
	at java.beans.PropertyChangeSupport.firePropertyChange(PropertyChangeSupport.java:268) ~[?:?]
	at com.st.microxplorer.util.MXPropertyChangeSupport.firePropertyChange(MXPropertyChangeSupport.java:54) ~[STM32CubeMX.jar:?]
	at com.st.microxplorer.mxsystem.MxSystem.closeConfig(MxSystem.java:900) ~[STM32CubeMX.jar:?]
	at com.st.microxplorer.maingui.MainPanel.closeConfig(MainPanel.java:781) ~[STM32CubeMX.jar:?]
	at com.st.microxplorer.plugins.filemanager.engine.OpenFileManager.loadConfigurationFile(OpenFileManager.java:265) ~[filemanager.jar:?]
	at com.st.microxplorer.plugins.filemanager.engine.MainFileManager.userLoadConfig(MainFileManager.java:352) ~[filemanager.jar:?]
	at com.st.microxplorer.plugins.filemanager.FileManagerView.getSpecificTask(FileManagerView.java:250) ~[filemanager.jar:?]
	at com.st.stm32cube.common.mx.editor.CubeMxEditor.getMxTabbedPaneInstance(CubeMxEditor.java:1191) ~[com.st.stm32cube.common.mx_6.12.1.202409122256/:?]
	at com.st.stm32cube.common.mx.editor.CubeMxEditor$12$1.createSwingComponent(CubeMxEditor.java:1068) ~[com.st.stm32cube.common.mx_6.12.1.202409122256/:?]
	at com.st.stm32cube.common.mx.oss.core.awtswtbridge.EmbeddedSwingComposite.doComponentCreation(EmbeddedSwingComposite.java:492) ~[com.st.stm32cube.common.mx.oss_6.12.1.202409122256/:?]
	at com.st.stm32cube.common.mx.oss.core.awtswtbridge.EmbeddedSwingComposite$4.run(EmbeddedSwingComposite.java:291) ~[com.st.stm32cube.common.mx.oss_6.12.1.202409122256/:?]
	at com.st.stm32cube.common.mx.oss.core.awtswtbridge.AwtEnvironment$2.run(AwtEnvironment.java:166) ~[com.st.stm32cube.common.mx.oss_6.12.1.202409122256/:?]
	at java.awt.event.InvocationEvent.dispatch(InvocationEvent.java:318) ~[?:?]
	at java.awt.EventQueue.dispatchEventImpl(EventQueue.java:773) ~[?:?]
	at java.awt.EventQueue$4.run(EventQueue.java:720) ~[?:?]
	at java.awt.EventQueue$4.run(EventQueue.java:714) ~[?:?]
	at java.security.AccessController.doPrivileged(AccessController.java:399) ~[?:?]
	at java.security.ProtectionDomain$JavaSecurityAccessImpl.doIntersectionPrivilege(ProtectionDomain.java:86) ~[?:?]
	at java.awt.EventQueue.dispatchEvent(EventQueue.java:742) ~[?:?]
	at java.awt.EventDispatchThread.pumpOneEventForFilters(EventDispatchThread.java:203) ~[?:?]
	at java.awt.EventDispatchThread.pumpEventsForFilter(EventDispatchThread.java:124) ~[?:?]
	at java.awt.EventDispatchThread.pumpEventsForHierarchy(EventDispatchThread.java:113) ~[?:?]
	at java.awt.EventDispatchThread.pumpEvents(EventDispatchThread.java:109) ~[?:?]
	at java.awt.EventDispatchThread.pumpEvents(EventDispatchThread.java:101) ~[?:?]
	at java.awt.EventDispatchThread.run(EventDispatchThread.java:90) ~[?:?]
2024-11-05 21:40:31,453 [WARN] ThirdParty:871 - waiting for thirdparty lock release [close project]
2024-11-05 21:40:31,453 [INFO] ThirdParty:873 - entering critical section [close project]
2024-11-05 21:40:31,453 [INFO] ThirdParty:883 - exiting critical section [close project]
2024-11-05 21:40:31,455 [INFO] PinOutPanel:1561 - setPackage(No Configuration,No Configuration)
2024-11-05 21:40:31,462 [WARN] IpParametersView:151 - Warning: This peripheral hasn't parameters
2024-11-05 21:40:31,467 [WARN] MainPanel:284 - <html><b><center>Warning: This peripheral has no parameters to be configured<br></b></html>
2024-11-05 21:40:31,471 [INFO] UtilMem:75 - Begin LoadConfig() Used Memory: 668173512 Bytes (958398464)
2024-11-05 21:40:31,472 [INFO] OpenFileManager:332 - Change cursor
2024-11-05 21:40:31,488 [INFO] ProjectFactory:442 - No CPN specified for board STM32F407G-DISC1 => set CPN to STM32F407VGT6
2024-11-05 21:40:31,488 [INFO] Mcu:2032 - Initializing MCU STM32F407V(E-G)Tx STM32F407VGTx STM32F407VGT6
2024-11-05 21:40:32,877 [INFO] Context:742 - Trying to add GPIOservice into a context  which must be forbidden
2024-11-05 21:40:33,089 [INFO] Rule:228 - rule 117617 - U5Cobra4M][GTZC] default value MPCBB3 and MPCBB5 - Not Secured memory - MPCBB1 is applicable
2024-11-05 21:40:33,089 [INFO] Rule:228 - rule 117617 - U5Cobra4M][GTZC] default value MPCBB3 and MPCBB5 - Not Secured memory - MPCBB1 is applicable
2024-11-05 21:40:33,089 [INFO] Rule:228 - rule 117617 - U5Cobra4M][GTZC] default value MPCBB3 and MPCBB5 - Not Secured memory - MPCBB2 is applicable
2024-11-05 21:40:33,089 [INFO] Rule:228 - rule 117617 - U5Cobra4M][GTZC] default value MPCBB3 and MPCBB5 - Not Secured memory - MPCBB2 is applicable
2024-11-05 21:40:33,089 [INFO] Rule:228 - rule 117617 - U5Cobra4M][GTZC] default value MPCBB3 and MPCBB5 - Not Secured memory - MPCBB3 is applicable
2024-11-05 21:40:33,089 [INFO] Rule:228 - rule 117617 - U5Cobra4M][GTZC] default value MPCBB3 and MPCBB5 - Not Secured memory - MPCBB3 is applicable
2024-11-05 21:40:33,089 [INFO] Rule:228 - rule 117617 - U5Cobra4M][GTZC] default value MPCBB3 and MPCBB5 - Not Secured memory - MPCBB4 is applicable
2024-11-05 21:40:33,089 [INFO] Rule:228 - rule 117617 - U5Cobra4M][GTZC] default value MPCBB3 and MPCBB5 - Not Secured memory - MPCBB4 is applicable
2024-11-05 21:40:33,089 [INFO] Rule:228 - rule 117617 - U5Cobra4M][GTZC] default value MPCBB3 and MPCBB5 - Secured memory - MPCBB1 is applicable
2024-11-05 21:40:33,089 [INFO] Rule:228 - rule 117617 - U5Cobra4M][GTZC] default value MPCBB3 and MPCBB5 - Secured memory - MPCBB2 is applicable
2024-11-05 21:40:33,089 [INFO] Rule:228 - rule 117617 - U5Cobra4M][GTZC] default value MPCBB3 and MPCBB5 - Secured memory - MPCBB3 is applicable
2024-11-05 21:40:33,089 [INFO] Rule:228 - rule 117617 - U5Cobra4M][GTZC] default value MPCBB3 and MPCBB5 - Secured memory - MPCBB4 is applicable
2024-11-05 21:40:33,089 [INFO] Rule:228 - rule 117617 - U5Cobra4M][GTZC] default value MPCBB3 and MPCBB5 - Privileged memory - MPCBB1 is applicable
2024-11-05 21:40:33,089 [INFO] Rule:228 - rule 117617 - U5Cobra4M][GTZC] default value MPCBB3 and MPCBB5 - Privileged memory - MPCBB2 is applicable
2024-11-05 21:40:33,089 [INFO] Rule:228 - rule 117617 - U5Cobra4M][GTZC] default value MPCBB3 and MPCBB5 - Privileged memory - MPCBB3 is applicable
2024-11-05 21:40:33,089 [INFO] Rule:228 - rule 117617 - U5Cobra4M][GTZC] default value MPCBB3 and MPCBB5 - Privileged memory - MPCBB4 is applicable
2024-11-05 21:40:33,090 [INFO] Rule:228 - rule 117617 - U5Cobra4M][GTZC] default value MPCBB3 and MPCBB5 - Not Privileged memory - MPCBB1 is applicable
2024-11-05 21:40:33,090 [INFO] Rule:228 - rule 117617 - U5Cobra4M][GTZC] default value MPCBB3 and MPCBB5 - Not Privileged memory - MPCBB2 is applicable
2024-11-05 21:40:33,090 [INFO] Rule:228 - rule 117617 - U5Cobra4M][GTZC] default value MPCBB3 and MPCBB5 - Not Privileged memory - MPCBB3 is applicable
2024-11-05 21:40:33,090 [INFO] Rule:228 - rule 117617 - U5Cobra4M][GTZC] default value MPCBB3 and MPCBB5 - Not Privileged memory - MPCBB4 is applicable
2024-11-05 21:40:33,090 [INFO] Rule:228 - rule 117617 - U5Cobra4M][GTZC] default value MPCBB3 and MPCBB5 - Privileged memory - MPCBB1 is applicable
2024-11-05 21:40:33,090 [INFO] Rule:228 - rule 117617 - U5Cobra4M][GTZC] default value MPCBB3 and MPCBB5 - Privileged memory - MPCBB2 is applicable
2024-11-05 21:40:33,090 [INFO] Rule:228 - rule 117617 - U5Cobra4M][GTZC] default value MPCBB3 and MPCBB5 - Privileged memory - MPCBB3 is applicable
2024-11-05 21:40:33,090 [INFO] Rule:228 - rule 117617 - U5Cobra4M][GTZC] default value MPCBB3 and MPCBB5 - Privileged memory - MPCBB4 is applicable
2024-11-05 21:40:33,090 [INFO] Rule:228 - rule 117617 - U5Cobra4M][GTZC] default value MPCBB3 and MPCBB5 - Privileged memory - MPCBB1 is applicable
2024-11-05 21:40:33,090 [INFO] Rule:228 - rule 117617 - U5Cobra4M][GTZC] default value MPCBB3 and MPCBB5 - Privileged memory - MPCBB2 is applicable
2024-11-05 21:40:33,090 [INFO] Rule:228 - rule 117617 - U5Cobra4M][GTZC] default value MPCBB3 and MPCBB5 - Privileged memory - MPCBB3 is applicable
2024-11-05 21:40:33,090 [INFO] Rule:228 - rule 117617 - U5Cobra4M][GTZC] default value MPCBB3 and MPCBB5 - Privileged memory - MPCBB4 is applicable
2024-11-05 21:40:33,090 [INFO] Rule:228 - rule 117617 - U5Cobra4M][GTZC] default value MPCBB3 and MPCBB5 - Not Privileged memory - MPCBB1 is applicable
2024-11-05 21:40:33,090 [INFO] Rule:228 - rule 117617 - U5Cobra4M][GTZC] default value MPCBB3 and MPCBB5 - Not Privileged memory - MPCBB2 is applicable
2024-11-05 21:40:33,090 [INFO] Rule:228 - rule 117617 - U5Cobra4M][GTZC] default value MPCBB3 and MPCBB5 - Not Privileged memory - MPCBB3 is applicable
2024-11-05 21:40:33,090 [INFO] Rule:228 - rule 117617 - U5Cobra4M][GTZC] default value MPCBB3 and MPCBB5 - Not Privileged memory - MPCBB4 is applicable
2024-11-05 21:40:33,090 [INFO] Rule:228 - rule 117617 - U5Cobra4M][GTZC] default value MPCBB3 and MPCBB5 - Privileged memory - MPCBB1 is applicable
2024-11-05 21:40:33,090 [INFO] Rule:228 - rule 117617 - U5Cobra4M][GTZC] default value MPCBB3 and MPCBB5 - Privileged memory - MPCBB2 is applicable
2024-11-05 21:40:33,090 [INFO] Rule:228 - rule 117617 - U5Cobra4M][GTZC] default value MPCBB3 and MPCBB5 - Privileged memory - MPCBB3 is applicable
2024-11-05 21:40:33,090 [INFO] Rule:228 - rule 117617 - U5Cobra4M][GTZC] default value MPCBB3 and MPCBB5 - Privileged memory - MPCBB4 is applicable
2024-11-05 21:40:33,090 [INFO] Rule:228 - rule Rename SubGHz_Phy SUBGHZ_APPLICATION SUBGHZ_PINGPONG to SUBGHZ_ADV_APPLICATION is applicable
2024-11-05 21:40:33,090 [INFO] Rule:228 - rule Rename Enabled to IBEACON is applicable
2024-11-05 21:40:33,091 [INFO] Rule:228 - rule GTZC_S instance for project manager is applicable
2024-11-05 21:40:33,091 [INFO] Rule:228 - rule GTZC_S instance for context M33S is applicable
2024-11-05 21:40:33,091 [INFO] Rule:228 - rule GTZC_S instance value for IP GTZC is applicable
2024-11-05 21:40:33,091 [INFO] Rule:228 - rule GTZC_S instance for mcu.IP is applicable
2024-11-05 21:40:33,091 [INFO] Rule:228 - rule GTZC_S instance for VP is applicable
2024-11-05 21:40:33,091 [INFO] Rule:228 - rule GTZC_S instance for signal is applicable
2024-11-05 21:40:33,091 [INFO] Rule:228 - rule GTZC_S instance for mcu.Pin is applicable
2024-11-05 21:40:33,091 [INFO] Rule:228 - rule GTZC_S instance for VP is applicable
2024-11-05 21:40:33,091 [INFO] Rule:228 - rule GTZC_S instance for signal is applicable
2024-11-05 21:40:33,091 [INFO] Rule:228 - rule GTZC_S instance for mcu is applicable
2024-11-05 21:40:33,091 [INFO] Rule:228 - rule GTZC_S instance for mcu.Pin is applicable
2024-11-05 21:40:33,091 [INFO] Rule:228 - rule GTZC_S instance value for IP GTZC is applicable
2024-11-05 21:40:33,091 [INFO] Rule:228 - rule GTZC_S instance for project manager is applicable
2024-11-05 21:40:33,091 [INFO] Rule:228 - rule GTZC_S instance for context M33S is applicable
2024-11-05 21:40:33,091 [INFO] Rule:228 - rule GTZC_S instance for VP is applicable
2024-11-05 21:40:33,091 [INFO] Rule:228 - rule GTZC_S instance for signal is applicable
2024-11-05 21:40:33,091 [INFO] Rule:228 - rule SPDIFRX instance for mcu is applicable
2024-11-05 21:40:33,091 [INFO] Rule:228 - rule Rename Tracer Mode is applicable
2024-11-05 21:40:33,091 [INFO] Rule:228 - rule SPDIFRX instance value for IP SPDIFRX is applicable
2024-11-05 21:40:33,091 [INFO] Rule:228 - rule SPDIFRX instance for signal is applicable
2024-11-05 21:40:33,091 [INFO] Rule:228 - rule SPDIFRX instance for project manager is applicable
2024-11-05 21:40:33,091 [INFO] Rule:228 - rule SPDIFRX instance for project manager is applicable
2024-11-05 21:40:33,091 [INFO] Rule:228 - rule ADC Scan  fix with FW F7 is applicable
2024-11-05 21:40:33,091 [INFO] Rule:228 - rule ADC Scan  fix with FW F7 is applicable
2024-11-05 21:40:33,091 [INFO] Rule:228 - rule WakeUp0 Mode is applicable
2024-11-05 21:40:33,092 [INFO] Rule:228 - rule WakeUp0 SIGNAL is applicable
2024-11-05 21:40:33,092 [INFO] Rule:228 - rule WakeUp1 Mode is applicable
2024-11-05 21:40:33,092 [INFO] Rule:228 - rule WakeUp1 SIGNAL is applicable
2024-11-05 21:40:33,092 [INFO] Rule:228 - rule WakeUp2 Mode is applicable
2024-11-05 21:40:33,092 [INFO] Rule:228 - rule WakeUp2 SIGNAL is applicable
2024-11-05 21:40:33,092 [INFO] Rule:228 - rule WakeUp4 Mode is applicable
2024-11-05 21:40:33,092 [INFO] Rule:228 - rule WakeUp4 SIGNAL is applicable
2024-11-05 21:40:33,092 [INFO] Rule:228 - rule WakeUp5 Mode is applicable
2024-11-05 21:40:33,092 [INFO] Rule:228 - rule WakeUp5 SIGNAL is applicable
2024-11-05 21:40:33,092 [INFO] Rule:228 - rule UART/USART WORD LENGTH 7 is applicable
2024-11-05 21:40:33,092 [INFO] Rule:228 - rule UART/USART WORD LENGTH 8 is applicable
2024-11-05 21:40:33,092 [INFO] Rule:228 - rule UART/USART WORD LENGTH 9 is applicable
2024-11-05 21:40:33,092 [INFO] Rule:228 - rule Change Default Value for LSE Drive Capability for WB family is applicable
2024-11-05 21:40:33,092 [INFO] Rule:228 - rule Change Default Value for ADC Clock Prescaler G0 family is applicable
2024-11-05 21:40:33,092 [INFO] Rule:228 - rule ADC SamplingTime fix with FW L0  is applicable
2024-11-05 21:40:33,092 [INFO] Rule:228 - rule ADC SamplingTime fix with FW L0  is applicable
2024-11-05 21:40:33,092 [INFO] Rule:228 - rule ADC SamplingTime fix with FW L0 is applicable
2024-11-05 21:40:33,092 [INFO] Rule:228 - rule ADC SamplingTime fix with FW L0 is applicable
2024-11-05 21:40:33,092 [INFO] Rule:228 - rule ADC SamplingTime fix with FW L0  is applicable
2024-11-05 21:40:33,092 [INFO] Rule:228 - rule ADC SamplingTime fix with FW L0 is applicable
2024-11-05 21:40:33,092 [INFO] Rule:228 - rule Rename USB_OE Signal is applicable
2024-11-05 21:40:33,092 [INFO] Rule:228 - rule Rename Activate_OE Mode is applicable
2024-11-05 21:40:33,092 [INFO] Rule:228 - rule Rename DIE462/DIE415 pin PC14/OSC32_IN -> PC14-OSC32_IN (PC14) is applicable
2024-11-05 21:40:33,092 [INFO] Rule:228 - rule Rename DIE462/DIE415 pin PC15/OSC32_OUT -> PC15-OSC32_OUT (PC15) is applicable
2024-11-05 21:40:33,092 [INFO] Rule:228 - rule Rename DIE462/DIE415 pin PH0/OSC_IN -> PH0-OSC_IN (PH0) is applicable
2024-11-05 21:40:33,092 [INFO] Rule:228 - rule Rename DIE462/DIE415 pin PH1/OSC_OUT -> PH1-OSC_OUT (PH1) is applicable
2024-11-05 21:40:33,093 [INFO] Rule:228 - rule Rename DIE462 pin PA13 -> PA13 (JTMS/SWDIO) is applicable
2024-11-05 21:40:33,093 [INFO] Rule:228 - rule Rename DIE415 pin PA13 -> PA13 (JTMS/SWDIO) is applicable
2024-11-05 21:40:33,093 [INFO] Rule:228 - rule Rename DIE462 pin PA14 -> PA14 (JTCK/SWCLK) is applicable
2024-11-05 21:40:33,093 [INFO] Rule:228 - rule Rename DIE415 pin PA14 -> PA14 (JTCK/SWCLK) is applicable
2024-11-05 21:40:33,093 [INFO] Rule:228 - rule Rename DIE462/DIE415 pin PA15 -> PA15 (JTDI) is applicable
2024-11-05 21:40:33,093 [INFO] Rule:228 - rule Rename DIE462 pin PB3 -> PB3 (JTD0/TRACESWO) is applicable
2024-11-05 21:40:33,093 [INFO] Rule:228 - rule Rename DIE415 pin PB3 -> PB3 (JTD0-TRACESWO) is applicable
2024-11-05 21:40:33,093 [INFO] Rule:228 - rule Rename DIE462/DIE415 pin PB4 -> PB4 (NJTRST) is applicable
2024-11-05 21:40:33,093 [INFO] Rule:228 - rule Rename DIE462 pin PH3/BOOT0 -> PH3-BOOT0 (BOOT0) is applicable
2024-11-05 21:40:33,093 [INFO] Rule:228 - rule Rename CRYP DataEncryptionTypesList to Algorithm is applicable
2024-11-05 21:40:33,093 [INFO] Rule:228 - rule Rename AES DataEncryptionTypesList to Algorithm is applicable
2024-11-05 21:40:33,093 [INFO] Rule:228 - rule Rename TDESECB to CRYP_TDES_ECB is applicable
2024-11-05 21:40:33,093 [INFO] Rule:228 - rule Rename TDESCBC to CRYP_TDES_CBC is applicable
2024-11-05 21:40:33,093 [INFO] Rule:228 - rule Rename DESECB to CRYP_DES_ECB is applicable
2024-11-05 21:40:33,093 [INFO] Rule:228 - rule Rename DESCBC to CRYP_DES_CBC is applicable
2024-11-05 21:40:33,093 [INFO] Rule:228 - rule Rename AESECB to CRYP_AES_ECB is applicable
2024-11-05 21:40:33,093 [INFO] Rule:228 - rule Rename AESCBC to CRYP_AES_CBC is applicable
2024-11-05 21:40:33,093 [INFO] Rule:228 - rule Rename AESCTR to CRYP_AES_CTR is applicable
2024-11-05 21:40:33,093 [INFO] Rule:228 - rule Rename AESGCM to CRYP_AES_GCM is applicable
2024-11-05 21:40:33,093 [INFO] Rule:228 - rule Rename AESCCM to CRYP_AES_CCM is applicable
2024-11-05 21:40:33,093 [INFO] Rule:228 - rule Rename CAN TimeSeg1 to BS1 is applicable
2024-11-05 21:40:33,093 [INFO] Rule:228 - rule Rename CAN TimeSeg2 to BS2 is applicable
2024-11-05 21:40:33,093 [INFO] Rule:228 - rule Rename CAN SyncJumpWidth to SJW is applicable
2024-11-05 21:40:33,094 [INFO] Rule:228 - rule TimeTriggeredMode to TTCM is applicable
2024-11-05 21:40:33,094 [INFO] Rule:228 - rule Rename CAN AutoBusOff to ABOM is applicable
2024-11-05 21:40:33,094 [INFO] Rule:228 - rule Rename CAN AutoWakeUp to AWUM is applicable
2024-11-05 21:40:33,094 [INFO] Rule:228 - rule Rename CAN AutoRetransmission to NART is applicable
2024-11-05 21:40:33,094 [INFO] Rule:228 - rule Rename CAN ReceiveFifoLocked to RFLM is applicable
2024-11-05 21:40:33,094 [INFO] Rule:228 - rule Rename CAN TransmitFifoPriority to TXFP is applicable
2024-11-05 21:40:33,094 [INFO] Rule:228 - rule Rename HRTIMER HRTIM_OUTPUTFAULTLEVEL_HIGH in HRTIMER HRTIM_OUTPUTFAULTLEVEL_HIGHZ is applicable
2024-11-05 21:40:33,094 [INFO] Rule:228 - rule Rename TIMER TIM_CLEARINPUTSOURCE_OCREFCLR in  TIMER TIM_CLEARINPUTSOURCE_NONE for F7 family is applicable
2024-11-05 21:40:33,094 [INFO] Rule:228 - rule FDCAN_R1 - Rename FDCAN mode Master into Classic is applicable
2024-11-05 21:40:33,094 [INFO] Rule:228 - rule FDCAN_R2 - Rename FDCAN mode Slave into Classic is applicable
2024-11-05 21:40:33,094 [INFO] Rule:228 - rule FDCAN1_R3 - if PA10.Mode=FullDuplex, add Pin PA12 is applicable
2024-11-05 21:40:33,094 [INFO] Rule:228 - rule FDCAN1_R3 - if PA9.Mode=FullDuplex, add Pin PA11 is applicable
2024-11-05 21:40:33,094 [INFO] Rule:228 - rule FDCAN1_R3 - Alternatepin_1 - if PE1.Mode=FullDuplex, add Pin PB9 is applicable
2024-11-05 21:40:33,094 [INFO] Rule:228 - rule FDCAN1_R3 - Alternatepin_1 - if PE0.Mode=FullDuplex, add Pin PB8 is applicable
2024-11-05 21:40:33,094 [INFO] Rule:228 - rule FDCAN1_R3 - Alternatepin_2 - if PD5.Mode=FullDuplex, add Pin PD1 is applicable
2024-11-05 21:40:33,094 [INFO] Rule:228 - rule FDCAN1_R3 - Alternatepin_2 - if PD4.Mode=FullDuplex, add Pin PD0 is applicable
2024-11-05 21:40:33,094 [INFO] Rule:228 - rule FDCAN1_R4 - Rename Mode FullDuplex into Enable FDCAN_TXFD for pin PA10 is applicable
2024-11-05 21:40:33,094 [INFO] Rule:228 - rule FDCAN1_R4 - Rename Mode FullDuplex into Enable FDCAN_TXFD for pin PA9 is applicable
2024-11-05 21:40:33,094 [INFO] Rule:228 - rule FDCAN1_R4 - Alternatepin_1 - Rename Mode FullDuplex into Enable FDCAN_TXFD for pin PE1 is applicable
2024-11-05 21:40:33,094 [INFO] Rule:228 - rule FDCAN1_R4 - Alternatepin_1 - Rename Mode FullDuplex into Enable FDCAN_TXFD for pin PE0 is applicable
2024-11-05 21:40:33,094 [INFO] Rule:228 - rule FDCAN1_R4 - Alternatepin_2 - Rename Mode FullDuplex into Enable FDCAN_TXFD for pin PD5 is applicable
2024-11-05 21:40:33,094 [INFO] Rule:228 - rule FDCAN1_R4 - Alternatepin_2 - Rename Mode FullDuplex into Enable FDCAN_TXFD for pin PD4 is applicable
2024-11-05 21:40:33,094 [INFO] Rule:228 - rule FDCAN2_R3 - if PD10.Mode=FullDuplex, add Pin PB13 is applicable
2024-11-05 21:40:33,094 [INFO] Rule:228 - rule FDCAN2_R3 - if PD9.Mode=FullDuplex, add Pin PB12 is applicable
2024-11-05 21:40:33,094 [INFO] Rule:228 - rule FDCAN2_R3 - Alternatepin_1 - if PB7.Mode=FullDuplex, add Pin PB6 is applicable
2024-11-05 21:40:33,094 [INFO] Rule:228 - rule FDCAN2_R3 - Alternatepin_1 - if PD9.Mode=FullDuplex, add Pin PB12 is applicable
2024-11-05 21:40:33,094 [INFO] Rule:228 - rule FDCAN2_R4 - Rename Mode FullDuplex into Enable FDCAN_TXFD for pin PD10 is applicable
2024-11-05 21:40:33,095 [INFO] Rule:228 - rule FDCAN2_R4 - Rename Mode FullDuplex into Enable FDCAN_TXFD for pin PD9 is applicable
2024-11-05 21:40:33,095 [INFO] Rule:228 - rule FDCAN2_R4 - Alternatepin_1 - Rename Mode FullDuplex into Enable FDCAN_TXFD for pin PB7 is applicable
2024-11-05 21:40:33,095 [INFO] Rule:228 - rule FDCAN2_R4 - Alternatepin_1 - Rename Mode FullDuplex into Enable FDCAN_TXFD for pin PD6 is applicable
2024-11-05 21:40:33,095 [INFO] Rule:228 - rule USART TxPinLevelInvertParam Mode is applicable
2024-11-05 21:40:33,095 [INFO] Rule:228 - rule USART RxPinLevelInvertParam Mode is applicable
2024-11-05 21:40:33,095 [INFO] Rule:228 - rule USART DataInvertParam Mode is applicable
2024-11-05 21:40:33,095 [INFO] Rule:228 - rule USART SwapParam Mode is applicable
2024-11-05 21:40:33,095 [INFO] Rule:228 - rule USART OverrunDisableParam Mode is applicable
2024-11-05 21:40:33,095 [INFO] Rule:228 - rule USART DMADisableonRxErrorParam Mode is applicable
2024-11-05 21:40:33,095 [INFO] Rule:228 - rule USART MSBFirstParam Mode is applicable
2024-11-05 21:40:33,095 [INFO] Rule:228 - rule Update MwName for USB_DEVICE is applicable
2024-11-05 21:40:33,095 [INFO] Rule:228 - rule Change PWR_Regulator_Voltage_Scale Default Value for RCC  H7 family is applicable
2024-11-05 21:40:33,095 [INFO] Rule:228 - rule UART/USART IPParameter rename Prescaler parameter to ClockPrescaler is applicable
2024-11-05 21:40:33,095 [INFO] Rule:228 - rule UART/USART Prescaler rename Prescaler parameter to ClockPrescaler is applicable
2024-11-05 21:40:33,095 [INFO] Rule:228 - rule TIM1CLockSelection is applicable
2024-11-05 21:40:33,095 [INFO] Rule:228 - rule TIM15CLockSelection is applicable
2024-11-05 21:40:33,095 [INFO] Rule:228 - rule align RCC SDMMC3CLockSelection default value on MP1 is applicable
2024-11-05 21:40:33,095 [INFO] Rule:228 - rule align RCC SDMMC12CLockSelection default value on MP1 is applicable
2024-11-05 21:40:33,095 [INFO] Rule:228 - rule align RCC QSPICLockSelection default value on MP1 is applicable
2024-11-05 21:40:33,095 [INFO] Rule:228 - rule align RCC QSPICLockSelection default value on MP1 is applicable
2024-11-05 21:40:33,095 [INFO] Rule:228 - rule align RCC SPI6CLockSelection default value on MP1 is applicable
2024-11-05 21:40:33,095 [INFO] Rule:228 - rule align RCC LPTIM23CLockSelection default value on MP1 is applicable
2024-11-05 21:40:33,095 [INFO] Rule:228 - rule align RCC LPTIM1CLockSelection default value on MP1 is applicable
2024-11-05 21:40:33,095 [INFO] Rule:228 - rule align RCC USART1CLockSelection default value on MP1 is applicable
2024-11-05 21:40:33,095 [INFO] Rule:228 - rule align RCC USART24CLockSelection default value on MP1 is applicable
2024-11-05 21:40:33,095 [INFO] Rule:228 - rule align RCC USART6CLockSelection default value on MP1 is applicable
2024-11-05 21:40:33,095 [INFO] Rule:228 - rule align RCC UART78CLockSelection default value on MP1 is applicable
2024-11-05 21:40:33,095 [INFO] Rule:228 - rule align RCC USART35CLockSelection default value on MP1 is applicable
2024-11-05 21:40:33,096 [INFO] Rule:228 - rule align RCC SPI45CLockSelection default value on MP1 is applicable
2024-11-05 21:40:33,096 [INFO] Rule:228 - rule align RCC I2C46CLockSelection BCLK value on MP1 is applicable
2024-11-05 21:40:33,096 [INFO] Rule:228 - rule align RCC SPI45CLockSelection default value on MP1 is applicable
2024-11-05 21:40:33,096 [INFO] Rule:228 - rule align RCC I2C12CLockSelection default value on MP1 is applicable
2024-11-05 21:40:33,096 [INFO] Rule:228 - rule align RCC I2C35CLockSelection default value on MP1 is applicable
2024-11-05 21:40:33,096 [INFO] Rule:228 - rule align RCC LPTIM45CLockSelection default value on MP1 is applicable
2024-11-05 21:40:33,096 [INFO] Rule:228 - rule Rename DCMI PIXCK signal is applicable
2024-11-05 21:40:33,096 [INFO] Rule:228 - rule Change Default Value for I2C46CLockSelection MP1 family is applicable
2024-11-05 21:40:33,096 [INFO] Rule:228 - rule Change Default Value for UART for G4, G0 and WB families is applicable
2024-11-05 21:40:33,096 [INFO] Rule:228 - rule Change Default Value for USART for G4, G0 and WB families is applicable
2024-11-05 21:40:33,096 [INFO] Rule:228 - rule Change Default Value for USART for G4 family is applicable
2024-11-05 21:40:33,096 [INFO] Rule:228 - rule Change USART1CLockSelection refparam name for MP1 is applicable
2024-11-05 21:40:33,096 [INFO] Rule:228 - rule Change USART2CLockSelection refparam name for MP1 is applicable
2024-11-05 21:40:33,096 [INFO] Rule:228 - rule Change USART3CLockSelection refparam name for MP1 is applicable
2024-11-05 21:40:33,096 [INFO] Rule:228 - rule Change UART4CLockSelection refparam name for MP1 is applicable
2024-11-05 21:40:33,096 [INFO] Rule:228 - rule Change UART5CLockSelection refparam name for MP1 is applicable
2024-11-05 21:40:33,096 [INFO] Rule:228 - rule Change LPUART1CLockSelection refparam name for MP1 is applicable
2024-11-05 21:40:33,096 [INFO] Rule:228 - rule Change LPTIM1CLockSelection refparam name for MP1 is applicable
2024-11-05 21:40:33,096 [INFO] Rule:228 - rule Change LPTIM2CLockSelection refparam name for MP1 is applicable
2024-11-05 21:40:33,096 [INFO] Rule:228 - rule Change RCC_MCO1Source refparam name for MP1 is applicable
2024-11-05 21:40:33,096 [INFO] Rule:228 - rule Change LSCOSource1 refparam name for MP1 is applicable
2024-11-05 21:40:33,096 [INFO] Rule:228 - rule Change SMPSCLockSelection refparam name for MP1 is applicable
2024-11-05 21:40:33,096 [INFO] Rule:228 - rule Change LPTIM3CLockSelection refparam name for MP1 is applicable
2024-11-05 21:40:33,096 [INFO] Rule:228 - rule Change MPCBB* Default Template Mode to Parameters is applicable
2024-11-05 21:40:33,096 [INFO] Rule:228 - rule Change MPCWM* or MPCBB* Secure Mode to Parameters is applicable
2024-11-05 21:40:33,096 [INFO] Rule:228 - rule Change MPCWM* or MPCBB* No Secure Mode to Parameters is applicable
2024-11-05 21:40:33,097 [INFO] Rule:228 - rule Change TZSC IP Secure Mode to Parameters is applicable
2024-11-05 21:40:33,097 [INFO] Rule:228 - rule Change TZSC IP No Secure Mode to Parameters is applicable
2024-11-05 21:40:33,097 [INFO] Rule:228 - rule Change TZSC IP Privilege Mode to Parameters is applicable
2024-11-05 21:40:33,097 [INFO] Rule:228 - rule Change TZSC IP No Privilege Mode to Parameters is applicable
2024-11-05 21:40:33,097 [INFO] Rule:228 - rule Change TZIC IT Secure Mode to Parameters is applicable
2024-11-05 21:40:33,097 [INFO] Rule:228 - rule Change TZIC IT No Secure Mode to Parameters is applicable
2024-11-05 21:40:33,097 [INFO] Rule:228 - rule Add MPCBB1_NonSecureArea_Start_Address value with referenced to MPCBB1_NonSecureArea_Start value is applicable
2024-11-05 21:40:33,097 [INFO] Rule:228 - rule Add MPCBB2_NonSecureArea_Start_Address value with referenced to MPCBB2_NonSecureArea_Start value is applicable
2024-11-05 21:40:33,097 [INFO] Rule:228 - rule Add MPCWM1_NonSecureArea*_Start_Address value with referenced to MPCWM1_NonSecureArea*_Start value is applicable
2024-11-05 21:40:33,097 [INFO] Rule:228 - rule Add MPCWM2_NonSecureArea*_Start_Address value with referenced to MPCWM2_NonSecureArea*_Start value is applicable
2024-11-05 21:40:33,097 [INFO] Rule:228 - rule Add MPCWM3_NonSecureArea_Start_Address value with referenced to MPCWM3_NonSecureArea_Start value is applicable
2024-11-05 21:40:33,097 [INFO] Rule:228 - rule Change Default Value for PLL1UserDefinedConfig is applicable
2024-11-05 21:40:33,097 [INFO] Rule:228 - rule Change GPIO_PuPd Default Value for USART in async mode is applicable
2024-11-05 21:40:33,097 [INFO] Rule:228 - rule Change SMPSDivider Default Value is applicable
2024-11-05 21:40:33,097 [INFO] Rule:228 - rule OPAMP is applicable
2024-11-05 21:40:33,097 [INFO] Rule:228 - rule LPUART IPParameter rename Prescaler parameter to ClockPrescaler for STM32H7 is applicable
2024-11-05 21:40:33,097 [INFO] Rule:228 - rule LPUART IPParameter rename Prescaler parameter to ClockPrescaler for STM32H7 is applicable
2024-11-05 21:40:33,097 [INFO] Rule:228 - rule LPUART IPParameter rename Prescaler parameter to ClockPrescaler for STM32WB is applicable
2024-11-05 21:40:33,097 [INFO] Rule:228 - rule LPUART IPParameter rename Prescaler parameter to ClockPrescaler for STM32WB is applicable
2024-11-05 21:40:33,097 [INFO] Rule:228 - rule LPUART IPParameter rename Prescaler parameter to ClockPrescaler for STM32G4 is applicable
2024-11-05 21:40:33,097 [INFO] Rule:228 - rule LPUART IPParameter rename Prescaler parameter to ClockPrescaler for STM32G4 is applicable
2024-11-05 21:40:33,097 [INFO] Rule:228 - rule LPUART IPParameter rename Prescaler parameter to ClockPrescaler for STM32L5 is applicable
2024-11-05 21:40:33,097 [INFO] Rule:228 - rule LPUART IPParameter rename Prescaler parameter to ClockPrescaler for STM32L5 is applicable
2024-11-05 21:40:33,097 [INFO] Rule:228 - rule LPUART IPParameter rename Prescaler parameter to ClockPrescaler for STM32G4 is applicable
2024-11-05 21:40:33,097 [INFO] Rule:228 - rule LPUART IPParameter rename Prescaler parameter to ClockPrescaler for STM32G4 is applicable
2024-11-05 21:40:33,097 [INFO] Rule:228 - rule USB device lib V2.5.3 for L0 rename USBD_SUPPORT_USER_STRING parameter to USBD_SUPPORT_USER_STRING_DESC4 is applicable
2024-11-05 21:40:33,097 [INFO] Rule:228 - rule I2SCLockSelection clock entry align is applicable
2024-11-05 21:40:33,097 [INFO] Rule:228 - rule Assign TIMx context if used as SYS timebase is applicable
2024-11-05 21:40:33,097 [INFO] Rule:228 - rule Change GPIO_Pu Default Value for I2C is applicable
2024-11-05 21:40:33,097 [INFO] Rule:228 - rule Change GPIO_Pu Default Value for SMBus is applicable
2024-11-05 21:40:33,098 [INFO] Rule:228 - rule change FDCAN default value is applicable
2024-11-05 21:40:33,098 [INFO] Rule:228 - rule Change mode sai is applicable
2024-11-05 21:40:33,098 [INFO] Rule:228 - rule **Change sai mode is applicable
2024-11-05 21:40:33,098 [INFO] Rule:228 - rule Rename STM32WPAN CFG_BLE_IRK to CFG_BLE_IR is applicable
2024-11-05 21:40:33,098 [INFO] Rule:228 - rule Rename STM32WPAN CFG_BLE_ERK to CFG_BLE_ER is applicable
2024-11-05 21:40:33,098 [INFO] Rule:228 - rule Rename STM32WPAN CFG_BLE_IRK_HEX to CFG_BLE_IR_HEX is applicable
2024-11-05 21:40:33,098 [INFO] Rule:228 - rule Rename STM32WPAN CFG_BLE_ERK_HEX to CFG_BLE_ER_HEX is applicable
2024-11-05 21:40:33,113 [INFO] DbConfProperties:307 - Apply Compatibility (34/230 Rules)
2024-11-05 21:40:33,123 [INFO] ImportTextPane:205 - (OptionalMessage_ERROR) Unable to find key (Mcu.ThirdPartyNb) in loaded IOC file
2024-11-05 21:40:33,321 [INFO] RtosManager:555 - Registered RTOS mode: class=CMSIS, group=RTOS, mode=CMSIS_V1, owner=FREERTOS
2024-11-05 21:40:33,321 [INFO] RtosManager:555 - Registered RTOS mode: class=CMSIS, group=RTOS2, mode=CMSIS_V2, owner=FREERTOS
2024-11-05 21:40:33,321 [INFO] RtosManager:555 - Registered RTOS mode: class=RTOS, group=Core, mode=CMSIS_V1, owner=FREERTOS
2024-11-05 21:40:33,321 [INFO] RtosManager:555 - Registered RTOS mode: class=RTOS, group=Core, mode=CMSIS_V2, owner=FREERTOS
2024-11-05 21:40:33,321 [WARN] ModelIntegratedComponent:184 - Missing modes for component STMicroelectronics:FreeRTOS:0.0.1:STMicroelectronics:RTOS:FreeRTOS:Core:::10.2.0:
2024-11-05 21:40:33,323 [WARN] ModelIntegratedComponent:63 - No mode defined for component null
2024-11-05 21:40:33,323 [WARN] ModelIntegratedComponent:63 - No mode defined for component null
2024-11-05 21:40:33,323 [WARN] ModelIntegratedComponent:63 - No mode defined for component null
2024-11-05 21:40:33,323 [WARN] ModelIntegratedComponent:63 - No mode defined for component null
2024-11-05 21:40:33,323 [WARN] ModelIntegratedComponent:63 - No mode defined for component null
2024-11-05 21:40:33,323 [WARN] ModelIntegratedComponent:63 - No mode defined for component null
2024-11-05 21:40:33,323 [WARN] ModelIntegratedComponent:63 - No mode defined for component null
2024-11-05 21:40:33,323 [WARN] ModelIntegratedComponent:63 - No mode defined for component null
2024-11-05 21:40:33,323 [WARN] ModelIntegratedComponent:63 - No mode defined for component null
2024-11-05 21:40:33,323 [WARN] ModelIntegratedComponent:63 - No mode defined for component null
2024-11-05 21:40:33,323 [WARN] ModelIntegratedComponent:63 - No mode defined for component null
2024-11-05 21:40:33,323 [WARN] ModelIntegratedComponent:63 - No mode defined for component null
2024-11-05 21:40:33,323 [WARN] ModelIntegratedComponent:63 - No mode defined for component null
2024-11-05 21:40:33,323 [WARN] ModelIntegratedComponent:63 - No mode defined for component null
2024-11-05 21:40:33,323 [WARN] ModelIntegratedComponent:63 - No mode defined for component null
2024-11-05 21:40:33,323 [WARN] ModelIntegratedComponent:63 - No mode defined for component null
2024-11-05 21:40:33,324 [WARN] ModelIntegratedComponent:63 - No mode defined for component null
2024-11-05 21:40:33,324 [WARN] ModelIntegratedComponent:63 - No mode defined for component null
2024-11-05 21:40:33,324 [WARN] ModelIntegratedComponent:63 - No mode defined for component null
2024-11-05 21:40:33,324 [WARN] ModelIntegratedComponent:63 - No mode defined for component null
2024-11-05 21:40:33,324 [WARN] ModelIntegratedComponent:63 - No mode defined for component null
2024-11-05 21:40:33,324 [WARN] ModelIntegratedComponent:63 - No mode defined for component null
2024-11-05 21:40:33,324 [WARN] ModelIntegratedComponent:63 - No mode defined for component null
2024-11-05 21:40:33,324 [WARN] ModelIntegratedComponent:63 - No mode defined for component null
2024-11-05 21:40:33,324 [WARN] ModelIntegratedComponent:63 - No mode defined for component null
2024-11-05 21:40:33,324 [WARN] ModelIntegratedComponent:63 - No mode defined for component null
2024-11-05 21:40:33,324 [WARN] ModelIntegratedComponent:63 - No mode defined for component null
2024-11-05 21:40:33,324 [WARN] ModelIntegratedComponent:63 - No mode defined for component null
2024-11-05 21:40:33,324 [WARN] ModelIntegratedComponent:63 - No mode defined for component null
2024-11-05 21:40:33,324 [WARN] ModelIntegratedComponent:63 - No mode defined for component null
2024-11-05 21:40:33,324 [WARN] ModelIntegratedComponent:63 - No mode defined for component null
2024-11-05 21:40:33,324 [WARN] ModelIntegratedComponent:63 - No mode defined for component null
2024-11-05 21:40:33,324 [WARN] ModelIntegratedComponent:63 - No mode defined for component null
2024-11-05 21:40:33,324 [WARN] ModelIntegratedComponent:63 - No mode defined for component null
2024-11-05 21:40:33,324 [WARN] ModelIntegratedComponent:63 - No mode defined for component null
2024-11-05 21:40:33,324 [WARN] ModelPack:524 - Component already loaded: STMicroelectronics:HAL Drivers:0.0.0:STMicroelectronics:Device:STMicro_Driver:XSPI:HAL::0.0.1:HAL_XSPI
2024-11-05 21:40:33,432 [INFO] ThirdPartyModel:298 - Start build external matchings
2024-11-05 21:40:36,122 [INFO] ThirdPartyModel:316 - End build external matchings
2024-11-05 21:40:36,490 [INFO] UtilMem:75 - End LoadConfig() Used Memory: 618517360 Bytes (1034944512)
2024-11-05 21:40:36,509 [WARN] ThirdParty:833 - waiting for thirdparty lock release [change project]
2024-11-05 21:40:36,509 [INFO] ThirdParty:835 - entering critical section [change project]
2024-11-05 21:40:36,509 [INFO] ThirdParty:1030 - CMSIS Pack Vendor :STMicroelectronics USBPD 4.1
2024-11-05 21:40:36,509 [INFO] ThirdParty:1030 - CMSIS Pack Vendor :STMicroelectronics X-CUBE-GNSS1 6.0.0
2024-11-05 21:40:36,509 [INFO] ThirdParty:1030 - CMSIS Pack Vendor :STMicroelectronics USB_HOST 2.0.0
2024-11-05 21:40:36,510 [INFO] ThirdParty:1030 - CMSIS Pack Vendor :STMicroelectronics FP-SNS-MOTENVWB1 1.4.0
2024-11-05 21:40:36,510 [INFO] ThirdParty:1030 - CMSIS Pack Vendor :STMicroelectronics X-CUBE-AZRTOS-F4 1.1.0
2024-11-05 21:40:36,510 [INFO] ThirdParty:1030 - CMSIS Pack Vendor :STMicroelectronics LIBJPEG 8.0.0
2024-11-05 21:40:36,510 [INFO] ThirdParty:1030 - CMSIS Pack Vendor :wolfSSL I-CUBE-wolfSSL 5.6.3
2024-11-05 21:40:36,510 [INFO] ThirdParty:1030 - CMSIS Pack Vendor :STMicroelectronics X-CUBE-SMBUS 2.1.0
2024-11-05 21:40:36,510 [INFO] ThirdParty:1030 - CMSIS Pack Vendor :STMicroelectronics X-CUBE-WB05N 1.1.0
2024-11-05 21:40:36,510 [INFO] ThirdParty:1030 - CMSIS Pack Vendor :STMicroelectronics X-CUBE-ISPU 2.1.0
2024-11-05 21:40:36,510 [INFO] ThirdParty:1030 - CMSIS Pack Vendor :STMicroelectronics X-CUBE-FREERTOS 1.2.0
2024-11-05 21:40:36,511 [INFO] ThirdParty:1030 - CMSIS Pack Vendor :STMicroelectronics X-CUBE-TOUCHGFX 4.23.0
2024-11-05 21:40:36,511 [INFO] ThirdParty:1030 - CMSIS Pack Vendor :STMicroelectronics X-CUBE-TOUCHGFX 4.23.2
2024-11-05 21:40:36,511 [INFO] ThirdParty:1030 - CMSIS Pack Vendor :STMicroelectronics X-CUBE-AZRTOS-F7 1.1.0
2024-11-05 21:40:36,511 [INFO] ThirdParty:1030 - CMSIS Pack Vendor :STMicroelectronics X-CUBE-AZRTOS-L5 2.0.0
2024-11-05 21:40:36,511 [INFO] ThirdParty:1030 - CMSIS Pack Vendor :STMicroelectronics USB_DEVICE 2.0.0
2024-11-05 21:40:36,511 [INFO] ThirdParty:1030 - CMSIS Pack Vendor :STMicroelectronics X-CUBE-MEMS1 9.6.0
2024-11-05 21:40:36,511 [INFO] ThirdParty:1030 - CMSIS Pack Vendor :STMicroelectronics X-CUBE-EEPRMA1 4.2.0
2024-11-05 21:40:36,511 [INFO] ThirdParty:1030 - CMSIS Pack Vendor :STMicroelectronics X-CUBE-NFC6 3.1.0
2024-11-05 21:40:36,511 [INFO] ThirdParty:1030 - CMSIS Pack Vendor :ITTIA_DB I-CUBE-ITTIADB 8.8.0
2024-11-05 21:40:36,511 [INFO] ThirdParty:1030 - CMSIS Pack Vendor :STMicroelectronics FP-SNS-MOTENV1 4.3.2
2024-11-05 21:40:36,511 [INFO] ThirdParty:1030 - CMSIS Pack Vendor :STMicroelectronics FP-SNS-FLIGHT1 5.0.1
2024-11-05 21:40:36,511 [INFO] ThirdParty:1030 - CMSIS Pack Vendor :STMicroelectronics X-CUBE-MEMS1 11.0.0
2024-11-05 21:40:36,511 [INFO] ThirdParty:1030 - CMSIS Pack Vendor :STMicroelectronics X-CUBE-BLE1 6.2.4
2024-11-05 21:40:36,511 [INFO] ThirdParty:1030 - CMSIS Pack Vendor :STMicroelectronics FreeRTOS 0.0.1
2024-11-05 21:40:36,511 [INFO] ThirdParty:1030 - CMSIS Pack Vendor :STMicroelectronics X-CUBE-BLEMGR 2.0.0
2024-11-05 21:40:36,511 [INFO] ThirdParty:1030 - CMSIS Pack Vendor :STMicroelectronics X-CUBE-DPower 1.2.0
2024-11-05 21:40:36,512 [INFO] ThirdParty:1030 - CMSIS Pack Vendor :STMicroelectronics FP-SNS-FLIGHT1 5.0.2
2024-11-05 21:40:36,512 [INFO] ThirdParty:1030 - CMSIS Pack Vendor :STMicroelectronics X-CUBE-AI 9.0.0
2024-11-05 21:40:36,512 [INFO] ThirdParty:1030 - CMSIS Pack Vendor :STMicroelectronics X-CUBE-AZRTOS-H7 3.1.0
2024-11-05 21:40:36,512 [INFO] ThirdParty:1030 - CMSIS Pack Vendor :STMicroelectronics PDM2PCM 3.3.0
2024-11-05 21:40:36,512 [INFO] ThirdParty:1030 - CMSIS Pack Vendor :STMicroelectronics X-CUBE-DISPLAY 3.0.0
2024-11-05 21:40:36,512 [INFO] ThirdParty:1030 - CMSIS Pack Vendor :STMicroelectronics X-CUBE-BLE1 7.0.0
2024-11-05 21:40:36,512 [INFO] ThirdParty:1030 - CMSIS Pack Vendor :STMicroelectronics X-CUBE-NFC10 1.0.0
2024-11-05 21:40:36,512 [INFO] ThirdParty:1030 - CMSIS Pack Vendor :STMicroelectronics HAL Drivers 0.0.0
2024-11-05 21:40:36,512 [INFO] ThirdParty:1030 - CMSIS Pack Vendor :emotas I-CUBE-CANOPEN 1.3.0
2024-11-05 21:40:36,512 [INFO] ThirdParty:1030 - CMSIS Pack Vendor :STMicroelectronics X-CUBE-TOUCHGFX 4.22.0
2024-11-05 21:40:36,512 [INFO] ThirdParty:1030 - CMSIS Pack Vendor :STMicroelectronics X-CUBE-NFC7 1.0.1
2024-11-05 21:40:36,512 [INFO] ThirdParty:1030 - CMSIS Pack Vendor :STMicroelectronics MBEDTLS 2.14.1
2024-11-05 21:40:36,512 [INFO] ThirdParty:1030 - CMSIS Pack Vendor :STMicroelectronics X-CUBE-TOUCHGFX 4.22.1
2024-11-05 21:40:36,512 [INFO] ThirdParty:1030 - CMSIS Pack Vendor :STMicroelectronics X-CUBE-NFC6 3.0.0
2024-11-05 21:40:36,512 [INFO] ThirdParty:1030 - CMSIS Pack Vendor :STMicroelectronics X-CUBE-EEPRMA1 4.1.0
2024-11-05 21:40:36,512 [INFO] ThirdParty:1030 - CMSIS Pack Vendor :STMicroelectronics X-CUBE-BLEMGR 3.1.0
2024-11-05 21:40:36,512 [INFO] ThirdParty:1030 - CMSIS Pack Vendor :STMicroelectronics FP-SNS-SMARTAG2 1.2.0
2024-11-05 21:40:36,512 [INFO] ThirdParty:1030 - CMSIS Pack Vendor :STMicroelectronics X-CUBE-AZRTOS-WL 2.0.0
2024-11-05 21:40:36,512 [INFO] ThirdParty:1030 - CMSIS Pack Vendor :STMicroelectronics FP-SNS-MOTENV1 5.0.0
2024-11-05 21:40:36,512 [INFO] ThirdParty:1030 - CMSIS Pack Vendor :STMicroelectronics USB_DEVICE 1.0.0
2024-11-05 21:40:36,512 [INFO] ThirdParty:1030 - CMSIS Pack Vendor :STMicroelectronics X-CUBE-AI 8.1.0
2024-11-05 21:40:36,513 [INFO] ThirdParty:1030 - CMSIS Pack Vendor :wolfSSL I-CUBE-wolfMQTT 1.19.0
2024-11-05 21:40:36,513 [INFO] ThirdParty:1030 - CMSIS Pack Vendor :STMicroelectronics X-CUBE-AZRTOS-L4 2.0.0
2024-11-05 21:40:36,513 [INFO] ThirdParty:1030 - CMSIS Pack Vendor :STMicroelectronics ThreadX 0.0.2
2024-11-05 21:40:36,513 [INFO] ThirdParty:1030 - CMSIS Pack Vendor :WES I-CUBE-Cesium 1.3.0
2024-11-05 21:40:36,513 [INFO] ThirdParty:1030 - CMSIS Pack Vendor :STMicroelectronics lwIP 2.1.2
2024-11-05 21:40:36,513 [INFO] ThirdParty:1030 - CMSIS Pack Vendor :STMicroelectronics X-CUBE-SFXS2LP1 4.0.0
2024-11-05 21:40:36,513 [INFO] ThirdParty:1030 - CMSIS Pack Vendor :STMicroelectronics X-CUBE-BLE2 3.3.0
2024-11-05 21:40:36,513 [INFO] ThirdParty:1030 - CMSIS Pack Vendor :STMicroelectronics PDM2PCM 3.2.0
2024-11-05 21:40:36,513 [INFO] ThirdParty:1030 - CMSIS Pack Vendor :STMicroelectronics X-CUBE-ISPU 1.1.0
2024-11-05 21:40:36,513 [INFO] ThirdParty:1030 - CMSIS Pack Vendor :STMicroelectronics X-CUBE-AZRTOS-H7 3.3.0
2024-11-05 21:40:36,513 [INFO] ThirdParty:1030 - CMSIS Pack Vendor :STMicroelectronics X-CUBE-NFC9 1.0.0
2024-11-05 21:40:36,513 [INFO] ThirdParty:1030 - CMSIS Pack Vendor :STMicroelectronics USB_DEVICE 3.0.0
2024-11-05 21:40:36,513 [INFO] ThirdParty:1030 - CMSIS Pack Vendor :STMicroelectronics X-CUBE-TCPP 4.1.0
2024-11-05 21:40:36,513 [INFO] ThirdParty:1030 - CMSIS Pack Vendor :STMicroelectronics X-CUBE-IPS 3.0.0
2024-11-05 21:40:36,513 [INFO] ThirdParty:1030 - CMSIS Pack Vendor :STMicroelectronics X-CUBE-AZRTOS-WB 2.0.0
2024-11-05 21:40:36,513 [INFO] ThirdParty:1030 - CMSIS Pack Vendor :STMicroelectronics X-CUBE-FREERTOS 1.0.1
2024-11-05 21:40:36,513 [INFO] ThirdParty:1030 - CMSIS Pack Vendor :STMicroelectronics X-CUBE-GNSS1 7.0.0
2024-11-05 21:40:36,513 [INFO] ThirdParty:1030 - CMSIS Pack Vendor :STMicroelectronics FP-SNS-STBOX1 2.0.0
2024-11-05 21:40:36,513 [INFO] ThirdParty:1030 - CMSIS Pack Vendor :STMicroelectronics X-CUBE-ALGOBUILD 1.3.0
2024-11-05 21:40:36,514 [INFO] ThirdParty:1030 - CMSIS Pack Vendor :STMicroelectronics X-CUBE-AZRTOS-L5 1.1.0
2024-11-05 21:40:36,514 [INFO] ThirdParty:1030 - CMSIS Pack Vendor :STMicroelectronics X-CUBE-AZRTOS-G0 1.1.0
2024-11-05 21:40:36,514 [INFO] ThirdParty:1030 - CMSIS Pack Vendor :STMicroelectronics X-CUBE-AI 8.0.1
2024-11-05 21:40:36,514 [INFO] ThirdParty:1030 - CMSIS Pack Vendor :STMicroelectronics X-CUBE-SAFEA1 1.2.2
2024-11-05 21:40:36,514 [INFO] ThirdParty:1030 - CMSIS Pack Vendor :STMicroelectronics X-CUBE-NFC4 3.0.0
2024-11-05 21:40:36,514 [INFO] ThirdParty:1030 - CMSIS Pack Vendor :STMicroelectronics X-CUBE-SUBG2 5.0.0
2024-11-05 21:40:36,514 [INFO] ThirdParty:1030 - CMSIS Pack Vendor :STMicroelectronics STM32_WPAN 1.0.0
2024-11-05 21:40:36,514 [INFO] ThirdParty:1030 - CMSIS Pack Vendor :wolfSSL I-CUBE-wolfMQTT 1.18.0
2024-11-05 21:40:36,514 [INFO] ThirdParty:1030 - CMSIS Pack Vendor :EmbeddedOffice I-CUBE-FS-RTOS 1.0.1
2024-11-05 21:40:36,514 [INFO] ThirdParty:1030 - CMSIS Pack Vendor :STMicroelectronics lwIP 2.0.3
2024-11-05 21:40:36,514 [INFO] ThirdParty:1030 - CMSIS Pack Vendor :Cesanta I-CUBE-Mongoose 7.13.0
2024-11-05 21:40:36,514 [INFO] ThirdParty:1030 - CMSIS Pack Vendor :STMicroelectronics USB_HOST 1.0.0
2024-11-05 21:40:36,514 [INFO] ThirdParty:1030 - CMSIS Pack Vendor :STMicroelectronics X-CUBE-TOF1 3.3.1
2024-11-05 21:40:36,514 [INFO] ThirdParty:1030 - CMSIS Pack Vendor :STMicroelectronics X-CUBE-AZRTOS-G4 2.0.0
2024-11-05 21:40:36,514 [INFO] ThirdParty:1030 - CMSIS Pack Vendor :STMicroelectronics PDM2PCM 3.1.0
2024-11-05 21:40:36,514 [INFO] ThirdParty:1030 - CMSIS Pack Vendor :Infineon AIROC-Wi-Fi-Bluetooth-STM32 1.5.1
2024-11-05 21:40:36,514 [INFO] ThirdParty:1030 - CMSIS Pack Vendor :STMicroelectronics X-CUBE-BLEMGR 3.0.0
2024-11-05 21:40:36,514 [INFO] ThirdParty:1030 - CMSIS Pack Vendor :STMicroelectronics FP-SNS-MOTENVWB1 1.3.0
2024-11-05 21:40:36,514 [INFO] ThirdParty:1030 - CMSIS Pack Vendor :RealThread X-CUBE-RT-Thread_Nano 4.1.1
2024-11-05 21:40:36,514 [INFO] ThirdParty:1030 - CMSIS Pack Vendor :STMicroelectronics FP-SNS-MOTENVWB1 1.3.1
2024-11-05 21:40:36,514 [INFO] ThirdParty:1030 - CMSIS Pack Vendor :STMicroelectronics FP-ATR-SIGFOX1 3.2.0
2024-11-05 21:40:36,514 [INFO] ThirdParty:1030 - CMSIS Pack Vendor :STMicroelectronics X-CUBE-ISPU 2.0.0
2024-11-05 21:40:36,515 [INFO] ThirdParty:1030 - CMSIS Pack Vendor :STMicroelectronics X-CUBE-EEPRMA1 5.1.0
2024-11-05 21:40:36,515 [INFO] ThirdParty:1030 - CMSIS Pack Vendor :STMicroelectronics MBEDTLS 2.16.2
2024-11-05 21:40:36,515 [INFO] ThirdParty:1030 - CMSIS Pack Vendor :STMicroelectronics X-CUBE-ALS 1.0.2
2024-11-05 21:40:36,515 [INFO] ThirdParty:1030 - CMSIS Pack Vendor :STMicroelectronics X-CUBE-MEMS1 10.0.0
2024-11-05 21:40:36,515 [INFO] ThirdParty:1030 - CMSIS Pack Vendor :STMicroelectronics X-CUBE-FREERTOS 1.1.0
2024-11-05 21:40:36,515 [INFO] ThirdParty:1030 - CMSIS Pack Vendor :STMicroelectronics X-CUBE-TOUCHGFX 4.24.1
2024-11-05 21:40:36,515 [INFO] ThirdParty:1030 - CMSIS Pack Vendor :wolfSSL I-CUBE-wolfTPM 3.4.0
2024-11-05 21:40:36,515 [INFO] ThirdParty:1030 - CMSIS Pack Vendor :portGmbH I-Cube-SoM-uGOAL 1.1.0
2024-11-05 21:40:36,515 [INFO] ThirdParty:1030 - CMSIS Pack Vendor :STMicroelectronics X-CUBE-ALS 1.0.1
2024-11-05 21:40:36,515 [INFO] ThirdParty:1030 - CMSIS Pack Vendor :STMicroelectronics ThreadX 1.0.0
2024-11-05 21:40:36,515 [INFO] ThirdParty:1030 - CMSIS Pack Vendor :STMicroelectronics X-CUBE-AZRTOS-WB 1.1.0
2024-11-05 21:40:36,515 [INFO] ThirdParty:1030 - CMSIS Pack Vendor :SEGGER I-CUBE-embOS 1.3.1
2024-11-05 21:40:36,515 [INFO] ThirdParty:1030 - CMSIS Pack Vendor :STMicroelectronics X-CUBE-ALGOBUILD 1.4.0
2024-11-05 21:40:36,515 [INFO] ThirdParty:1030 - CMSIS Pack Vendor :STMicroelectronics X-CUBE-AZRTOS-H7RS 1.0.0
2024-11-05 21:40:36,515 [INFO] ThirdParty:1030 - CMSIS Pack Vendor :STMicroelectronics FP-ATR-ASTRA1 2.0.0
2024-11-05 21:40:36,515 [INFO] ThirdParty:1030 - CMSIS Pack Vendor :STMicroelectronics X-CUBE-TOF1 3.4.2
2024-11-05 21:40:36,515 [INFO] ThirdParty:1030 - CMSIS Pack Vendor :STMicroelectronics X-CUBE-AI 9.1.0
2024-11-05 21:40:36,515 [INFO] ThirdParty:1030 - CMSIS Pack Vendor :STMicroelectronics X-CUBE-TOF1 3.4.0
2024-11-05 21:40:36,515 [INFO] ThirdParty:1030 - CMSIS Pack Vendor :STMicroelectronics X-CUBE-TOF1 3.4.1
2024-11-05 21:40:36,515 [INFO] ThirdParty:1030 - CMSIS Pack Vendor :STMicroelectronics X-CUBE-AZRTOS-H7 3.2.0
2024-11-05 21:40:36,516 [INFO] ThirdParty:1030 - CMSIS Pack Vendor :wolfSSL I-CUBE-wolfSSH 1.4.17
2024-11-05 21:40:36,516 [INFO] ThirdParty:841 - exiting critical section [change project]
2024-11-05 21:40:36,759 [INFO] PinOutPanel:1561 - setPackage(No Configuration,No Configuration)
2024-11-05 21:40:36,760 [INFO] PinOutPanel:1561 - setPackage(STM32F407VGTx,LQFP100)
2024-11-05 21:40:36,942 [INFO] UtilMem:75 - Before build in PCC Used Memory: 770251032 Bytes (1034944512)
2024-11-05 21:40:37,231 [INFO] UtilMem:75 - After build in PCC Used Memory: 814291224 Bytes (1034944512)
2024-11-05 21:40:37,328 [INFO] IPUIPlugin:80 - create IPUIPlugin
2024-11-05 21:40:37,328 [INFO] IPUIPlugin:80 - create IPUIPlugin
2024-11-05 21:40:37,328 [INFO] IPUIPlugin:80 - create IPUIPlugin
2024-11-05 21:40:37,328 [INFO] IPUIPlugin:80 - create IPUIPlugin
2024-11-05 21:40:37,328 [INFO] IPUIPlugin:80 - create IPUIPlugin
2024-11-05 21:40:37,329 [INFO] IPUIPlugin:80 - create IPUIPlugin
2024-11-05 21:40:37,329 [INFO] IPUIPlugin:80 - create IPUIPlugin
2024-11-05 21:40:37,329 [INFO] IPUIPlugin:80 - create IPUIPlugin
2024-11-05 21:40:37,329 [INFO] IPUIPlugin:80 - create IPUIPlugin
2024-11-05 21:40:37,330 [INFO] IPUIPlugin:80 - create IPUIPlugin
2024-11-05 21:40:37,330 [INFO] IPUIPlugin:80 - create IPUIPlugin
2024-11-05 21:40:37,330 [INFO] IPUIPlugin:80 - create IPUIPlugin
2024-11-05 21:40:37,330 [INFO] IPUIPlugin:80 - create IPUIPlugin
2024-11-05 21:40:37,330 [INFO] IPUIPlugin:80 - create IPUIPlugin
2024-11-05 21:40:37,331 [INFO] IPUIPlugin:80 - create IPUIPlugin
2024-11-05 21:40:37,331 [INFO] IPUIPlugin:80 - create IPUIPlugin
2024-11-05 21:40:37,331 [INFO] IPUIPlugin:80 - create IPUIPlugin
2024-11-05 21:40:37,331 [INFO] IPUIPlugin:80 - create IPUIPlugin
2024-11-05 21:40:37,331 [INFO] IPUIPlugin:80 - create IPUIPlugin
2024-11-05 21:40:37,331 [INFO] IPUIPlugin:80 - create IPUIPlugin
2024-11-05 21:40:37,331 [INFO] IPUIPlugin:80 - create IPUIPlugin
2024-11-05 21:40:37,331 [INFO] IPUIPlugin:80 - create IPUIPlugin
2024-11-05 21:40:37,332 [INFO] IPUIPlugin:80 - create IPUIPlugin
2024-11-05 21:40:37,332 [INFO] IPUIPlugin:80 - create IPUIPlugin
2024-11-05 21:40:37,332 [INFO] IPUIPlugin:80 - create IPUIPlugin
2024-11-05 21:40:37,332 [INFO] IPUIPlugin:80 - create IPUIPlugin
2024-11-05 21:40:37,332 [INFO] IPUIPlugin:80 - create IPUIPlugin
2024-11-05 21:40:37,333 [INFO] IPUIPlugin:80 - create IPUIPlugin
2024-11-05 21:40:37,333 [INFO] IPUIPlugin:80 - create IPUIPlugin
2024-11-05 21:40:37,333 [INFO] IPUIPlugin:80 - create IPUIPlugin
2024-11-05 21:40:37,333 [INFO] IPUIPlugin:80 - create IPUIPlugin
2024-11-05 21:40:37,334 [INFO] IPUIPlugin:80 - create IPUIPlugin
2024-11-05 21:40:37,334 [INFO] IPUIPlugin:80 - create IPUIPlugin
2024-11-05 21:40:37,334 [INFO] IPUIPlugin:80 - create IPUIPlugin
2024-11-05 21:40:37,334 [INFO] IPUIPlugin:80 - create IPUIPlugin
2024-11-05 21:40:37,334 [INFO] IPUIPlugin:80 - create IPUIPlugin
2024-11-05 21:40:37,335 [INFO] IPUIPlugin:80 - create IPUIPlugin
2024-11-05 21:40:37,335 [INFO] IPUIPlugin:80 - create IPUIPlugin
2024-11-05 21:40:37,335 [INFO] IPUIPlugin:80 - create IPUIPlugin
2024-11-05 21:40:37,335 [INFO] IPUIPlugin:80 - create IPUIPlugin
2024-11-05 21:40:37,336 [INFO] IPUIPlugin:80 - create IPUIPlugin
2024-11-05 21:40:37,336 [INFO] IPUIPlugin:80 - create IPUIPlugin
2024-11-05 21:40:37,336 [INFO] IPUIPlugin:80 - create IPUIPlugin
2024-11-05 21:40:37,336 [INFO] IPUIPlugin:80 - create IPUIPlugin
2024-11-05 21:40:37,337 [INFO] IPUIPlugin:80 - create IPUIPlugin
2024-11-05 21:40:37,337 [INFO] IPUIPlugin:80 - create IPUIPlugin
2024-11-05 21:40:37,337 [INFO] IPUIPlugin:80 - create IPUIPlugin
2024-11-05 21:40:37,337 [INFO] IPUIPlugin:80 - create IPUIPlugin
2024-11-05 21:40:37,339 [INFO] IPUIPlugin:80 - create IPUIPlugin
2024-11-05 21:40:37,339 [INFO] IPUIPlugin:80 - create IPUIPlugin
2024-11-05 21:40:37,339 [INFO] IPUIPlugin:80 - create IPUIPlugin
2024-11-05 21:40:37,340 [INFO] IPUIPlugin:80 - create IPUIPlugin
2024-11-05 21:40:37,340 [INFO] IPUIPlugin:80 - create IPUIPlugin
2024-11-05 21:40:37,341 [INFO] IPUIPlugin:80 - create IPUIPlugin
2024-11-05 21:40:37,341 [INFO] IPUIPlugin:80 - create IPUIPlugin
2024-11-05 21:40:37,342 [INFO] IPUIPlugin:80 - create IPUIPlugin
2024-11-05 21:40:37,343 [INFO] IPUIPlugin:80 - create IPUIPlugin
2024-11-05 21:40:37,343 [INFO] IPUIPlugin:80 - create IPUIPlugin
2024-11-05 21:40:37,346 [INFO] ApiDbMcu:508 - Load IP Config File for PDM2PCM
2024-11-05 21:40:37,451 [INFO] CADModel:165 - CPN selected for project levelSTM32F407VGT6
2024-11-05 21:40:37,451 [INFO] CADModel:114 - Register for checkConnection events
2024-11-05 21:40:37,490 [INFO] OpenFileManager:363 - Restore cursor
2024-11-05 21:40:38,064 [INFO] UtilMem:75 - End SaveConfig() Used Memory: 447045008 Bytes (1034944512)
2024-11-05 21:40:38,291 [INFO] UtilMem:75 - End SaveConfig() Used Memory: 467973752 Bytes (1034944512)
2024-11-05 21:40:38,573 [INFO] BlockDiagram:2766 - set Specific Code input for plugin: SYS
2024-11-05 21:40:38,573 [INFO] BlockDiagram:2766 - set Specific Code input for plugin: RCC
2024-11-05 21:40:38,573 [INFO] BlockDiagram:2766 - set Specific Code input for plugin: NVIC
2024-11-05 21:40:38,573 [INFO] BlockDiagram:2766 - set Specific Code input for plugin: GPIO
2024-11-05 21:40:38,575 [INFO] CodeGenerator:807 - code generatio: config db path: C:\ST\STM32CubeIDE_1.9.0\STM32CubeIDE\plugins\com.st.stm32cube.common.mx_6.12.1.202409122256\\db\
2024-11-05 21:40:38,692 [INFO] CodeEngine:255 - oldGeneratedFile, C:\learning\MasterRTOS\RTOS_workspace\002LED_Tasks\MXTmpFiles\license.tmp_save
2024-11-05 21:40:38,809 [INFO] CodeEngine:279 - Generated code: C:\learning\MasterRTOS\RTOS_workspace\002LED_Tasks\MXTmpFiles\license.tmp
2024-11-05 21:40:38,865 [INFO] CodeEngine:255 - oldGeneratedFile, C:\learning\MasterRTOS\RTOS_workspace\002LED_Tasks\MXTmpFiles\gpio.tmp_save
2024-11-05 21:40:38,961 [INFO] CodeEngine:279 - Generated code: C:\learning\MasterRTOS\RTOS_workspace\002LED_Tasks\MXTmpFiles\gpio.tmp
2024-11-05 21:40:39,013 [INFO] CodeEngine:255 - oldGeneratedFile, C:\learning\MasterRTOS\RTOS_workspace\002LED_Tasks\Core\Src\stm32f4xx_it.c_save
2024-11-05 21:40:39,220 [INFO] CodeEngine:279 - Generated code: C:\learning\MasterRTOS\RTOS_workspace\002LED_Tasks\Core\Src\stm32f4xx_it.c
2024-11-05 21:40:39,231 [INFO] CodeEngine:255 - oldGeneratedFile, C:\learning\MasterRTOS\RTOS_workspace\002LED_Tasks\Core\Inc\stm32f4xx_it.h_save
2024-11-05 21:40:39,332 [INFO] CodeEngine:279 - Generated code: C:\learning\MasterRTOS\RTOS_workspace\002LED_Tasks\Core\Inc\stm32f4xx_it.h
2024-11-05 21:40:39,356 [INFO] CodeEngine:255 - oldGeneratedFile, C:\learning\MasterRTOS\RTOS_workspace\002LED_Tasks\Core\Src\stm32f4xx_hal_msp.c_save
2024-11-05 21:40:39,507 [INFO] CodeEngine:279 - Generated code: C:\learning\MasterRTOS\RTOS_workspace\002LED_Tasks\Core\Src\stm32f4xx_hal_msp.c
2024-11-05 21:40:39,519 [INFO] CodeEngine:255 - oldGeneratedFile, C:\learning\MasterRTOS\RTOS_workspace\002LED_Tasks\MXTmpFiles\system.tmp_save
2024-11-05 21:40:39,627 [INFO] CodeEngine:279 - Generated code: C:\learning\MasterRTOS\RTOS_workspace\002LED_Tasks\MXTmpFiles\system.tmp
2024-11-05 21:40:39,652 [INFO] CodeEngine:311 - oldGeneratedFile, C:\learning\MasterRTOS\RTOS_workspace\002LED_Tasks\Core\Inc\stm32f4xx_hal_conf.h_save
2024-11-05 21:40:39,756 [INFO] CodeEngine:335 - Generated code: C:\learning\MasterRTOS\RTOS_workspace\002LED_Tasks\Core\Inc\stm32f4xx_hal_conf.h
2024-11-05 21:40:39,805 [INFO] CodeEngine:255 - oldGeneratedFile, C:\learning\MasterRTOS\RTOS_workspace\002LED_Tasks\Core\Inc\main.h_save
2024-11-05 21:40:39,911 [INFO] CodeEngine:279 - Generated code: C:\learning\MasterRTOS\RTOS_workspace\002LED_Tasks\Core\Inc\main.h
2024-11-05 21:40:39,920 [INFO] CodeEngine:255 - oldGeneratedFile, C:\learning\MasterRTOS\RTOS_workspace\002LED_Tasks\Core\Src\main.c_save
2024-11-05 21:40:40,046 [INFO] CodeEngine:279 - Generated code: C:\learning\MasterRTOS\RTOS_workspace\002LED_Tasks\Core\Src\main.c
2024-11-05 21:40:40,570 [INFO] ProjectBuilder:3249 - Time for Copy HAL[1] : 294mS.
2024-11-05 21:40:40,578 [INFO] ProjectBuilder:4828 - Project Generator version: 4.5.0-B34
2024-11-05 21:40:40,727 [INFO] ConfigFileManager:1531 - The Die is : DIE413
2024-11-05 21:40:40,730 [INFO] ApiDbMcu:508 - Load IP Config File for FATFS
2024-11-05 21:40:40,734 [INFO] ApiDbMcu:508 - Load IP Config File for FREERTOS
2024-11-05 21:40:40,736 [INFO] ApiDbMcu:508 - Load IP Config File for LIBJPEG
2024-11-05 21:40:40,743 [INFO] ApiDbMcu:508 - Load IP Config File for LWIP
2024-11-05 21:40:40,750 [INFO] ApiDbMcu:508 - Load IP Config File for MBEDTLS
2024-11-05 21:40:40,758 [INFO] ApiDbMcu:508 - Load IP Config File for USB_DEVICE
2024-11-05 21:40:40,762 [INFO] ApiDbMcu:508 - Load IP Config File for USB_HOST
2024-11-05 21:40:45,085 [INFO] ProjectBuilder:5097 - Time for Generating toolchain IDE Files: 4508mS.
2024-11-05 21:40:45,086 [INFO] ProjectBuilder:3107 - Time for Copy CMSIS : 1mS.
2024-11-05 21:40:45,091 [INFO] ProjectBuilder:3107 - Time for Copy CMSIS : 0mS.
2024-11-05 21:40:45,638 [INFO] McuFinderGlobals:76 - Set McuFinderConnectedMode to true
2024-11-05 21:40:45,642 [INFO] ApiDb:448 - Save user favorites file C:\Users\hsuankai.chang/.stm32cubeide/favorites.mcus.txt: 0 item(s)
2024-11-05 21:40:45,642 [INFO] ApiDb:452 - User favorites MCUs=[]
2024-11-05 21:40:45,644 [INFO] ApiDb:448 - Save user favorites file C:\Users\hsuankai.chang/.stm32cubeide/favorites.boards.txt: 2 item(s)
2024-11-05 21:40:45,644 [INFO] ApiDb:452 - User favorites Boards=[B-L462E-CELL1, B-L475E-IOT01A2]
2024-11-05 21:53:29,810 [INFO] MainUpdater:2873 - connection check result : 10
2024-11-05 21:53:29,810 [INFO] MainUpdater:2873 - connection check result : 10
2024-11-05 21:53:29,824 [INFO] MicroXplorer:468 - Change Database Path : 
2024-11-05 21:53:29,824 [INFO] MicroXplorer:498 - Change Database Version : DB.6.0.121
2024-11-05 21:53:29,831 [ERROR] ProjectManagerView:394 - 
java.lang.NullPointerException: Cannot invoke "javax.swing.JTextField.getText()" because the return value of "java.util.List.get(int)" is null
	at com.st.microxplorer.plugins.projectmanager.gui.ProjectChoiceTab$10.caretUpdate(ProjectChoiceTab.java:2622) ~[filemanager.jar:?]
	at javax.swing.text.JTextComponent.fireCaretUpdate(JTextComponent.java:412) ~[?:?]
	at javax.swing.text.JTextComponent$MutableCaretEvent.fire(JTextComponent.java:4491) ~[?:?]
	at javax.swing.text.JTextComponent$MutableCaretEvent.stateChanged(JTextComponent.java:4513) ~[?:?]
	at javax.swing.text.DefaultCaret.fireStateChanged(DefaultCaret.java:842) ~[?:?]
	at javax.swing.text.DefaultCaret.changeCaretPosition(DefaultCaret.java:1313) ~[?:?]
	at javax.swing.text.DefaultCaret.handleSetDot(DefaultCaret.java:1212) ~[?:?]
	at javax.swing.text.DefaultCaret.setDot(DefaultCaret.java:1193) ~[?:?]
	at javax.swing.text.DefaultCaret$Handler.insertUpdate(DefaultCaret.java:1789) ~[?:?]
	at javax.swing.text.AbstractDocument.fireInsertUpdate(AbstractDocument.java:226) ~[?:?]
	at javax.swing.text.AbstractDocument.handleInsertString(AbstractDocument.java:780) ~[?:?]
	at javax.swing.text.AbstractDocument.insertString(AbstractDocument.java:739) ~[?:?]
	at javax.swing.text.PlainDocument.insertString(PlainDocument.java:131) ~[?:?]
	at javax.swing.text.AbstractDocument.replace(AbstractDocument.java:698) ~[?:?]
	at javax.swing.text.JTextComponent.setText(JTextComponent.java:1729) ~[?:?]
	at com.st.microxplorer.plugins.projectmanager.gui.ProjectChoiceTab.createHeapStackFields(ProjectChoiceTab.java:972) ~[filemanager.jar:?]
	at com.st.microxplorer.plugins.projectmanager.gui.ProjectChoiceTab.buildLinkSettingsPanel(ProjectChoiceTab.java:3597) ~[filemanager.jar:?]
	at com.st.microxplorer.plugins.projectmanager.gui.ProjectChoiceTab.defineWindowsFields(ProjectChoiceTab.java:1940) ~[filemanager.jar:?]
	at com.st.microxplorer.plugins.projectmanager.gui.ProjectChoiceTab.updateSettings(ProjectChoiceTab.java:550) ~[filemanager.jar:?]
	at com.st.microxplorer.plugins.projectmanager.gui.ProjectSettingsPanel.UpdateDialog(ProjectSettingsPanel.java:245) ~[filemanager.jar:?]
	at com.st.microxplorer.plugins.projectmanager.ProjectManagerView.propertyChange(ProjectManagerView.java:391) ~[filemanager.jar:?]
	at java.beans.PropertyChangeSupport.fire(PropertyChangeSupport.java:343) ~[?:?]
	at java.beans.PropertyChangeSupport.firePropertyChange(PropertyChangeSupport.java:335) ~[?:?]
	at java.beans.PropertyChangeSupport.firePropertyChange(PropertyChangeSupport.java:268) ~[?:?]
	at com.st.microxplorer.util.MXPropertyChangeSupport.firePropertyChange(MXPropertyChangeSupport.java:54) ~[STM32CubeMX.jar:?]
	at com.st.microxplorer.mxsystem.MxSystem.closeConfig(MxSystem.java:900) ~[STM32CubeMX.jar:?]
	at com.st.microxplorer.maingui.MainPanel.closeConfig(MainPanel.java:781) ~[STM32CubeMX.jar:?]
	at com.st.microxplorer.plugins.filemanager.engine.OpenFileManager.loadConfigurationFile(OpenFileManager.java:265) ~[filemanager.jar:?]
	at com.st.microxplorer.plugins.filemanager.engine.MainFileManager.userLoadConfig(MainFileManager.java:352) ~[filemanager.jar:?]
	at com.st.microxplorer.plugins.filemanager.engine.MainFileManager.userLoadConfig(MainFileManager.java:330) ~[filemanager.jar:?]
	at com.st.microxplorer.plugins.filemanager.FileManagerView.getSpecificTask(FileManagerView.java:246) ~[filemanager.jar:?]
	at com.st.stm32cube.common.mx.editor.CubeMxEditor.getMxTabbedPaneInstance(CubeMxEditor.java:1198) ~[com.st.stm32cube.common.mx_6.12.1.202409122256/:?]
	at com.st.stm32cube.common.mx.editor.CubeMxEditor$12$1.createSwingComponent(CubeMxEditor.java:1068) ~[com.st.stm32cube.common.mx_6.12.1.202409122256/:?]
	at com.st.stm32cube.common.mx.oss.core.awtswtbridge.EmbeddedSwingComposite.doComponentCreation(EmbeddedSwingComposite.java:492) ~[com.st.stm32cube.common.mx.oss_6.12.1.202409122256/:?]
	at com.st.stm32cube.common.mx.oss.core.awtswtbridge.EmbeddedSwingComposite$4.run(EmbeddedSwingComposite.java:291) ~[com.st.stm32cube.common.mx.oss_6.12.1.202409122256/:?]
	at com.st.stm32cube.common.mx.oss.core.awtswtbridge.AwtEnvironment$2.run(AwtEnvironment.java:166) ~[com.st.stm32cube.common.mx.oss_6.12.1.202409122256/:?]
	at java.awt.event.InvocationEvent.dispatch(InvocationEvent.java:318) ~[?:?]
	at java.awt.EventQueue.dispatchEventImpl(EventQueue.java:773) ~[?:?]
	at java.awt.EventQueue$4.run(EventQueue.java:720) ~[?:?]
	at java.awt.EventQueue$4.run(EventQueue.java:714) ~[?:?]
	at java.security.AccessController.doPrivileged(AccessController.java:399) ~[?:?]
	at java.security.ProtectionDomain$JavaSecurityAccessImpl.doIntersectionPrivilege(ProtectionDomain.java:86) ~[?:?]
	at java.awt.EventQueue.dispatchEvent(EventQueue.java:742) ~[?:?]
	at java.awt.EventDispatchThread.pumpOneEventForFilters(EventDispatchThread.java:203) ~[?:?]
	at java.awt.EventDispatchThread.pumpEventsForFilter(EventDispatchThread.java:124) ~[?:?]
	at java.awt.EventDispatchThread.pumpEventsForHierarchy(EventDispatchThread.java:113) ~[?:?]
	at java.awt.EventDispatchThread.pumpEvents(EventDispatchThread.java:109) ~[?:?]
	at java.awt.EventDispatchThread.pumpEvents(EventDispatchThread.java:101) ~[?:?]
	at java.awt.EventDispatchThread.run(EventDispatchThread.java:90) ~[?:?]
2024-11-05 21:53:29,832 [WARN] ThirdParty:871 - waiting for thirdparty lock release [close project]
2024-11-05 21:53:29,832 [INFO] ThirdParty:873 - entering critical section [close project]
2024-11-05 21:53:29,832 [INFO] ThirdParty:883 - exiting critical section [close project]
2024-11-05 21:53:29,833 [INFO] PinOutPanel:1561 - setPackage(No Configuration,No Configuration)
2024-11-05 21:53:29,837 [WARN] IpParametersView:151 - Warning: This peripheral hasn't parameters
2024-11-05 21:53:29,840 [WARN] MainPanel:284 - <html><b><center>Warning: This peripheral has no parameters to be configured<br></b></html>
2024-11-05 21:53:29,842 [INFO] UtilMem:75 - Begin LoadConfig() Used Memory: 801106608 Bytes (1034944512)
2024-11-05 21:53:29,843 [INFO] MicroXplorer:468 - Change Database Path : 
2024-11-05 21:53:29,843 [INFO] MicroXplorer:498 - Change Database Version : DB.6.0.121
2024-11-05 21:53:29,843 [INFO] OpenFileManager:332 - Change cursor
2024-11-05 21:53:29,859 [INFO] RulesReader:64 - Compatibility file has been processed (297 Rules)
2024-11-05 21:53:29,862 [INFO] Mcu:2032 - Initializing MCU STM32F407V(E-G)Tx STM32F407VGTx STM32F407VGT6
2024-11-05 21:53:31,358 [INFO] Context:742 - Trying to add GPIOservice into a context  which must be forbidden
2024-11-05 21:53:31,951 [INFO] RtosManager:555 - Registered RTOS mode: class=CMSIS, group=RTOS, mode=CMSIS_V1, owner=FREERTOS
2024-11-05 21:53:31,951 [INFO] RtosManager:555 - Registered RTOS mode: class=CMSIS, group=RTOS2, mode=CMSIS_V2, owner=FREERTOS
2024-11-05 21:53:31,951 [INFO] RtosManager:555 - Registered RTOS mode: class=RTOS, group=Core, mode=CMSIS_V1, owner=FREERTOS
2024-11-05 21:53:31,951 [INFO] RtosManager:555 - Registered RTOS mode: class=RTOS, group=Core, mode=CMSIS_V2, owner=FREERTOS
2024-11-05 21:53:31,952 [WARN] ModelIntegratedComponent:184 - Missing modes for component STMicroelectronics:FreeRTOS:0.0.1:STMicroelectronics:RTOS:FreeRTOS:Core:::10.2.0:
2024-11-05 21:53:31,954 [WARN] ModelIntegratedComponent:63 - No mode defined for component null
2024-11-05 21:53:31,954 [WARN] ModelIntegratedComponent:63 - No mode defined for component null
2024-11-05 21:53:31,954 [WARN] ModelIntegratedComponent:63 - No mode defined for component null
2024-11-05 21:53:31,954 [WARN] ModelIntegratedComponent:63 - No mode defined for component null
2024-11-05 21:53:31,954 [WARN] ModelIntegratedComponent:63 - No mode defined for component null
2024-11-05 21:53:31,954 [WARN] ModelIntegratedComponent:63 - No mode defined for component null
2024-11-05 21:53:31,954 [WARN] ModelIntegratedComponent:63 - No mode defined for component null
2024-11-05 21:53:31,954 [WARN] ModelIntegratedComponent:63 - No mode defined for component null
2024-11-05 21:53:31,954 [WARN] ModelIntegratedComponent:63 - No mode defined for component null
2024-11-05 21:53:31,954 [WARN] ModelIntegratedComponent:63 - No mode defined for component null
2024-11-05 21:53:31,954 [WARN] ModelIntegratedComponent:63 - No mode defined for component null
2024-11-05 21:53:31,954 [WARN] ModelIntegratedComponent:63 - No mode defined for component null
2024-11-05 21:53:31,954 [WARN] ModelIntegratedComponent:63 - No mode defined for component null
2024-11-05 21:53:31,954 [WARN] ModelIntegratedComponent:63 - No mode defined for component null
2024-11-05 21:53:31,954 [WARN] ModelIntegratedComponent:63 - No mode defined for component null
2024-11-05 21:53:31,954 [WARN] ModelIntegratedComponent:63 - No mode defined for component null
2024-11-05 21:53:31,954 [WARN] ModelIntegratedComponent:63 - No mode defined for component null
2024-11-05 21:53:31,954 [WARN] ModelIntegratedComponent:63 - No mode defined for component null
2024-11-05 21:53:31,955 [WARN] ModelIntegratedComponent:63 - No mode defined for component null
2024-11-05 21:53:31,955 [WARN] ModelIntegratedComponent:63 - No mode defined for component null
2024-11-05 21:53:31,955 [WARN] ModelIntegratedComponent:63 - No mode defined for component null
2024-11-05 21:53:31,955 [WARN] ModelIntegratedComponent:63 - No mode defined for component null
2024-11-05 21:53:31,955 [WARN] ModelIntegratedComponent:63 - No mode defined for component null
2024-11-05 21:53:31,955 [WARN] ModelIntegratedComponent:63 - No mode defined for component null
2024-11-05 21:53:31,955 [WARN] ModelIntegratedComponent:63 - No mode defined for component null
2024-11-05 21:53:31,955 [WARN] ModelIntegratedComponent:63 - No mode defined for component null
2024-11-05 21:53:31,955 [WARN] ModelIntegratedComponent:63 - No mode defined for component null
2024-11-05 21:53:31,955 [WARN] ModelIntegratedComponent:63 - No mode defined for component null
2024-11-05 21:53:31,955 [WARN] ModelIntegratedComponent:63 - No mode defined for component null
2024-11-05 21:53:31,955 [WARN] ModelIntegratedComponent:63 - No mode defined for component null
2024-11-05 21:53:31,955 [WARN] ModelIntegratedComponent:63 - No mode defined for component null
2024-11-05 21:53:31,955 [WARN] ModelIntegratedComponent:63 - No mode defined for component null
2024-11-05 21:53:31,955 [WARN] ModelIntegratedComponent:63 - No mode defined for component null
2024-11-05 21:53:31,955 [WARN] ModelIntegratedComponent:63 - No mode defined for component null
2024-11-05 21:53:31,955 [WARN] ModelIntegratedComponent:63 - No mode defined for component null
2024-11-05 21:53:31,955 [WARN] ModelPack:524 - Component already loaded: STMicroelectronics:HAL Drivers:0.0.0:STMicroelectronics:Device:STMicro_Driver:XSPI:HAL::0.0.1:HAL_XSPI
2024-11-05 21:53:32,085 [INFO] ThirdPartyModel:298 - Start build external matchings
2024-11-05 21:53:34,846 [INFO] ThirdPartyModel:316 - End build external matchings
2024-11-05 21:53:35,194 [INFO] UtilMem:75 - End LoadConfig() Used Memory: 874212144 Bytes (1034944512)
2024-11-05 21:53:35,213 [WARN] ThirdParty:833 - waiting for thirdparty lock release [change project]
2024-11-05 21:53:35,213 [INFO] ThirdParty:835 - entering critical section [change project]
2024-11-05 21:53:35,213 [INFO] ThirdParty:1030 - CMSIS Pack Vendor :STMicroelectronics USBPD 4.1
2024-11-05 21:53:35,213 [INFO] ThirdParty:1030 - CMSIS Pack Vendor :STMicroelectronics X-CUBE-GNSS1 6.0.0
2024-11-05 21:53:35,213 [INFO] ThirdParty:1030 - CMSIS Pack Vendor :STMicroelectronics USB_HOST 2.0.0
2024-11-05 21:53:35,213 [INFO] ThirdParty:1030 - CMSIS Pack Vendor :STMicroelectronics FP-SNS-MOTENVWB1 1.4.0
2024-11-05 21:53:35,213 [INFO] ThirdParty:1030 - CMSIS Pack Vendor :STMicroelectronics X-CUBE-AZRTOS-F4 1.1.0
2024-11-05 21:53:35,213 [INFO] ThirdParty:1030 - CMSIS Pack Vendor :STMicroelectronics LIBJPEG 8.0.0
2024-11-05 21:53:35,213 [INFO] ThirdParty:1030 - CMSIS Pack Vendor :wolfSSL I-CUBE-wolfSSL 5.6.3
2024-11-05 21:53:35,213 [INFO] ThirdParty:1030 - CMSIS Pack Vendor :STMicroelectronics X-CUBE-SMBUS 2.1.0
2024-11-05 21:53:35,213 [INFO] ThirdParty:1030 - CMSIS Pack Vendor :STMicroelectronics X-CUBE-WB05N 1.1.0
2024-11-05 21:53:35,214 [INFO] ThirdParty:1030 - CMSIS Pack Vendor :STMicroelectronics X-CUBE-ISPU 2.1.0
2024-11-05 21:53:35,214 [INFO] ThirdParty:1030 - CMSIS Pack Vendor :STMicroelectronics X-CUBE-FREERTOS 1.2.0
2024-11-05 21:53:35,214 [INFO] ThirdParty:1030 - CMSIS Pack Vendor :STMicroelectronics X-CUBE-TOUCHGFX 4.23.0
2024-11-05 21:53:35,214 [INFO] ThirdParty:1030 - CMSIS Pack Vendor :STMicroelectronics X-CUBE-TOUCHGFX 4.23.2
2024-11-05 21:53:35,214 [INFO] ThirdParty:1030 - CMSIS Pack Vendor :STMicroelectronics X-CUBE-AZRTOS-F7 1.1.0
2024-11-05 21:53:35,214 [INFO] ThirdParty:1030 - CMSIS Pack Vendor :STMicroelectronics X-CUBE-AZRTOS-L5 2.0.0
2024-11-05 21:53:35,214 [INFO] ThirdParty:1030 - CMSIS Pack Vendor :STMicroelectronics USB_DEVICE 2.0.0
2024-11-05 21:53:35,214 [INFO] ThirdParty:1030 - CMSIS Pack Vendor :STMicroelectronics X-CUBE-MEMS1 9.6.0
2024-11-05 21:53:35,214 [INFO] ThirdParty:1030 - CMSIS Pack Vendor :STMicroelectronics X-CUBE-EEPRMA1 4.2.0
2024-11-05 21:53:35,214 [INFO] ThirdParty:1030 - CMSIS Pack Vendor :STMicroelectronics X-CUBE-NFC6 3.1.0
2024-11-05 21:53:35,214 [INFO] ThirdParty:1030 - CMSIS Pack Vendor :ITTIA_DB I-CUBE-ITTIADB 8.8.0
2024-11-05 21:53:35,214 [INFO] ThirdParty:1030 - CMSIS Pack Vendor :STMicroelectronics FP-SNS-MOTENV1 4.3.2
2024-11-05 21:53:35,214 [INFO] ThirdParty:1030 - CMSIS Pack Vendor :STMicroelectronics FP-SNS-FLIGHT1 5.0.1
2024-11-05 21:53:35,214 [INFO] ThirdParty:1030 - CMSIS Pack Vendor :STMicroelectronics X-CUBE-MEMS1 11.0.0
2024-11-05 21:53:35,214 [INFO] ThirdParty:1030 - CMSIS Pack Vendor :STMicroelectronics X-CUBE-BLE1 6.2.4
2024-11-05 21:53:35,214 [INFO] ThirdParty:1030 - CMSIS Pack Vendor :STMicroelectronics FreeRTOS 0.0.1
2024-11-05 21:53:35,214 [INFO] ThirdParty:1030 - CMSIS Pack Vendor :STMicroelectronics X-CUBE-BLEMGR 2.0.0
2024-11-05 21:53:35,214 [INFO] ThirdParty:1030 - CMSIS Pack Vendor :STMicroelectronics X-CUBE-DPower 1.2.0
2024-11-05 21:53:35,214 [INFO] ThirdParty:1030 - CMSIS Pack Vendor :STMicroelectronics FP-SNS-FLIGHT1 5.0.2
2024-11-05 21:53:35,214 [INFO] ThirdParty:1030 - CMSIS Pack Vendor :STMicroelectronics X-CUBE-AI 9.0.0
2024-11-05 21:53:35,214 [INFO] ThirdParty:1030 - CMSIS Pack Vendor :STMicroelectronics X-CUBE-AZRTOS-H7 3.1.0
2024-11-05 21:53:35,214 [INFO] ThirdParty:1030 - CMSIS Pack Vendor :STMicroelectronics PDM2PCM 3.3.0
2024-11-05 21:53:35,214 [INFO] ThirdParty:1030 - CMSIS Pack Vendor :STMicroelectronics X-CUBE-DISPLAY 3.0.0
2024-11-05 21:53:35,214 [INFO] ThirdParty:1030 - CMSIS Pack Vendor :STMicroelectronics X-CUBE-BLE1 7.0.0
2024-11-05 21:53:35,214 [INFO] ThirdParty:1030 - CMSIS Pack Vendor :STMicroelectronics X-CUBE-NFC10 1.0.0
2024-11-05 21:53:35,214 [INFO] ThirdParty:1030 - CMSIS Pack Vendor :STMicroelectronics HAL Drivers 0.0.0
2024-11-05 21:53:35,214 [INFO] ThirdParty:1030 - CMSIS Pack Vendor :emotas I-CUBE-CANOPEN 1.3.0
2024-11-05 21:53:35,214 [INFO] ThirdParty:1030 - CMSIS Pack Vendor :STMicroelectronics X-CUBE-TOUCHGFX 4.22.0
2024-11-05 21:53:35,214 [INFO] ThirdParty:1030 - CMSIS Pack Vendor :STMicroelectronics X-CUBE-NFC7 1.0.1
2024-11-05 21:53:35,214 [INFO] ThirdParty:1030 - CMSIS Pack Vendor :STMicroelectronics MBEDTLS 2.14.1
2024-11-05 21:53:35,214 [INFO] ThirdParty:1030 - CMSIS Pack Vendor :STMicroelectronics X-CUBE-TOUCHGFX 4.22.1
2024-11-05 21:53:35,215 [INFO] ThirdParty:1030 - CMSIS Pack Vendor :STMicroelectronics X-CUBE-NFC6 3.0.0
2024-11-05 21:53:35,215 [INFO] ThirdParty:1030 - CMSIS Pack Vendor :STMicroelectronics X-CUBE-EEPRMA1 4.1.0
2024-11-05 21:53:35,215 [INFO] ThirdParty:1030 - CMSIS Pack Vendor :STMicroelectronics X-CUBE-BLEMGR 3.1.0
2024-11-05 21:53:35,215 [INFO] ThirdParty:1030 - CMSIS Pack Vendor :STMicroelectronics FP-SNS-SMARTAG2 1.2.0
2024-11-05 21:53:35,215 [INFO] ThirdParty:1030 - CMSIS Pack Vendor :STMicroelectronics X-CUBE-AZRTOS-WL 2.0.0
2024-11-05 21:53:35,215 [INFO] ThirdParty:1030 - CMSIS Pack Vendor :STMicroelectronics FP-SNS-MOTENV1 5.0.0
2024-11-05 21:53:35,215 [INFO] ThirdParty:1030 - CMSIS Pack Vendor :STMicroelectronics USB_DEVICE 1.0.0
2024-11-05 21:53:35,215 [INFO] ThirdParty:1030 - CMSIS Pack Vendor :STMicroelectronics X-CUBE-AI 8.1.0
2024-11-05 21:53:35,215 [INFO] ThirdParty:1030 - CMSIS Pack Vendor :wolfSSL I-CUBE-wolfMQTT 1.19.0
2024-11-05 21:53:35,215 [INFO] ThirdParty:1030 - CMSIS Pack Vendor :STMicroelectronics X-CUBE-AZRTOS-L4 2.0.0
2024-11-05 21:53:35,215 [INFO] ThirdParty:1030 - CMSIS Pack Vendor :STMicroelectronics ThreadX 0.0.2
2024-11-05 21:53:35,215 [INFO] ThirdParty:1030 - CMSIS Pack Vendor :WES I-CUBE-Cesium 1.3.0
2024-11-05 21:53:35,215 [INFO] ThirdParty:1030 - CMSIS Pack Vendor :STMicroelectronics lwIP 2.1.2
2024-11-05 21:53:35,215 [INFO] ThirdParty:1030 - CMSIS Pack Vendor :STMicroelectronics X-CUBE-SFXS2LP1 4.0.0
2024-11-05 21:53:35,215 [INFO] ThirdParty:1030 - CMSIS Pack Vendor :STMicroelectronics X-CUBE-BLE2 3.3.0
2024-11-05 21:53:35,215 [INFO] ThirdParty:1030 - CMSIS Pack Vendor :STMicroelectronics PDM2PCM 3.2.0
2024-11-05 21:53:35,215 [INFO] ThirdParty:1030 - CMSIS Pack Vendor :STMicroelectronics X-CUBE-ISPU 1.1.0
2024-11-05 21:53:35,215 [INFO] ThirdParty:1030 - CMSIS Pack Vendor :STMicroelectronics X-CUBE-AZRTOS-H7 3.3.0
2024-11-05 21:53:35,215 [INFO] ThirdParty:1030 - CMSIS Pack Vendor :STMicroelectronics X-CUBE-NFC9 1.0.0
2024-11-05 21:53:35,215 [INFO] ThirdParty:1030 - CMSIS Pack Vendor :STMicroelectronics USB_DEVICE 3.0.0
2024-11-05 21:53:35,215 [INFO] ThirdParty:1030 - CMSIS Pack Vendor :STMicroelectronics X-CUBE-TCPP 4.1.0
2024-11-05 21:53:35,215 [INFO] ThirdParty:1030 - CMSIS Pack Vendor :STMicroelectronics X-CUBE-IPS 3.0.0
2024-11-05 21:53:35,215 [INFO] ThirdParty:1030 - CMSIS Pack Vendor :STMicroelectronics X-CUBE-AZRTOS-WB 2.0.0
2024-11-05 21:53:35,215 [INFO] ThirdParty:1030 - CMSIS Pack Vendor :STMicroelectronics X-CUBE-FREERTOS 1.0.1
2024-11-05 21:53:35,215 [INFO] ThirdParty:1030 - CMSIS Pack Vendor :STMicroelectronics X-CUBE-GNSS1 7.0.0
2024-11-05 21:53:35,215 [INFO] ThirdParty:1030 - CMSIS Pack Vendor :STMicroelectronics FP-SNS-STBOX1 2.0.0
2024-11-05 21:53:35,215 [INFO] ThirdParty:1030 - CMSIS Pack Vendor :STMicroelectronics X-CUBE-ALGOBUILD 1.3.0
2024-11-05 21:53:35,215 [INFO] ThirdParty:1030 - CMSIS Pack Vendor :STMicroelectronics X-CUBE-AZRTOS-L5 1.1.0
2024-11-05 21:53:35,215 [INFO] ThirdParty:1030 - CMSIS Pack Vendor :STMicroelectronics X-CUBE-AZRTOS-G0 1.1.0
2024-11-05 21:53:35,215 [INFO] ThirdParty:1030 - CMSIS Pack Vendor :STMicroelectronics X-CUBE-AI 8.0.1
2024-11-05 21:53:35,215 [INFO] ThirdParty:1030 - CMSIS Pack Vendor :STMicroelectronics X-CUBE-SAFEA1 1.2.2
2024-11-05 21:53:35,215 [INFO] ThirdParty:1030 - CMSIS Pack Vendor :STMicroelectronics X-CUBE-NFC4 3.0.0
2024-11-05 21:53:35,215 [INFO] ThirdParty:1030 - CMSIS Pack Vendor :STMicroelectronics X-CUBE-SUBG2 5.0.0
2024-11-05 21:53:35,215 [INFO] ThirdParty:1030 - CMSIS Pack Vendor :STMicroelectronics STM32_WPAN 1.0.0
2024-11-05 21:53:35,215 [INFO] ThirdParty:1030 - CMSIS Pack Vendor :wolfSSL I-CUBE-wolfMQTT 1.18.0
2024-11-05 21:53:35,215 [INFO] ThirdParty:1030 - CMSIS Pack Vendor :EmbeddedOffice I-CUBE-FS-RTOS 1.0.1
2024-11-05 21:53:35,215 [INFO] ThirdParty:1030 - CMSIS Pack Vendor :STMicroelectronics lwIP 2.0.3
2024-11-05 21:53:35,215 [INFO] ThirdParty:1030 - CMSIS Pack Vendor :Cesanta I-CUBE-Mongoose 7.13.0
2024-11-05 21:53:35,215 [INFO] ThirdParty:1030 - CMSIS Pack Vendor :STMicroelectronics USB_HOST 1.0.0
2024-11-05 21:53:35,215 [INFO] ThirdParty:1030 - CMSIS Pack Vendor :STMicroelectronics X-CUBE-TOF1 3.3.1
2024-11-05 21:53:35,215 [INFO] ThirdParty:1030 - CMSIS Pack Vendor :STMicroelectronics X-CUBE-AZRTOS-G4 2.0.0
2024-11-05 21:53:35,215 [INFO] ThirdParty:1030 - CMSIS Pack Vendor :STMicroelectronics PDM2PCM 3.1.0
2024-11-05 21:53:35,215 [INFO] ThirdParty:1030 - CMSIS Pack Vendor :Infineon AIROC-Wi-Fi-Bluetooth-STM32 1.5.1
2024-11-05 21:53:35,215 [INFO] ThirdParty:1030 - CMSIS Pack Vendor :STMicroelectronics X-CUBE-BLEMGR 3.0.0
2024-11-05 21:53:35,215 [INFO] ThirdParty:1030 - CMSIS Pack Vendor :STMicroelectronics FP-SNS-MOTENVWB1 1.3.0
2024-11-05 21:53:35,215 [INFO] ThirdParty:1030 - CMSIS Pack Vendor :RealThread X-CUBE-RT-Thread_Nano 4.1.1
2024-11-05 21:53:35,215 [INFO] ThirdParty:1030 - CMSIS Pack Vendor :STMicroelectronics FP-SNS-MOTENVWB1 1.3.1
2024-11-05 21:53:35,215 [INFO] ThirdParty:1030 - CMSIS Pack Vendor :STMicroelectronics FP-ATR-SIGFOX1 3.2.0
2024-11-05 21:53:35,215 [INFO] ThirdParty:1030 - CMSIS Pack Vendor :STMicroelectronics X-CUBE-ISPU 2.0.0
2024-11-05 21:53:35,215 [INFO] ThirdParty:1030 - CMSIS Pack Vendor :STMicroelectronics X-CUBE-EEPRMA1 5.1.0
2024-11-05 21:53:35,215 [INFO] ThirdParty:1030 - CMSIS Pack Vendor :STMicroelectronics MBEDTLS 2.16.2
2024-11-05 21:53:35,215 [INFO] ThirdParty:1030 - CMSIS Pack Vendor :STMicroelectronics X-CUBE-ALS 1.0.2
2024-11-05 21:53:35,215 [INFO] ThirdParty:1030 - CMSIS Pack Vendor :STMicroelectronics X-CUBE-MEMS1 10.0.0
2024-11-05 21:53:35,215 [INFO] ThirdParty:1030 - CMSIS Pack Vendor :STMicroelectronics X-CUBE-FREERTOS 1.1.0
2024-11-05 21:53:35,215 [INFO] ThirdParty:1030 - CMSIS Pack Vendor :STMicroelectronics X-CUBE-TOUCHGFX 4.24.1
2024-11-05 21:53:35,215 [INFO] ThirdParty:1030 - CMSIS Pack Vendor :wolfSSL I-CUBE-wolfTPM 3.4.0
2024-11-05 21:53:35,215 [INFO] ThirdParty:1030 - CMSIS Pack Vendor :portGmbH I-Cube-SoM-uGOAL 1.1.0
2024-11-05 21:53:35,215 [INFO] ThirdParty:1030 - CMSIS Pack Vendor :STMicroelectronics X-CUBE-ALS 1.0.1
2024-11-05 21:53:35,215 [INFO] ThirdParty:1030 - CMSIS Pack Vendor :STMicroelectronics ThreadX 1.0.0
2024-11-05 21:53:35,215 [INFO] ThirdParty:1030 - CMSIS Pack Vendor :STMicroelectronics X-CUBE-AZRTOS-WB 1.1.0
2024-11-05 21:53:35,216 [INFO] ThirdParty:1030 - CMSIS Pack Vendor :SEGGER I-CUBE-embOS 1.3.1
2024-11-05 21:53:35,216 [INFO] ThirdParty:1030 - CMSIS Pack Vendor :STMicroelectronics X-CUBE-ALGOBUILD 1.4.0
2024-11-05 21:53:35,216 [INFO] ThirdParty:1030 - CMSIS Pack Vendor :STMicroelectronics X-CUBE-AZRTOS-H7RS 1.0.0
2024-11-05 21:53:35,216 [INFO] ThirdParty:1030 - CMSIS Pack Vendor :STMicroelectronics FP-ATR-ASTRA1 2.0.0
2024-11-05 21:53:35,216 [INFO] ThirdParty:1030 - CMSIS Pack Vendor :STMicroelectronics X-CUBE-TOF1 3.4.2
2024-11-05 21:53:35,216 [INFO] ThirdParty:1030 - CMSIS Pack Vendor :STMicroelectronics X-CUBE-AI 9.1.0
2024-11-05 21:53:35,216 [INFO] ThirdParty:1030 - CMSIS Pack Vendor :STMicroelectronics X-CUBE-TOF1 3.4.0
2024-11-05 21:53:35,216 [INFO] ThirdParty:1030 - CMSIS Pack Vendor :STMicroelectronics X-CUBE-TOF1 3.4.1
2024-11-05 21:53:35,216 [INFO] ThirdParty:1030 - CMSIS Pack Vendor :STMicroelectronics X-CUBE-AZRTOS-H7 3.2.0
2024-11-05 21:53:35,216 [INFO] ThirdParty:1030 - CMSIS Pack Vendor :wolfSSL I-CUBE-wolfSSH 1.4.17
2024-11-05 21:53:35,216 [INFO] ThirdParty:841 - exiting critical section [change project]
2024-11-05 21:53:35,416 [INFO] PinOutPanel:1561 - setPackage(No Configuration,No Configuration)
2024-11-05 21:53:35,416 [INFO] PinOutPanel:1561 - setPackage(STM32F407VGTx,LQFP100)
2024-11-05 21:53:35,878 [INFO] UtilMem:75 - Before build in PCC Used Memory: 424101920 Bytes (1034944512)
2024-11-05 21:53:36,098 [INFO] UtilMem:75 - After build in PCC Used Memory: 468142112 Bytes (1034944512)
2024-11-05 21:53:36,121 [INFO] IPUIPlugin:80 - create IPUIPlugin
2024-11-05 21:53:36,121 [INFO] IPUIPlugin:80 - create IPUIPlugin
2024-11-05 21:53:36,121 [INFO] IPUIPlugin:80 - create IPUIPlugin
2024-11-05 21:53:36,121 [INFO] IPUIPlugin:80 - create IPUIPlugin
2024-11-05 21:53:36,121 [INFO] IPUIPlugin:80 - create IPUIPlugin
2024-11-05 21:53:36,121 [INFO] IPUIPlugin:80 - create IPUIPlugin
2024-11-05 21:53:36,122 [INFO] IPUIPlugin:80 - create IPUIPlugin
2024-11-05 21:53:36,122 [INFO] IPUIPlugin:80 - create IPUIPlugin
2024-11-05 21:53:36,122 [INFO] IPUIPlugin:80 - create IPUIPlugin
2024-11-05 21:53:36,122 [INFO] IPUIPlugin:80 - create IPUIPlugin
2024-11-05 21:53:36,122 [INFO] IPUIPlugin:80 - create IPUIPlugin
2024-11-05 21:53:36,122 [INFO] IPUIPlugin:80 - create IPUIPlugin
2024-11-05 21:53:36,122 [INFO] IPUIPlugin:80 - create IPUIPlugin
2024-11-05 21:53:36,123 [INFO] IPUIPlugin:80 - create IPUIPlugin
2024-11-05 21:53:36,123 [INFO] IPUIPlugin:80 - create IPUIPlugin
2024-11-05 21:53:36,123 [INFO] IPUIPlugin:80 - create IPUIPlugin
2024-11-05 21:53:36,123 [INFO] IPUIPlugin:80 - create IPUIPlugin
2024-11-05 21:53:36,123 [INFO] IPUIPlugin:80 - create IPUIPlugin
2024-11-05 21:53:36,123 [INFO] IPUIPlugin:80 - create IPUIPlugin
2024-11-05 21:53:36,123 [INFO] IPUIPlugin:80 - create IPUIPlugin
2024-11-05 21:53:36,123 [INFO] IPUIPlugin:80 - create IPUIPlugin
2024-11-05 21:53:36,124 [INFO] IPUIPlugin:80 - create IPUIPlugin
2024-11-05 21:53:36,124 [INFO] IPUIPlugin:80 - create IPUIPlugin
2024-11-05 21:53:36,124 [INFO] IPUIPlugin:80 - create IPUIPlugin
2024-11-05 21:53:36,124 [INFO] IPUIPlugin:80 - create IPUIPlugin
2024-11-05 21:53:36,124 [INFO] IPUIPlugin:80 - create IPUIPlugin
2024-11-05 21:53:36,124 [INFO] IPUIPlugin:80 - create IPUIPlugin
2024-11-05 21:53:36,125 [INFO] IPUIPlugin:80 - create IPUIPlugin
2024-11-05 21:53:36,125 [INFO] IPUIPlugin:80 - create IPUIPlugin
2024-11-05 21:53:36,125 [INFO] IPUIPlugin:80 - create IPUIPlugin
2024-11-05 21:53:36,125 [INFO] IPUIPlugin:80 - create IPUIPlugin
2024-11-05 21:53:36,125 [INFO] IPUIPlugin:80 - create IPUIPlugin
2024-11-05 21:53:36,126 [INFO] IPUIPlugin:80 - create IPUIPlugin
2024-11-05 21:53:36,126 [INFO] IPUIPlugin:80 - create IPUIPlugin
2024-11-05 21:53:36,126 [INFO] IPUIPlugin:80 - create IPUIPlugin
2024-11-05 21:53:36,126 [INFO] IPUIPlugin:80 - create IPUIPlugin
2024-11-05 21:53:36,127 [INFO] IPUIPlugin:80 - create IPUIPlugin
2024-11-05 21:53:36,127 [INFO] IPUIPlugin:80 - create IPUIPlugin
2024-11-05 21:53:36,127 [INFO] IPUIPlugin:80 - create IPUIPlugin
2024-11-05 21:53:36,127 [INFO] IPUIPlugin:80 - create IPUIPlugin
2024-11-05 21:53:36,127 [INFO] IPUIPlugin:80 - create IPUIPlugin
2024-11-05 21:53:36,128 [INFO] IPUIPlugin:80 - create IPUIPlugin
2024-11-05 21:53:36,128 [INFO] IPUIPlugin:80 - create IPUIPlugin
2024-11-05 21:53:36,128 [INFO] IPUIPlugin:80 - create IPUIPlugin
2024-11-05 21:53:36,129 [INFO] IPUIPlugin:80 - create IPUIPlugin
2024-11-05 21:53:36,130 [INFO] IPUIPlugin:80 - create IPUIPlugin
2024-11-05 21:53:36,130 [INFO] IPUIPlugin:80 - create IPUIPlugin
2024-11-05 21:53:36,130 [INFO] IPUIPlugin:80 - create IPUIPlugin
2024-11-05 21:53:36,131 [INFO] IPUIPlugin:80 - create IPUIPlugin
2024-11-05 21:53:36,131 [INFO] IPUIPlugin:80 - create IPUIPlugin
2024-11-05 21:53:36,132 [INFO] IPUIPlugin:80 - create IPUIPlugin
2024-11-05 21:53:36,132 [INFO] IPUIPlugin:80 - create IPUIPlugin
2024-11-05 21:53:36,132 [INFO] IPUIPlugin:80 - create IPUIPlugin
2024-11-05 21:53:36,133 [INFO] IPUIPlugin:80 - create IPUIPlugin
2024-11-05 21:53:36,133 [INFO] IPUIPlugin:80 - create IPUIPlugin
2024-11-05 21:53:36,134 [INFO] IPUIPlugin:80 - create IPUIPlugin
2024-11-05 21:53:36,134 [INFO] IPUIPlugin:80 - create IPUIPlugin
2024-11-05 21:53:36,135 [INFO] IPUIPlugin:80 - create IPUIPlugin
2024-11-05 21:53:36,137 [INFO] ApiDbMcu:508 - Load IP Config File for PDM2PCM
2024-11-05 21:53:36,187 [INFO] CADModel:165 - CPN selected for project levelSTM32F407VGT6
2024-11-05 21:53:36,187 [INFO] CADModel:114 - Register for checkConnection events
2024-11-05 21:53:36,226 [INFO] OpenFileManager:363 - Restore cursor
2024-11-05 21:53:56,092 [INFO] Gpio:277 - dependency for GPIO []
2024-11-05 21:59:23,474 [INFO] MainUpdater:2873 - connection check result : 10
2024-11-05 21:59:23,474 [INFO] MainUpdater:2873 - connection check result : 10
2024-11-05 21:59:23,488 [INFO] MicroXplorer:468 - Change Database Path : 
2024-11-05 21:59:23,488 [INFO] MicroXplorer:498 - Change Database Version : DB.6.0.121
2024-11-05 21:59:23,494 [ERROR] ProjectManagerView:394 - 
java.lang.NullPointerException: Cannot invoke "javax.swing.JTextField.getText()" because the return value of "java.util.List.get(int)" is null
	at com.st.microxplorer.plugins.projectmanager.gui.ProjectChoiceTab$10.caretUpdate(ProjectChoiceTab.java:2622) ~[filemanager.jar:?]
	at javax.swing.text.JTextComponent.fireCaretUpdate(JTextComponent.java:412) ~[?:?]
	at javax.swing.text.JTextComponent$MutableCaretEvent.fire(JTextComponent.java:4491) ~[?:?]
	at javax.swing.text.JTextComponent$MutableCaretEvent.stateChanged(JTextComponent.java:4513) ~[?:?]
	at javax.swing.text.DefaultCaret.fireStateChanged(DefaultCaret.java:842) ~[?:?]
	at javax.swing.text.DefaultCaret.changeCaretPosition(DefaultCaret.java:1313) ~[?:?]
	at javax.swing.text.DefaultCaret.handleSetDot(DefaultCaret.java:1212) ~[?:?]
	at javax.swing.text.DefaultCaret.setDot(DefaultCaret.java:1193) ~[?:?]
	at javax.swing.text.DefaultCaret$Handler.insertUpdate(DefaultCaret.java:1789) ~[?:?]
	at javax.swing.text.AbstractDocument.fireInsertUpdate(AbstractDocument.java:226) ~[?:?]
	at javax.swing.text.AbstractDocument.handleInsertString(AbstractDocument.java:780) ~[?:?]
	at javax.swing.text.AbstractDocument.insertString(AbstractDocument.java:739) ~[?:?]
	at javax.swing.text.PlainDocument.insertString(PlainDocument.java:131) ~[?:?]
	at javax.swing.text.AbstractDocument.replace(AbstractDocument.java:698) ~[?:?]
	at javax.swing.text.JTextComponent.setText(JTextComponent.java:1729) ~[?:?]
	at com.st.microxplorer.plugins.projectmanager.gui.ProjectChoiceTab.createHeapStackFields(ProjectChoiceTab.java:972) ~[filemanager.jar:?]
	at com.st.microxplorer.plugins.projectmanager.gui.ProjectChoiceTab.buildLinkSettingsPanel(ProjectChoiceTab.java:3597) ~[filemanager.jar:?]
	at com.st.microxplorer.plugins.projectmanager.gui.ProjectChoiceTab.defineWindowsFields(ProjectChoiceTab.java:1940) ~[filemanager.jar:?]
	at com.st.microxplorer.plugins.projectmanager.gui.ProjectChoiceTab.updateSettings(ProjectChoiceTab.java:550) ~[filemanager.jar:?]
	at com.st.microxplorer.plugins.projectmanager.gui.ProjectSettingsPanel.UpdateDialog(ProjectSettingsPanel.java:245) ~[filemanager.jar:?]
	at com.st.microxplorer.plugins.projectmanager.ProjectManagerView.propertyChange(ProjectManagerView.java:391) ~[filemanager.jar:?]
	at java.beans.PropertyChangeSupport.fire(PropertyChangeSupport.java:343) ~[?:?]
	at java.beans.PropertyChangeSupport.firePropertyChange(PropertyChangeSupport.java:335) ~[?:?]
	at java.beans.PropertyChangeSupport.firePropertyChange(PropertyChangeSupport.java:268) ~[?:?]
	at com.st.microxplorer.util.MXPropertyChangeSupport.firePropertyChange(MXPropertyChangeSupport.java:54) ~[STM32CubeMX.jar:?]
	at com.st.microxplorer.mxsystem.MxSystem.closeConfig(MxSystem.java:900) ~[STM32CubeMX.jar:?]
	at com.st.microxplorer.maingui.MainPanel.closeConfig(MainPanel.java:781) ~[STM32CubeMX.jar:?]
	at com.st.microxplorer.plugins.filemanager.engine.OpenFileManager.loadConfigurationFile(OpenFileManager.java:265) ~[filemanager.jar:?]
	at com.st.microxplorer.plugins.filemanager.engine.MainFileManager.userLoadConfig(MainFileManager.java:352) ~[filemanager.jar:?]
	at com.st.microxplorer.plugins.filemanager.engine.MainFileManager.userLoadConfig(MainFileManager.java:330) ~[filemanager.jar:?]
	at com.st.microxplorer.plugins.filemanager.FileManagerView.getSpecificTask(FileManagerView.java:246) ~[filemanager.jar:?]
	at com.st.stm32cube.common.mx.editor.CubeMxEditor.getMxTabbedPaneInstance(CubeMxEditor.java:1198) ~[com.st.stm32cube.common.mx_6.12.1.202409122256/:?]
	at com.st.stm32cube.common.mx.editor.CubeMxEditor$12$1.createSwingComponent(CubeMxEditor.java:1068) ~[com.st.stm32cube.common.mx_6.12.1.202409122256/:?]
	at com.st.stm32cube.common.mx.oss.core.awtswtbridge.EmbeddedSwingComposite.doComponentCreation(EmbeddedSwingComposite.java:492) ~[com.st.stm32cube.common.mx.oss_6.12.1.202409122256/:?]
	at com.st.stm32cube.common.mx.oss.core.awtswtbridge.EmbeddedSwingComposite$4.run(EmbeddedSwingComposite.java:291) ~[com.st.stm32cube.common.mx.oss_6.12.1.202409122256/:?]
	at com.st.stm32cube.common.mx.oss.core.awtswtbridge.AwtEnvironment$2.run(AwtEnvironment.java:166) ~[com.st.stm32cube.common.mx.oss_6.12.1.202409122256/:?]
	at java.awt.event.InvocationEvent.dispatch(InvocationEvent.java:318) ~[?:?]
	at java.awt.EventQueue.dispatchEventImpl(EventQueue.java:773) ~[?:?]
	at java.awt.EventQueue$4.run(EventQueue.java:720) ~[?:?]
	at java.awt.EventQueue$4.run(EventQueue.java:714) ~[?:?]
	at java.security.AccessController.doPrivileged(AccessController.java:399) ~[?:?]
	at java.security.ProtectionDomain$JavaSecurityAccessImpl.doIntersectionPrivilege(ProtectionDomain.java:86) ~[?:?]
	at java.awt.EventQueue.dispatchEvent(EventQueue.java:742) ~[?:?]
	at java.awt.EventDispatchThread.pumpOneEventForFilters(EventDispatchThread.java:203) ~[?:?]
	at java.awt.EventDispatchThread.pumpEventsForFilter(EventDispatchThread.java:124) ~[?:?]
	at java.awt.EventDispatchThread.pumpEventsForHierarchy(EventDispatchThread.java:113) ~[?:?]
	at java.awt.EventDispatchThread.pumpEvents(EventDispatchThread.java:109) ~[?:?]
	at java.awt.EventDispatchThread.pumpEvents(EventDispatchThread.java:101) ~[?:?]
	at java.awt.EventDispatchThread.run(EventDispatchThread.java:90) ~[?:?]
2024-11-05 21:59:23,496 [WARN] ThirdParty:871 - waiting for thirdparty lock release [close project]
2024-11-05 21:59:23,496 [INFO] ThirdParty:873 - entering critical section [close project]
2024-11-05 21:59:23,496 [INFO] ThirdParty:883 - exiting critical section [close project]
2024-11-05 21:59:23,497 [INFO] PinOutPanel:1561 - setPackage(No Configuration,No Configuration)
2024-11-05 21:59:23,502 [WARN] IpParametersView:151 - Warning: This peripheral hasn't parameters
2024-11-05 21:59:23,506 [WARN] MainPanel:284 - <html><b><center>Warning: This peripheral has no parameters to be configured<br></b></html>
2024-11-05 21:59:23,508 [INFO] UtilMem:75 - Begin LoadConfig() Used Memory: 861985688 Bytes (1034944512)
2024-11-05 21:59:23,509 [INFO] MicroXplorer:468 - Change Database Path : 
2024-11-05 21:59:23,509 [INFO] MicroXplorer:498 - Change Database Version : DB.6.0.121
2024-11-05 21:59:23,509 [INFO] OpenFileManager:332 - Change cursor
2024-11-05 21:59:23,520 [INFO] Mcu:2032 - Initializing MCU STM32F407V(E-G)Tx STM32F407VGTx STM32F407VGT6
2024-11-05 21:59:25,096 [INFO] Context:742 - Trying to add GPIOservice into a context  which must be forbidden
2024-11-05 21:59:25,711 [INFO] RtosManager:555 - Registered RTOS mode: class=CMSIS, group=RTOS, mode=CMSIS_V1, owner=FREERTOS
2024-11-05 21:59:25,711 [INFO] RtosManager:555 - Registered RTOS mode: class=CMSIS, group=RTOS2, mode=CMSIS_V2, owner=FREERTOS
2024-11-05 21:59:25,711 [INFO] RtosManager:555 - Registered RTOS mode: class=RTOS, group=Core, mode=CMSIS_V1, owner=FREERTOS
2024-11-05 21:59:25,711 [INFO] RtosManager:555 - Registered RTOS mode: class=RTOS, group=Core, mode=CMSIS_V2, owner=FREERTOS
2024-11-05 21:59:25,711 [WARN] ModelIntegratedComponent:184 - Missing modes for component STMicroelectronics:FreeRTOS:0.0.1:STMicroelectronics:RTOS:FreeRTOS:Core:::10.2.0:
2024-11-05 21:59:25,714 [WARN] ModelIntegratedComponent:63 - No mode defined for component null
2024-11-05 21:59:25,714 [WARN] ModelIntegratedComponent:63 - No mode defined for component null
2024-11-05 21:59:25,714 [WARN] ModelIntegratedComponent:63 - No mode defined for component null
2024-11-05 21:59:25,714 [WARN] ModelIntegratedComponent:63 - No mode defined for component null
2024-11-05 21:59:25,714 [WARN] ModelIntegratedComponent:63 - No mode defined for component null
2024-11-05 21:59:25,714 [WARN] ModelIntegratedComponent:63 - No mode defined for component null
2024-11-05 21:59:25,714 [WARN] ModelIntegratedComponent:63 - No mode defined for component null
2024-11-05 21:59:25,714 [WARN] ModelIntegratedComponent:63 - No mode defined for component null
2024-11-05 21:59:25,714 [WARN] ModelIntegratedComponent:63 - No mode defined for component null
2024-11-05 21:59:25,714 [WARN] ModelIntegratedComponent:63 - No mode defined for component null
2024-11-05 21:59:25,714 [WARN] ModelIntegratedComponent:63 - No mode defined for component null
2024-11-05 21:59:25,714 [WARN] ModelIntegratedComponent:63 - No mode defined for component null
2024-11-05 21:59:25,714 [WARN] ModelIntegratedComponent:63 - No mode defined for component null
2024-11-05 21:59:25,714 [WARN] ModelIntegratedComponent:63 - No mode defined for component null
2024-11-05 21:59:25,714 [WARN] ModelIntegratedComponent:63 - No mode defined for component null
2024-11-05 21:59:25,714 [WARN] ModelIntegratedComponent:63 - No mode defined for component null
2024-11-05 21:59:25,714 [WARN] ModelIntegratedComponent:63 - No mode defined for component null
2024-11-05 21:59:25,714 [WARN] ModelIntegratedComponent:63 - No mode defined for component null
2024-11-05 21:59:25,714 [WARN] ModelIntegratedComponent:63 - No mode defined for component null
2024-11-05 21:59:25,714 [WARN] ModelIntegratedComponent:63 - No mode defined for component null
2024-11-05 21:59:25,714 [WARN] ModelIntegratedComponent:63 - No mode defined for component null
2024-11-05 21:59:25,714 [WARN] ModelIntegratedComponent:63 - No mode defined for component null
2024-11-05 21:59:25,714 [WARN] ModelIntegratedComponent:63 - No mode defined for component null
2024-11-05 21:59:25,714 [WARN] ModelIntegratedComponent:63 - No mode defined for component null
2024-11-05 21:59:25,714 [WARN] ModelIntegratedComponent:63 - No mode defined for component null
2024-11-05 21:59:25,714 [WARN] ModelIntegratedComponent:63 - No mode defined for component null
2024-11-05 21:59:25,714 [WARN] ModelIntegratedComponent:63 - No mode defined for component null
2024-11-05 21:59:25,715 [WARN] ModelIntegratedComponent:63 - No mode defined for component null
2024-11-05 21:59:25,715 [WARN] ModelIntegratedComponent:63 - No mode defined for component null
2024-11-05 21:59:25,715 [WARN] ModelIntegratedComponent:63 - No mode defined for component null
2024-11-05 21:59:25,715 [WARN] ModelIntegratedComponent:63 - No mode defined for component null
2024-11-05 21:59:25,715 [WARN] ModelIntegratedComponent:63 - No mode defined for component null
2024-11-05 21:59:25,715 [WARN] ModelIntegratedComponent:63 - No mode defined for component null
2024-11-05 21:59:25,715 [WARN] ModelIntegratedComponent:63 - No mode defined for component null
2024-11-05 21:59:25,715 [WARN] ModelIntegratedComponent:63 - No mode defined for component null
2024-11-05 21:59:25,715 [WARN] ModelPack:524 - Component already loaded: STMicroelectronics:HAL Drivers:0.0.0:STMicroelectronics:Device:STMicro_Driver:XSPI:HAL::0.0.1:HAL_XSPI
2024-11-05 21:59:25,876 [INFO] ThirdPartyModel:298 - Start build external matchings
2024-11-05 21:59:28,684 [INFO] ThirdPartyModel:316 - End build external matchings
2024-11-05 21:59:29,062 [INFO] UtilMem:75 - End LoadConfig() Used Memory: 904709584 Bytes (1034944512)
2024-11-05 21:59:29,079 [WARN] ThirdParty:833 - waiting for thirdparty lock release [change project]
2024-11-05 21:59:29,080 [INFO] ThirdParty:835 - entering critical section [change project]
2024-11-05 21:59:29,080 [INFO] ThirdParty:1030 - CMSIS Pack Vendor :STMicroelectronics USBPD 4.1
2024-11-05 21:59:29,080 [INFO] ThirdParty:1030 - CMSIS Pack Vendor :STMicroelectronics X-CUBE-GNSS1 6.0.0
2024-11-05 21:59:29,080 [INFO] ThirdParty:1030 - CMSIS Pack Vendor :STMicroelectronics USB_HOST 2.0.0
2024-11-05 21:59:29,080 [INFO] ThirdParty:1030 - CMSIS Pack Vendor :STMicroelectronics FP-SNS-MOTENVWB1 1.4.0
2024-11-05 21:59:29,080 [INFO] ThirdParty:1030 - CMSIS Pack Vendor :STMicroelectronics X-CUBE-AZRTOS-F4 1.1.0
2024-11-05 21:59:29,080 [INFO] ThirdParty:1030 - CMSIS Pack Vendor :STMicroelectronics LIBJPEG 8.0.0
2024-11-05 21:59:29,080 [INFO] ThirdParty:1030 - CMSIS Pack Vendor :wolfSSL I-CUBE-wolfSSL 5.6.3
2024-11-05 21:59:29,080 [INFO] ThirdParty:1030 - CMSIS Pack Vendor :STMicroelectronics X-CUBE-SMBUS 2.1.0
2024-11-05 21:59:29,080 [INFO] ThirdParty:1030 - CMSIS Pack Vendor :STMicroelectronics X-CUBE-WB05N 1.1.0
2024-11-05 21:59:29,081 [INFO] ThirdParty:1030 - CMSIS Pack Vendor :STMicroelectronics X-CUBE-ISPU 2.1.0
2024-11-05 21:59:29,081 [INFO] ThirdParty:1030 - CMSIS Pack Vendor :STMicroelectronics X-CUBE-FREERTOS 1.2.0
2024-11-05 21:59:29,081 [INFO] ThirdParty:1030 - CMSIS Pack Vendor :STMicroelectronics X-CUBE-TOUCHGFX 4.23.0
2024-11-05 21:59:29,081 [INFO] ThirdParty:1030 - CMSIS Pack Vendor :STMicroelectronics X-CUBE-TOUCHGFX 4.23.2
2024-11-05 21:59:29,081 [INFO] ThirdParty:1030 - CMSIS Pack Vendor :STMicroelectronics X-CUBE-AZRTOS-F7 1.1.0
2024-11-05 21:59:29,081 [INFO] ThirdParty:1030 - CMSIS Pack Vendor :STMicroelectronics X-CUBE-AZRTOS-L5 2.0.0
2024-11-05 21:59:29,081 [INFO] ThirdParty:1030 - CMSIS Pack Vendor :STMicroelectronics USB_DEVICE 2.0.0
2024-11-05 21:59:29,081 [INFO] ThirdParty:1030 - CMSIS Pack Vendor :STMicroelectronics X-CUBE-MEMS1 9.6.0
2024-11-05 21:59:29,081 [INFO] ThirdParty:1030 - CMSIS Pack Vendor :STMicroelectronics X-CUBE-EEPRMA1 4.2.0
2024-11-05 21:59:29,081 [INFO] ThirdParty:1030 - CMSIS Pack Vendor :STMicroelectronics X-CUBE-NFC6 3.1.0
2024-11-05 21:59:29,081 [INFO] ThirdParty:1030 - CMSIS Pack Vendor :ITTIA_DB I-CUBE-ITTIADB 8.8.0
2024-11-05 21:59:29,081 [INFO] ThirdParty:1030 - CMSIS Pack Vendor :STMicroelectronics FP-SNS-MOTENV1 4.3.2
2024-11-05 21:59:29,081 [INFO] ThirdParty:1030 - CMSIS Pack Vendor :STMicroelectronics FP-SNS-FLIGHT1 5.0.1
2024-11-05 21:59:29,081 [INFO] ThirdParty:1030 - CMSIS Pack Vendor :STMicroelectronics X-CUBE-MEMS1 11.0.0
2024-11-05 21:59:29,081 [INFO] ThirdParty:1030 - CMSIS Pack Vendor :STMicroelectronics X-CUBE-BLE1 6.2.4
2024-11-05 21:59:29,081 [INFO] ThirdParty:1030 - CMSIS Pack Vendor :STMicroelectronics FreeRTOS 0.0.1
2024-11-05 21:59:29,081 [INFO] ThirdParty:1030 - CMSIS Pack Vendor :STMicroelectronics X-CUBE-BLEMGR 2.0.0
2024-11-05 21:59:29,081 [INFO] ThirdParty:1030 - CMSIS Pack Vendor :STMicroelectronics X-CUBE-DPower 1.2.0
2024-11-05 21:59:29,081 [INFO] ThirdParty:1030 - CMSIS Pack Vendor :STMicroelectronics FP-SNS-FLIGHT1 5.0.2
2024-11-05 21:59:29,081 [INFO] ThirdParty:1030 - CMSIS Pack Vendor :STMicroelectronics X-CUBE-AI 9.0.0
2024-11-05 21:59:29,081 [INFO] ThirdParty:1030 - CMSIS Pack Vendor :STMicroelectronics X-CUBE-AZRTOS-H7 3.1.0
2024-11-05 21:59:29,081 [INFO] ThirdParty:1030 - CMSIS Pack Vendor :STMicroelectronics PDM2PCM 3.3.0
2024-11-05 21:59:29,082 [INFO] ThirdParty:1030 - CMSIS Pack Vendor :STMicroelectronics X-CUBE-DISPLAY 3.0.0
2024-11-05 21:59:29,082 [INFO] ThirdParty:1030 - CMSIS Pack Vendor :STMicroelectronics X-CUBE-BLE1 7.0.0
2024-11-05 21:59:29,082 [INFO] ThirdParty:1030 - CMSIS Pack Vendor :STMicroelectronics X-CUBE-NFC10 1.0.0
2024-11-05 21:59:29,082 [INFO] ThirdParty:1030 - CMSIS Pack Vendor :STMicroelectronics HAL Drivers 0.0.0
2024-11-05 21:59:29,082 [INFO] ThirdParty:1030 - CMSIS Pack Vendor :emotas I-CUBE-CANOPEN 1.3.0
2024-11-05 21:59:29,082 [INFO] ThirdParty:1030 - CMSIS Pack Vendor :STMicroelectronics X-CUBE-TOUCHGFX 4.22.0
2024-11-05 21:59:29,082 [INFO] ThirdParty:1030 - CMSIS Pack Vendor :STMicroelectronics X-CUBE-NFC7 1.0.1
2024-11-05 21:59:29,082 [INFO] ThirdParty:1030 - CMSIS Pack Vendor :STMicroelectronics MBEDTLS 2.14.1
2024-11-05 21:59:29,082 [INFO] ThirdParty:1030 - CMSIS Pack Vendor :STMicroelectronics X-CUBE-TOUCHGFX 4.22.1
2024-11-05 21:59:29,082 [INFO] ThirdParty:1030 - CMSIS Pack Vendor :STMicroelectronics X-CUBE-NFC6 3.0.0
2024-11-05 21:59:29,082 [INFO] ThirdParty:1030 - CMSIS Pack Vendor :STMicroelectronics X-CUBE-EEPRMA1 4.1.0
2024-11-05 21:59:29,082 [INFO] ThirdParty:1030 - CMSIS Pack Vendor :STMicroelectronics X-CUBE-BLEMGR 3.1.0
2024-11-05 21:59:29,082 [INFO] ThirdParty:1030 - CMSIS Pack Vendor :STMicroelectronics FP-SNS-SMARTAG2 1.2.0
2024-11-05 21:59:29,082 [INFO] ThirdParty:1030 - CMSIS Pack Vendor :STMicroelectronics X-CUBE-AZRTOS-WL 2.0.0
2024-11-05 21:59:29,082 [INFO] ThirdParty:1030 - CMSIS Pack Vendor :STMicroelectronics FP-SNS-MOTENV1 5.0.0
2024-11-05 21:59:29,082 [INFO] ThirdParty:1030 - CMSIS Pack Vendor :STMicroelectronics USB_DEVICE 1.0.0
2024-11-05 21:59:29,082 [INFO] ThirdParty:1030 - CMSIS Pack Vendor :STMicroelectronics X-CUBE-AI 8.1.0
2024-11-05 21:59:29,082 [INFO] ThirdParty:1030 - CMSIS Pack Vendor :wolfSSL I-CUBE-wolfMQTT 1.19.0
2024-11-05 21:59:29,082 [INFO] ThirdParty:1030 - CMSIS Pack Vendor :STMicroelectronics X-CUBE-AZRTOS-L4 2.0.0
2024-11-05 21:59:29,082 [INFO] ThirdParty:1030 - CMSIS Pack Vendor :STMicroelectronics ThreadX 0.0.2
2024-11-05 21:59:29,082 [INFO] ThirdParty:1030 - CMSIS Pack Vendor :WES I-CUBE-Cesium 1.3.0
2024-11-05 21:59:29,082 [INFO] ThirdParty:1030 - CMSIS Pack Vendor :STMicroelectronics lwIP 2.1.2
2024-11-05 21:59:29,082 [INFO] ThirdParty:1030 - CMSIS Pack Vendor :STMicroelectronics X-CUBE-SFXS2LP1 4.0.0
2024-11-05 21:59:29,082 [INFO] ThirdParty:1030 - CMSIS Pack Vendor :STMicroelectronics X-CUBE-BLE2 3.3.0
2024-11-05 21:59:29,082 [INFO] ThirdParty:1030 - CMSIS Pack Vendor :STMicroelectronics PDM2PCM 3.2.0
2024-11-05 21:59:29,082 [INFO] ThirdParty:1030 - CMSIS Pack Vendor :STMicroelectronics X-CUBE-ISPU 1.1.0
2024-11-05 21:59:29,082 [INFO] ThirdParty:1030 - CMSIS Pack Vendor :STMicroelectronics X-CUBE-AZRTOS-H7 3.3.0
2024-11-05 21:59:29,082 [INFO] ThirdParty:1030 - CMSIS Pack Vendor :STMicroelectronics X-CUBE-NFC9 1.0.0
2024-11-05 21:59:29,083 [INFO] ThirdParty:1030 - CMSIS Pack Vendor :STMicroelectronics USB_DEVICE 3.0.0
2024-11-05 21:59:29,083 [INFO] ThirdParty:1030 - CMSIS Pack Vendor :STMicroelectronics X-CUBE-TCPP 4.1.0
2024-11-05 21:59:29,083 [INFO] ThirdParty:1030 - CMSIS Pack Vendor :STMicroelectronics X-CUBE-IPS 3.0.0
2024-11-05 21:59:29,083 [INFO] ThirdParty:1030 - CMSIS Pack Vendor :STMicroelectronics X-CUBE-AZRTOS-WB 2.0.0
2024-11-05 21:59:29,083 [INFO] ThirdParty:1030 - CMSIS Pack Vendor :STMicroelectronics X-CUBE-FREERTOS 1.0.1
2024-11-05 21:59:29,083 [INFO] ThirdParty:1030 - CMSIS Pack Vendor :STMicroelectronics X-CUBE-GNSS1 7.0.0
2024-11-05 21:59:29,083 [INFO] ThirdParty:1030 - CMSIS Pack Vendor :STMicroelectronics FP-SNS-STBOX1 2.0.0
2024-11-05 21:59:29,083 [INFO] ThirdParty:1030 - CMSIS Pack Vendor :STMicroelectronics X-CUBE-ALGOBUILD 1.3.0
2024-11-05 21:59:29,083 [INFO] ThirdParty:1030 - CMSIS Pack Vendor :STMicroelectronics X-CUBE-AZRTOS-L5 1.1.0
2024-11-05 21:59:29,083 [INFO] ThirdParty:1030 - CMSIS Pack Vendor :STMicroelectronics X-CUBE-AZRTOS-G0 1.1.0
2024-11-05 21:59:29,083 [INFO] ThirdParty:1030 - CMSIS Pack Vendor :STMicroelectronics X-CUBE-AI 8.0.1
2024-11-05 21:59:29,083 [INFO] ThirdParty:1030 - CMSIS Pack Vendor :STMicroelectronics X-CUBE-SAFEA1 1.2.2
2024-11-05 21:59:29,083 [INFO] ThirdParty:1030 - CMSIS Pack Vendor :STMicroelectronics X-CUBE-NFC4 3.0.0
2024-11-05 21:59:29,083 [INFO] ThirdParty:1030 - CMSIS Pack Vendor :STMicroelectronics X-CUBE-SUBG2 5.0.0
2024-11-05 21:59:29,083 [INFO] ThirdParty:1030 - CMSIS Pack Vendor :STMicroelectronics STM32_WPAN 1.0.0
2024-11-05 21:59:29,083 [INFO] ThirdParty:1030 - CMSIS Pack Vendor :wolfSSL I-CUBE-wolfMQTT 1.18.0
2024-11-05 21:59:29,083 [INFO] ThirdParty:1030 - CMSIS Pack Vendor :EmbeddedOffice I-CUBE-FS-RTOS 1.0.1
2024-11-05 21:59:29,083 [INFO] ThirdParty:1030 - CMSIS Pack Vendor :STMicroelectronics lwIP 2.0.3
2024-11-05 21:59:29,083 [INFO] ThirdParty:1030 - CMSIS Pack Vendor :Cesanta I-CUBE-Mongoose 7.13.0
2024-11-05 21:59:29,083 [INFO] ThirdParty:1030 - CMSIS Pack Vendor :STMicroelectronics USB_HOST 1.0.0
2024-11-05 21:59:29,083 [INFO] ThirdParty:1030 - CMSIS Pack Vendor :STMicroelectronics X-CUBE-TOF1 3.3.1
2024-11-05 21:59:29,083 [INFO] ThirdParty:1030 - CMSIS Pack Vendor :STMicroelectronics X-CUBE-AZRTOS-G4 2.0.0
2024-11-05 21:59:29,083 [INFO] ThirdParty:1030 - CMSIS Pack Vendor :STMicroelectronics PDM2PCM 3.1.0
2024-11-05 21:59:29,083 [INFO] ThirdParty:1030 - CMSIS Pack Vendor :Infineon AIROC-Wi-Fi-Bluetooth-STM32 1.5.1
2024-11-05 21:59:29,083 [INFO] ThirdParty:1030 - CMSIS Pack Vendor :STMicroelectronics X-CUBE-BLEMGR 3.0.0
2024-11-05 21:59:29,083 [INFO] ThirdParty:1030 - CMSIS Pack Vendor :STMicroelectronics FP-SNS-MOTENVWB1 1.3.0
2024-11-05 21:59:29,083 [INFO] ThirdParty:1030 - CMSIS Pack Vendor :RealThread X-CUBE-RT-Thread_Nano 4.1.1
2024-11-05 21:59:29,083 [INFO] ThirdParty:1030 - CMSIS Pack Vendor :STMicroelectronics FP-SNS-MOTENVWB1 1.3.1
2024-11-05 21:59:29,083 [INFO] ThirdParty:1030 - CMSIS Pack Vendor :STMicroelectronics FP-ATR-SIGFOX1 3.2.0
2024-11-05 21:59:29,084 [INFO] ThirdParty:1030 - CMSIS Pack Vendor :STMicroelectronics X-CUBE-ISPU 2.0.0
2024-11-05 21:59:29,084 [INFO] ThirdParty:1030 - CMSIS Pack Vendor :STMicroelectronics X-CUBE-EEPRMA1 5.1.0
2024-11-05 21:59:29,084 [INFO] ThirdParty:1030 - CMSIS Pack Vendor :STMicroelectronics MBEDTLS 2.16.2
2024-11-05 21:59:29,084 [INFO] ThirdParty:1030 - CMSIS Pack Vendor :STMicroelectronics X-CUBE-ALS 1.0.2
2024-11-05 21:59:29,084 [INFO] ThirdParty:1030 - CMSIS Pack Vendor :STMicroelectronics X-CUBE-MEMS1 10.0.0
2024-11-05 21:59:29,084 [INFO] ThirdParty:1030 - CMSIS Pack Vendor :STMicroelectronics X-CUBE-FREERTOS 1.1.0
2024-11-05 21:59:29,084 [INFO] ThirdParty:1030 - CMSIS Pack Vendor :STMicroelectronics X-CUBE-TOUCHGFX 4.24.1
2024-11-05 21:59:29,084 [INFO] ThirdParty:1030 - CMSIS Pack Vendor :wolfSSL I-CUBE-wolfTPM 3.4.0
2024-11-05 21:59:29,084 [INFO] ThirdParty:1030 - CMSIS Pack Vendor :portGmbH I-Cube-SoM-uGOAL 1.1.0
2024-11-05 21:59:29,084 [INFO] ThirdParty:1030 - CMSIS Pack Vendor :STMicroelectronics X-CUBE-ALS 1.0.1
2024-11-05 21:59:29,084 [INFO] ThirdParty:1030 - CMSIS Pack Vendor :STMicroelectronics ThreadX 1.0.0
2024-11-05 21:59:29,084 [INFO] ThirdParty:1030 - CMSIS Pack Vendor :STMicroelectronics X-CUBE-AZRTOS-WB 1.1.0
2024-11-05 21:59:29,084 [INFO] ThirdParty:1030 - CMSIS Pack Vendor :SEGGER I-CUBE-embOS 1.3.1
2024-11-05 21:59:29,084 [INFO] ThirdParty:1030 - CMSIS Pack Vendor :STMicroelectronics X-CUBE-ALGOBUILD 1.4.0
2024-11-05 21:59:29,084 [INFO] ThirdParty:1030 - CMSIS Pack Vendor :STMicroelectronics X-CUBE-AZRTOS-H7RS 1.0.0
2024-11-05 21:59:29,084 [INFO] ThirdParty:1030 - CMSIS Pack Vendor :STMicroelectronics FP-ATR-ASTRA1 2.0.0
2024-11-05 21:59:29,084 [INFO] ThirdParty:1030 - CMSIS Pack Vendor :STMicroelectronics X-CUBE-TOF1 3.4.2
2024-11-05 21:59:29,084 [INFO] ThirdParty:1030 - CMSIS Pack Vendor :STMicroelectronics X-CUBE-AI 9.1.0
2024-11-05 21:59:29,084 [INFO] ThirdParty:1030 - CMSIS Pack Vendor :STMicroelectronics X-CUBE-TOF1 3.4.0
2024-11-05 21:59:29,084 [INFO] ThirdParty:1030 - CMSIS Pack Vendor :STMicroelectronics X-CUBE-TOF1 3.4.1
2024-11-05 21:59:29,084 [INFO] ThirdParty:1030 - CMSIS Pack Vendor :STMicroelectronics X-CUBE-AZRTOS-H7 3.2.0
2024-11-05 21:59:29,084 [INFO] ThirdParty:1030 - CMSIS Pack Vendor :wolfSSL I-CUBE-wolfSSH 1.4.17
2024-11-05 21:59:29,084 [INFO] ThirdParty:841 - exiting critical section [change project]
2024-11-05 21:59:29,378 [INFO] PinOutPanel:1561 - setPackage(No Configuration,No Configuration)
2024-11-05 21:59:29,379 [INFO] PinOutPanel:1561 - setPackage(STM32F407VGTx,LQFP100)
2024-11-05 21:59:29,560 [INFO] UtilMem:75 - Before build in PCC Used Memory: 415898976 Bytes (1034944512)
2024-11-05 21:59:29,822 [INFO] UtilMem:75 - After build in PCC Used Memory: 459557880 Bytes (1034944512)
2024-11-05 21:59:29,899 [INFO] IPUIPlugin:80 - create IPUIPlugin
2024-11-05 21:59:29,899 [INFO] IPUIPlugin:80 - create IPUIPlugin
2024-11-05 21:59:29,899 [INFO] IPUIPlugin:80 - create IPUIPlugin
2024-11-05 21:59:29,899 [INFO] IPUIPlugin:80 - create IPUIPlugin
2024-11-05 21:59:29,900 [INFO] IPUIPlugin:80 - create IPUIPlugin
2024-11-05 21:59:29,900 [INFO] IPUIPlugin:80 - create IPUIPlugin
2024-11-05 21:59:29,900 [INFO] IPUIPlugin:80 - create IPUIPlugin
2024-11-05 21:59:29,901 [INFO] IPUIPlugin:80 - create IPUIPlugin
2024-11-05 21:59:29,901 [INFO] IPUIPlugin:80 - create IPUIPlugin
2024-11-05 21:59:29,901 [INFO] IPUIPlugin:80 - create IPUIPlugin
2024-11-05 21:59:29,901 [INFO] IPUIPlugin:80 - create IPUIPlugin
2024-11-05 21:59:29,901 [INFO] IPUIPlugin:80 - create IPUIPlugin
2024-11-05 21:59:29,902 [INFO] IPUIPlugin:80 - create IPUIPlugin
2024-11-05 21:59:29,902 [INFO] IPUIPlugin:80 - create IPUIPlugin
2024-11-05 21:59:29,902 [INFO] IPUIPlugin:80 - create IPUIPlugin
2024-11-05 21:59:29,903 [INFO] IPUIPlugin:80 - create IPUIPlugin
2024-11-05 21:59:29,903 [INFO] IPUIPlugin:80 - create IPUIPlugin
2024-11-05 21:59:29,903 [INFO] IPUIPlugin:80 - create IPUIPlugin
2024-11-05 21:59:29,903 [INFO] IPUIPlugin:80 - create IPUIPlugin
2024-11-05 21:59:29,904 [INFO] IPUIPlugin:80 - create IPUIPlugin
2024-11-05 21:59:29,904 [INFO] IPUIPlugin:80 - create IPUIPlugin
2024-11-05 21:59:29,905 [INFO] IPUIPlugin:80 - create IPUIPlugin
2024-11-05 21:59:29,905 [INFO] IPUIPlugin:80 - create IPUIPlugin
2024-11-05 21:59:29,906 [INFO] IPUIPlugin:80 - create IPUIPlugin
2024-11-05 21:59:29,906 [INFO] IPUIPlugin:80 - create IPUIPlugin
2024-11-05 21:59:29,906 [INFO] IPUIPlugin:80 - create IPUIPlugin
2024-11-05 21:59:29,907 [INFO] IPUIPlugin:80 - create IPUIPlugin
2024-11-05 21:59:29,907 [INFO] IPUIPlugin:80 - create IPUIPlugin
2024-11-05 21:59:29,908 [INFO] IPUIPlugin:80 - create IPUIPlugin
2024-11-05 21:59:29,908 [INFO] IPUIPlugin:80 - create IPUIPlugin
2024-11-05 21:59:29,908 [INFO] IPUIPlugin:80 - create IPUIPlugin
2024-11-05 21:59:29,908 [INFO] IPUIPlugin:80 - create IPUIPlugin
2024-11-05 21:59:29,909 [INFO] IPUIPlugin:80 - create IPUIPlugin
2024-11-05 21:59:29,909 [INFO] IPUIPlugin:80 - create IPUIPlugin
2024-11-05 21:59:29,910 [INFO] IPUIPlugin:80 - create IPUIPlugin
2024-11-05 21:59:29,910 [INFO] IPUIPlugin:80 - create IPUIPlugin
2024-11-05 21:59:29,911 [INFO] IPUIPlugin:80 - create IPUIPlugin
2024-11-05 21:59:29,911 [INFO] IPUIPlugin:80 - create IPUIPlugin
2024-11-05 21:59:29,911 [INFO] IPUIPlugin:80 - create IPUIPlugin
2024-11-05 21:59:29,912 [INFO] IPUIPlugin:80 - create IPUIPlugin
2024-11-05 21:59:29,912 [INFO] IPUIPlugin:80 - create IPUIPlugin
2024-11-05 21:59:29,913 [INFO] IPUIPlugin:80 - create IPUIPlugin
2024-11-05 21:59:29,913 [INFO] IPUIPlugin:80 - create IPUIPlugin
2024-11-05 21:59:29,914 [INFO] IPUIPlugin:80 - create IPUIPlugin
2024-11-05 21:59:29,914 [INFO] IPUIPlugin:80 - create IPUIPlugin
2024-11-05 21:59:29,915 [INFO] IPUIPlugin:80 - create IPUIPlugin
2024-11-05 21:59:29,915 [INFO] IPUIPlugin:80 - create IPUIPlugin
2024-11-05 21:59:29,916 [INFO] IPUIPlugin:80 - create IPUIPlugin
2024-11-05 21:59:29,916 [INFO] IPUIPlugin:80 - create IPUIPlugin
2024-11-05 21:59:29,918 [INFO] IPUIPlugin:80 - create IPUIPlugin
2024-11-05 21:59:29,918 [INFO] IPUIPlugin:80 - create IPUIPlugin
2024-11-05 21:59:29,919 [INFO] IPUIPlugin:80 - create IPUIPlugin
2024-11-05 21:59:29,920 [INFO] IPUIPlugin:80 - create IPUIPlugin
2024-11-05 21:59:29,921 [INFO] IPUIPlugin:80 - create IPUIPlugin
2024-11-05 21:59:29,921 [INFO] IPUIPlugin:80 - create IPUIPlugin
2024-11-05 21:59:29,922 [INFO] IPUIPlugin:80 - create IPUIPlugin
2024-11-05 21:59:29,923 [INFO] IPUIPlugin:80 - create IPUIPlugin
2024-11-05 21:59:29,923 [INFO] IPUIPlugin:80 - create IPUIPlugin
2024-11-05 21:59:29,927 [INFO] ApiDbMcu:508 - Load IP Config File for PDM2PCM
2024-11-05 21:59:30,017 [INFO] CADModel:165 - CPN selected for project levelSTM32F407VGT6
2024-11-05 21:59:30,018 [INFO] CADModel:114 - Register for checkConnection events
2024-11-05 21:59:30,056 [INFO] OpenFileManager:363 - Restore cursor
2024-11-05 22:00:05,207 [INFO] UtilMem:75 - End SaveConfig() Used Memory: 440872088 Bytes (1034944512)
2024-11-05 22:00:06,254 [INFO] UtilMem:75 - End SaveConfig() Used Memory: 464989336 Bytes (1034944512)
2024-11-05 22:00:06,917 [INFO] UtilMem:75 - End SaveConfig() Used Memory: 547304600 Bytes (1034944512)
2024-11-05 22:00:07,204 [INFO] BlockDiagram:2766 - set Specific Code input for plugin: SYS
2024-11-05 22:00:07,204 [INFO] BlockDiagram:2766 - set Specific Code input for plugin: RCC
2024-11-05 22:00:07,204 [INFO] BlockDiagram:2766 - set Specific Code input for plugin: NVIC
2024-11-05 22:00:07,204 [INFO] BlockDiagram:2766 - set Specific Code input for plugin: GPIO
2024-11-05 22:00:07,206 [INFO] CodeGenerator:807 - code generatio: config db path: C:\ST\STM32CubeIDE_1.9.0\STM32CubeIDE\plugins\com.st.stm32cube.common.mx_6.12.1.202409122256\\db\
2024-11-05 22:00:07,312 [INFO] CodeEngine:255 - oldGeneratedFile, C:\learning\MasterRTOS\RTOS_workspace\002LED_Tasks\MXTmpFiles\license.tmp_save
2024-11-05 22:00:07,428 [INFO] CodeEngine:279 - Generated code: C:\learning\MasterRTOS\RTOS_workspace\002LED_Tasks\MXTmpFiles\license.tmp
2024-11-05 22:00:07,488 [INFO] CodeEngine:255 - oldGeneratedFile, C:\learning\MasterRTOS\RTOS_workspace\002LED_Tasks\MXTmpFiles\gpio.tmp_save
2024-11-05 22:00:07,628 [INFO] CodeEngine:279 - Generated code: C:\learning\MasterRTOS\RTOS_workspace\002LED_Tasks\MXTmpFiles\gpio.tmp
2024-11-05 22:00:07,679 [INFO] CodeEngine:255 - oldGeneratedFile, C:\learning\MasterRTOS\RTOS_workspace\002LED_Tasks\Core\Src\stm32f4xx_it.c_save
2024-11-05 22:00:07,924 [INFO] CodeEngine:279 - Generated code: C:\learning\MasterRTOS\RTOS_workspace\002LED_Tasks\Core\Src\stm32f4xx_it.c
2024-11-05 22:00:07,942 [INFO] CodeEngine:255 - oldGeneratedFile, C:\learning\MasterRTOS\RTOS_workspace\002LED_Tasks\Core\Inc\stm32f4xx_it.h_save
2024-11-05 22:00:08,027 [INFO] CodeEngine:279 - Generated code: C:\learning\MasterRTOS\RTOS_workspace\002LED_Tasks\Core\Inc\stm32f4xx_it.h
2024-11-05 22:00:08,052 [INFO] CodeEngine:255 - oldGeneratedFile, C:\learning\MasterRTOS\RTOS_workspace\002LED_Tasks\Core\Src\stm32f4xx_hal_msp.c_save
2024-11-05 22:00:08,206 [INFO] CodeEngine:279 - Generated code: C:\learning\MasterRTOS\RTOS_workspace\002LED_Tasks\Core\Src\stm32f4xx_hal_msp.c
2024-11-05 22:00:08,226 [INFO] CodeEngine:255 - oldGeneratedFile, C:\learning\MasterRTOS\RTOS_workspace\002LED_Tasks\MXTmpFiles\system.tmp_save
2024-11-05 22:00:08,378 [INFO] CodeEngine:279 - Generated code: C:\learning\MasterRTOS\RTOS_workspace\002LED_Tasks\MXTmpFiles\system.tmp
2024-11-05 22:00:08,388 [INFO] CodeEngine:255 - oldGeneratedFile, C:\learning\MasterRTOS\RTOS_workspace\002LED_Tasks\Core\Src\stm32f4xx_hal_timebase_tim.c_save
2024-11-05 22:00:08,484 [INFO] CodeEngine:279 - Generated code: C:\learning\MasterRTOS\RTOS_workspace\002LED_Tasks\Core\Src\stm32f4xx_hal_timebase_tim.c
2024-11-05 22:00:08,508 [INFO] CodeEngine:311 - oldGeneratedFile, C:\learning\MasterRTOS\RTOS_workspace\002LED_Tasks\Core\Inc\stm32f4xx_hal_conf.h_save
2024-11-05 22:00:08,606 [INFO] CodeEngine:335 - Generated code: C:\learning\MasterRTOS\RTOS_workspace\002LED_Tasks\Core\Inc\stm32f4xx_hal_conf.h
2024-11-05 22:00:08,654 [INFO] CodeEngine:255 - oldGeneratedFile, C:\learning\MasterRTOS\RTOS_workspace\002LED_Tasks\Core\Inc\main.h_save
2024-11-05 22:00:08,789 [INFO] CodeEngine:279 - Generated code: C:\learning\MasterRTOS\RTOS_workspace\002LED_Tasks\Core\Inc\main.h
2024-11-05 22:00:08,804 [INFO] CodeEngine:255 - oldGeneratedFile, C:\learning\MasterRTOS\RTOS_workspace\002LED_Tasks\Core\Src\main.c_save
2024-11-05 22:00:08,954 [INFO] CodeEngine:279 - Generated code: C:\learning\MasterRTOS\RTOS_workspace\002LED_Tasks\Core\Src\main.c
2024-11-05 22:00:09,652 [INFO] ProjectBuilder:3249 - Time for Copy HAL[1] : 382mS.
2024-11-05 22:00:09,657 [INFO] ProjectBuilder:4828 - Project Generator version: 4.5.0-B34
2024-11-05 22:00:09,793 [INFO] ConfigFileManager:1531 - The Die is : DIE413
2024-11-05 22:00:09,797 [INFO] ApiDbMcu:508 - Load IP Config File for FATFS
2024-11-05 22:00:09,803 [INFO] ApiDbMcu:508 - Load IP Config File for FREERTOS
2024-11-05 22:00:09,807 [INFO] ApiDbMcu:508 - Load IP Config File for LIBJPEG
2024-11-05 22:00:09,816 [INFO] ApiDbMcu:508 - Load IP Config File for LWIP
2024-11-05 22:00:09,820 [INFO] ApiDbMcu:508 - Load IP Config File for MBEDTLS
2024-11-05 22:00:09,828 [INFO] ApiDbMcu:508 - Load IP Config File for USB_DEVICE
2024-11-05 22:00:09,833 [INFO] ApiDbMcu:508 - Load IP Config File for USB_HOST
2024-11-05 22:00:11,004 [INFO] ProjectBuilder:5097 - Time for Generating toolchain IDE Files: 1347mS.
2024-11-05 22:00:11,005 [INFO] ProjectBuilder:3107 - Time for Copy CMSIS : 0mS.
2024-11-05 22:00:11,009 [INFO] ProjectBuilder:3107 - Time for Copy CMSIS : 0mS.
2024-11-05 22:00:24,428 [INFO] MainUpdater:2873 - connection check result : 10
2024-11-05 22:00:24,428 [INFO] MainUpdater:2873 - connection check result : 10
2024-11-05 22:00:24,444 [INFO] MicroXplorer:468 - Change Database Path : 
2024-11-05 22:00:24,444 [INFO] MicroXplorer:498 - Change Database Version : DB.6.0.121
2024-11-05 22:00:24,450 [ERROR] ProjectManagerView:394 - 
java.lang.NullPointerException: Cannot invoke "javax.swing.JTextField.getText()" because the return value of "java.util.List.get(int)" is null
	at com.st.microxplorer.plugins.projectmanager.gui.ProjectChoiceTab$10.caretUpdate(ProjectChoiceTab.java:2622) ~[filemanager.jar:?]
	at javax.swing.text.JTextComponent.fireCaretUpdate(JTextComponent.java:412) ~[?:?]
	at javax.swing.text.JTextComponent$MutableCaretEvent.fire(JTextComponent.java:4491) ~[?:?]
	at javax.swing.text.JTextComponent$MutableCaretEvent.stateChanged(JTextComponent.java:4513) ~[?:?]
	at javax.swing.text.DefaultCaret.fireStateChanged(DefaultCaret.java:842) ~[?:?]
	at javax.swing.text.DefaultCaret.changeCaretPosition(DefaultCaret.java:1313) ~[?:?]
	at javax.swing.text.DefaultCaret.handleSetDot(DefaultCaret.java:1212) ~[?:?]
	at javax.swing.text.DefaultCaret.setDot(DefaultCaret.java:1193) ~[?:?]
	at javax.swing.text.DefaultCaret$Handler.insertUpdate(DefaultCaret.java:1789) ~[?:?]
	at javax.swing.text.AbstractDocument.fireInsertUpdate(AbstractDocument.java:226) ~[?:?]
	at javax.swing.text.AbstractDocument.handleInsertString(AbstractDocument.java:780) ~[?:?]
	at javax.swing.text.AbstractDocument.insertString(AbstractDocument.java:739) ~[?:?]
	at javax.swing.text.PlainDocument.insertString(PlainDocument.java:131) ~[?:?]
	at javax.swing.text.AbstractDocument.replace(AbstractDocument.java:698) ~[?:?]
	at javax.swing.text.JTextComponent.setText(JTextComponent.java:1729) ~[?:?]
	at com.st.microxplorer.plugins.projectmanager.gui.ProjectChoiceTab.createHeapStackFields(ProjectChoiceTab.java:972) ~[filemanager.jar:?]
	at com.st.microxplorer.plugins.projectmanager.gui.ProjectChoiceTab.buildLinkSettingsPanel(ProjectChoiceTab.java:3597) ~[filemanager.jar:?]
	at com.st.microxplorer.plugins.projectmanager.gui.ProjectChoiceTab.defineWindowsFields(ProjectChoiceTab.java:1940) ~[filemanager.jar:?]
	at com.st.microxplorer.plugins.projectmanager.gui.ProjectChoiceTab.updateSettings(ProjectChoiceTab.java:550) ~[filemanager.jar:?]
	at com.st.microxplorer.plugins.projectmanager.gui.ProjectSettingsPanel.UpdateDialog(ProjectSettingsPanel.java:245) ~[filemanager.jar:?]
	at com.st.microxplorer.plugins.projectmanager.ProjectManagerView.propertyChange(ProjectManagerView.java:391) ~[filemanager.jar:?]
	at java.beans.PropertyChangeSupport.fire(PropertyChangeSupport.java:343) ~[?:?]
	at java.beans.PropertyChangeSupport.firePropertyChange(PropertyChangeSupport.java:335) ~[?:?]
	at java.beans.PropertyChangeSupport.firePropertyChange(PropertyChangeSupport.java:268) ~[?:?]
	at com.st.microxplorer.util.MXPropertyChangeSupport.firePropertyChange(MXPropertyChangeSupport.java:54) ~[STM32CubeMX.jar:?]
	at com.st.microxplorer.mxsystem.MxSystem.closeConfig(MxSystem.java:900) ~[STM32CubeMX.jar:?]
	at com.st.microxplorer.maingui.MainPanel.closeConfig(MainPanel.java:781) ~[STM32CubeMX.jar:?]
	at com.st.microxplorer.plugins.filemanager.engine.OpenFileManager.loadConfigurationFile(OpenFileManager.java:265) ~[filemanager.jar:?]
	at com.st.microxplorer.plugins.filemanager.engine.MainFileManager.userLoadConfig(MainFileManager.java:352) ~[filemanager.jar:?]
	at com.st.microxplorer.plugins.filemanager.engine.MainFileManager.userLoadConfig(MainFileManager.java:330) ~[filemanager.jar:?]
	at com.st.microxplorer.plugins.filemanager.FileManagerView.getSpecificTask(FileManagerView.java:246) ~[filemanager.jar:?]
	at com.st.stm32cube.common.mx.editor.CubeMxEditor.getMxTabbedPaneInstance(CubeMxEditor.java:1198) ~[com.st.stm32cube.common.mx_6.12.1.202409122256/:?]
	at com.st.stm32cube.common.mx.editor.CubeMxEditor$12$1.createSwingComponent(CubeMxEditor.java:1068) ~[com.st.stm32cube.common.mx_6.12.1.202409122256/:?]
	at com.st.stm32cube.common.mx.oss.core.awtswtbridge.EmbeddedSwingComposite.doComponentCreation(EmbeddedSwingComposite.java:492) ~[com.st.stm32cube.common.mx.oss_6.12.1.202409122256/:?]
	at com.st.stm32cube.common.mx.oss.core.awtswtbridge.EmbeddedSwingComposite$4.run(EmbeddedSwingComposite.java:291) ~[com.st.stm32cube.common.mx.oss_6.12.1.202409122256/:?]
	at com.st.stm32cube.common.mx.oss.core.awtswtbridge.AwtEnvironment$2.run(AwtEnvironment.java:166) ~[com.st.stm32cube.common.mx.oss_6.12.1.202409122256/:?]
	at java.awt.event.InvocationEvent.dispatch(InvocationEvent.java:318) ~[?:?]
	at java.awt.EventQueue.dispatchEventImpl(EventQueue.java:773) ~[?:?]
	at java.awt.EventQueue$4.run(EventQueue.java:720) ~[?:?]
	at java.awt.EventQueue$4.run(EventQueue.java:714) ~[?:?]
	at java.security.AccessController.doPrivileged(AccessController.java:399) ~[?:?]
	at java.security.ProtectionDomain$JavaSecurityAccessImpl.doIntersectionPrivilege(ProtectionDomain.java:86) ~[?:?]
	at java.awt.EventQueue.dispatchEvent(EventQueue.java:742) ~[?:?]
	at java.awt.EventDispatchThread.pumpOneEventForFilters(EventDispatchThread.java:203) ~[?:?]
	at java.awt.EventDispatchThread.pumpEventsForFilter(EventDispatchThread.java:124) ~[?:?]
	at java.awt.EventDispatchThread.pumpEventsForHierarchy(EventDispatchThread.java:113) ~[?:?]
	at java.awt.EventDispatchThread.pumpEvents(EventDispatchThread.java:109) ~[?:?]
	at java.awt.EventDispatchThread.pumpEvents(EventDispatchThread.java:101) ~[?:?]
	at java.awt.EventDispatchThread.run(EventDispatchThread.java:90) ~[?:?]
2024-11-05 22:00:24,452 [WARN] ThirdParty:871 - waiting for thirdparty lock release [close project]
2024-11-05 22:00:24,452 [INFO] ThirdParty:873 - entering critical section [close project]
2024-11-05 22:00:24,452 [INFO] ThirdParty:883 - exiting critical section [close project]
2024-11-05 22:00:24,453 [INFO] PinOutPanel:1561 - setPackage(No Configuration,No Configuration)
2024-11-05 22:00:24,458 [WARN] IpParametersView:151 - Warning: This peripheral hasn't parameters
2024-11-05 22:00:24,461 [WARN] MainPanel:284 - <html><b><center>Warning: This peripheral has no parameters to be configured<br></b></html>
2024-11-05 22:00:24,462 [INFO] UtilMem:75 - Begin LoadConfig() Used Memory: 685726056 Bytes (1034944512)
2024-11-05 22:00:24,463 [INFO] MicroXplorer:468 - Change Database Path : 
2024-11-05 22:00:24,463 [INFO] MicroXplorer:498 - Change Database Version : DB.6.0.121
2024-11-05 22:00:24,463 [INFO] OpenFileManager:332 - Change cursor
2024-11-05 22:00:24,475 [INFO] RulesReader:64 - Compatibility file has been processed (297 Rules)
2024-11-05 22:00:24,479 [INFO] Mcu:2032 - Initializing MCU STM32F407V(E-G)Tx STM32F407VGTx STM32F407VGT6
2024-11-05 22:00:25,941 [INFO] Context:742 - Trying to add GPIOservice into a context  which must be forbidden
2024-11-05 22:00:26,434 [INFO] RtosManager:555 - Registered RTOS mode: class=CMSIS, group=RTOS, mode=CMSIS_V1, owner=FREERTOS
2024-11-05 22:00:26,434 [INFO] RtosManager:555 - Registered RTOS mode: class=CMSIS, group=RTOS2, mode=CMSIS_V2, owner=FREERTOS
2024-11-05 22:00:26,434 [INFO] RtosManager:555 - Registered RTOS mode: class=RTOS, group=Core, mode=CMSIS_V1, owner=FREERTOS
2024-11-05 22:00:26,434 [INFO] RtosManager:555 - Registered RTOS mode: class=RTOS, group=Core, mode=CMSIS_V2, owner=FREERTOS
2024-11-05 22:00:26,434 [WARN] ModelIntegratedComponent:184 - Missing modes for component STMicroelectronics:FreeRTOS:0.0.1:STMicroelectronics:RTOS:FreeRTOS:Core:::10.2.0:
2024-11-05 22:00:26,438 [WARN] ModelIntegratedComponent:63 - No mode defined for component null
2024-11-05 22:00:26,438 [WARN] ModelIntegratedComponent:63 - No mode defined for component null
2024-11-05 22:00:26,438 [WARN] ModelIntegratedComponent:63 - No mode defined for component null
2024-11-05 22:00:26,438 [WARN] ModelIntegratedComponent:63 - No mode defined for component null
2024-11-05 22:00:26,438 [WARN] ModelIntegratedComponent:63 - No mode defined for component null
2024-11-05 22:00:26,438 [WARN] ModelIntegratedComponent:63 - No mode defined for component null
2024-11-05 22:00:26,438 [WARN] ModelIntegratedComponent:63 - No mode defined for component null
2024-11-05 22:00:26,438 [WARN] ModelIntegratedComponent:63 - No mode defined for component null
2024-11-05 22:00:26,438 [WARN] ModelIntegratedComponent:63 - No mode defined for component null
2024-11-05 22:00:26,438 [WARN] ModelIntegratedComponent:63 - No mode defined for component null
2024-11-05 22:00:26,438 [WARN] ModelIntegratedComponent:63 - No mode defined for component null
2024-11-05 22:00:26,438 [WARN] ModelIntegratedComponent:63 - No mode defined for component null
2024-11-05 22:00:26,438 [WARN] ModelIntegratedComponent:63 - No mode defined for component null
2024-11-05 22:00:26,438 [WARN] ModelIntegratedComponent:63 - No mode defined for component null
2024-11-05 22:00:26,438 [WARN] ModelIntegratedComponent:63 - No mode defined for component null
2024-11-05 22:00:26,439 [WARN] ModelIntegratedComponent:63 - No mode defined for component null
2024-11-05 22:00:26,439 [WARN] ModelIntegratedComponent:63 - No mode defined for component null
2024-11-05 22:00:26,439 [WARN] ModelIntegratedComponent:63 - No mode defined for component null
2024-11-05 22:00:26,439 [WARN] ModelIntegratedComponent:63 - No mode defined for component null
2024-11-05 22:00:26,439 [WARN] ModelIntegratedComponent:63 - No mode defined for component null
2024-11-05 22:00:26,439 [WARN] ModelIntegratedComponent:63 - No mode defined for component null
2024-11-05 22:00:26,439 [WARN] ModelIntegratedComponent:63 - No mode defined for component null
2024-11-05 22:00:26,439 [WARN] ModelIntegratedComponent:63 - No mode defined for component null
2024-11-05 22:00:26,439 [WARN] ModelIntegratedComponent:63 - No mode defined for component null
2024-11-05 22:00:26,439 [WARN] ModelIntegratedComponent:63 - No mode defined for component null
2024-11-05 22:00:26,439 [WARN] ModelIntegratedComponent:63 - No mode defined for component null
2024-11-05 22:00:26,439 [WARN] ModelIntegratedComponent:63 - No mode defined for component null
2024-11-05 22:00:26,439 [WARN] ModelIntegratedComponent:63 - No mode defined for component null
2024-11-05 22:00:26,439 [WARN] ModelIntegratedComponent:63 - No mode defined for component null
2024-11-05 22:00:26,439 [WARN] ModelIntegratedComponent:63 - No mode defined for component null
2024-11-05 22:00:26,439 [WARN] ModelIntegratedComponent:63 - No mode defined for component null
2024-11-05 22:00:26,439 [WARN] ModelIntegratedComponent:63 - No mode defined for component null
2024-11-05 22:00:26,440 [WARN] ModelIntegratedComponent:63 - No mode defined for component null
2024-11-05 22:00:26,440 [WARN] ModelIntegratedComponent:63 - No mode defined for component null
2024-11-05 22:00:26,440 [WARN] ModelIntegratedComponent:63 - No mode defined for component null
2024-11-05 22:00:26,440 [WARN] ModelPack:524 - Component already loaded: STMicroelectronics:HAL Drivers:0.0.0:STMicroelectronics:Device:STMicro_Driver:XSPI:HAL::0.0.1:HAL_XSPI
2024-11-05 22:00:26,574 [INFO] ThirdPartyModel:298 - Start build external matchings
2024-11-05 22:00:29,380 [INFO] ThirdPartyModel:316 - End build external matchings
2024-11-05 22:00:29,741 [INFO] UtilMem:75 - End LoadConfig() Used Memory: 431821656 Bytes (1037041664)
2024-11-05 22:00:29,792 [WARN] ThirdParty:833 - waiting for thirdparty lock release [change project]
2024-11-05 22:00:29,792 [INFO] ThirdParty:835 - entering critical section [change project]
2024-11-05 22:00:29,792 [INFO] ThirdParty:1030 - CMSIS Pack Vendor :STMicroelectronics USBPD 4.1
2024-11-05 22:00:29,792 [INFO] ThirdParty:1030 - CMSIS Pack Vendor :STMicroelectronics X-CUBE-GNSS1 6.0.0
2024-11-05 22:00:29,792 [INFO] ThirdParty:1030 - CMSIS Pack Vendor :STMicroelectronics USB_HOST 2.0.0
2024-11-05 22:00:29,792 [INFO] ThirdParty:1030 - CMSIS Pack Vendor :STMicroelectronics FP-SNS-MOTENVWB1 1.4.0
2024-11-05 22:00:29,792 [INFO] ThirdParty:1030 - CMSIS Pack Vendor :STMicroelectronics X-CUBE-AZRTOS-F4 1.1.0
2024-11-05 22:00:29,792 [INFO] ThirdParty:1030 - CMSIS Pack Vendor :STMicroelectronics LIBJPEG 8.0.0
2024-11-05 22:00:29,792 [INFO] ThirdParty:1030 - CMSIS Pack Vendor :wolfSSL I-CUBE-wolfSSL 5.6.3
2024-11-05 22:00:29,792 [INFO] ThirdParty:1030 - CMSIS Pack Vendor :STMicroelectronics X-CUBE-SMBUS 2.1.0
2024-11-05 22:00:29,792 [INFO] ThirdParty:1030 - CMSIS Pack Vendor :STMicroelectronics X-CUBE-WB05N 1.1.0
2024-11-05 22:00:29,792 [INFO] ThirdParty:1030 - CMSIS Pack Vendor :STMicroelectronics X-CUBE-ISPU 2.1.0
2024-11-05 22:00:29,792 [INFO] ThirdParty:1030 - CMSIS Pack Vendor :STMicroelectronics X-CUBE-FREERTOS 1.2.0
2024-11-05 22:00:29,792 [INFO] ThirdParty:1030 - CMSIS Pack Vendor :STMicroelectronics X-CUBE-TOUCHGFX 4.23.0
2024-11-05 22:00:29,793 [INFO] ThirdParty:1030 - CMSIS Pack Vendor :STMicroelectronics X-CUBE-TOUCHGFX 4.23.2
2024-11-05 22:00:29,793 [INFO] ThirdParty:1030 - CMSIS Pack Vendor :STMicroelectronics X-CUBE-AZRTOS-F7 1.1.0
2024-11-05 22:00:29,793 [INFO] ThirdParty:1030 - CMSIS Pack Vendor :STMicroelectronics X-CUBE-AZRTOS-L5 2.0.0
2024-11-05 22:00:29,793 [INFO] ThirdParty:1030 - CMSIS Pack Vendor :STMicroelectronics USB_DEVICE 2.0.0
2024-11-05 22:00:29,793 [INFO] ThirdParty:1030 - CMSIS Pack Vendor :STMicroelectronics X-CUBE-MEMS1 9.6.0
2024-11-05 22:00:29,793 [INFO] ThirdParty:1030 - CMSIS Pack Vendor :STMicroelectronics X-CUBE-EEPRMA1 4.2.0
2024-11-05 22:00:29,793 [INFO] ThirdParty:1030 - CMSIS Pack Vendor :STMicroelectronics X-CUBE-NFC6 3.1.0
2024-11-05 22:00:29,793 [INFO] ThirdParty:1030 - CMSIS Pack Vendor :ITTIA_DB I-CUBE-ITTIADB 8.8.0
2024-11-05 22:00:29,793 [INFO] ThirdParty:1030 - CMSIS Pack Vendor :STMicroelectronics FP-SNS-MOTENV1 4.3.2
2024-11-05 22:00:29,793 [INFO] ThirdParty:1030 - CMSIS Pack Vendor :STMicroelectronics FP-SNS-FLIGHT1 5.0.1
2024-11-05 22:00:29,793 [INFO] ThirdParty:1030 - CMSIS Pack Vendor :STMicroelectronics X-CUBE-MEMS1 11.0.0
2024-11-05 22:00:29,793 [INFO] ThirdParty:1030 - CMSIS Pack Vendor :STMicroelectronics X-CUBE-BLE1 6.2.4
2024-11-05 22:00:29,793 [INFO] ThirdParty:1030 - CMSIS Pack Vendor :STMicroelectronics FreeRTOS 0.0.1
2024-11-05 22:00:29,793 [INFO] ThirdParty:1030 - CMSIS Pack Vendor :STMicroelectronics X-CUBE-BLEMGR 2.0.0
2024-11-05 22:00:29,793 [INFO] ThirdParty:1030 - CMSIS Pack Vendor :STMicroelectronics X-CUBE-DPower 1.2.0
2024-11-05 22:00:29,793 [INFO] ThirdParty:1030 - CMSIS Pack Vendor :STMicroelectronics FP-SNS-FLIGHT1 5.0.2
2024-11-05 22:00:29,794 [INFO] ThirdParty:1030 - CMSIS Pack Vendor :STMicroelectronics X-CUBE-AI 9.0.0
2024-11-05 22:00:29,794 [INFO] ThirdParty:1030 - CMSIS Pack Vendor :STMicroelectronics X-CUBE-AZRTOS-H7 3.1.0
2024-11-05 22:00:29,794 [INFO] ThirdParty:1030 - CMSIS Pack Vendor :STMicroelectronics PDM2PCM 3.3.0
2024-11-05 22:00:29,794 [INFO] ThirdParty:1030 - CMSIS Pack Vendor :STMicroelectronics X-CUBE-DISPLAY 3.0.0
2024-11-05 22:00:29,794 [INFO] ThirdParty:1030 - CMSIS Pack Vendor :STMicroelectronics X-CUBE-BLE1 7.0.0
2024-11-05 22:00:29,794 [INFO] ThirdParty:1030 - CMSIS Pack Vendor :STMicroelectronics X-CUBE-NFC10 1.0.0
2024-11-05 22:00:29,794 [INFO] ThirdParty:1030 - CMSIS Pack Vendor :STMicroelectronics HAL Drivers 0.0.0
2024-11-05 22:00:29,794 [INFO] ThirdParty:1030 - CMSIS Pack Vendor :emotas I-CUBE-CANOPEN 1.3.0
2024-11-05 22:00:29,794 [INFO] ThirdParty:1030 - CMSIS Pack Vendor :STMicroelectronics X-CUBE-TOUCHGFX 4.22.0
2024-11-05 22:00:29,794 [INFO] ThirdParty:1030 - CMSIS Pack Vendor :STMicroelectronics X-CUBE-NFC7 1.0.1
2024-11-05 22:00:29,794 [INFO] ThirdParty:1030 - CMSIS Pack Vendor :STMicroelectronics MBEDTLS 2.14.1
2024-11-05 22:00:29,794 [INFO] ThirdParty:1030 - CMSIS Pack Vendor :STMicroelectronics X-CUBE-TOUCHGFX 4.22.1
2024-11-05 22:00:29,794 [INFO] ThirdParty:1030 - CMSIS Pack Vendor :STMicroelectronics X-CUBE-NFC6 3.0.0
2024-11-05 22:00:29,794 [INFO] ThirdParty:1030 - CMSIS Pack Vendor :STMicroelectronics X-CUBE-EEPRMA1 4.1.0
2024-11-05 22:00:29,794 [INFO] ThirdParty:1030 - CMSIS Pack Vendor :STMicroelectronics X-CUBE-BLEMGR 3.1.0
2024-11-05 22:00:29,794 [INFO] ThirdParty:1030 - CMSIS Pack Vendor :STMicroelectronics FP-SNS-SMARTAG2 1.2.0
2024-11-05 22:00:29,794 [INFO] ThirdParty:1030 - CMSIS Pack Vendor :STMicroelectronics X-CUBE-AZRTOS-WL 2.0.0
2024-11-05 22:00:29,794 [INFO] ThirdParty:1030 - CMSIS Pack Vendor :STMicroelectronics FP-SNS-MOTENV1 5.0.0
2024-11-05 22:00:29,794 [INFO] ThirdParty:1030 - CMSIS Pack Vendor :STMicroelectronics USB_DEVICE 1.0.0
2024-11-05 22:00:29,794 [INFO] ThirdParty:1030 - CMSIS Pack Vendor :STMicroelectronics X-CUBE-AI 8.1.0
2024-11-05 22:00:29,794 [INFO] ThirdParty:1030 - CMSIS Pack Vendor :wolfSSL I-CUBE-wolfMQTT 1.19.0
2024-11-05 22:00:29,795 [INFO] ThirdParty:1030 - CMSIS Pack Vendor :STMicroelectronics X-CUBE-AZRTOS-L4 2.0.0
2024-11-05 22:00:29,795 [INFO] ThirdParty:1030 - CMSIS Pack Vendor :STMicroelectronics ThreadX 0.0.2
2024-11-05 22:00:29,795 [INFO] ThirdParty:1030 - CMSIS Pack Vendor :WES I-CUBE-Cesium 1.3.0
2024-11-05 22:00:29,795 [INFO] ThirdParty:1030 - CMSIS Pack Vendor :STMicroelectronics lwIP 2.1.2
2024-11-05 22:00:29,795 [INFO] ThirdParty:1030 - CMSIS Pack Vendor :STMicroelectronics X-CUBE-SFXS2LP1 4.0.0
2024-11-05 22:00:29,795 [INFO] ThirdParty:1030 - CMSIS Pack Vendor :STMicroelectronics X-CUBE-BLE2 3.3.0
2024-11-05 22:00:29,795 [INFO] ThirdParty:1030 - CMSIS Pack Vendor :STMicroelectronics PDM2PCM 3.2.0
2024-11-05 22:00:29,795 [INFO] ThirdParty:1030 - CMSIS Pack Vendor :STMicroelectronics X-CUBE-ISPU 1.1.0
2024-11-05 22:00:29,795 [INFO] ThirdParty:1030 - CMSIS Pack Vendor :STMicroelectronics X-CUBE-AZRTOS-H7 3.3.0
2024-11-05 22:00:29,795 [INFO] ThirdParty:1030 - CMSIS Pack Vendor :STMicroelectronics X-CUBE-NFC9 1.0.0
2024-11-05 22:00:29,795 [INFO] ThirdParty:1030 - CMSIS Pack Vendor :STMicroelectronics USB_DEVICE 3.0.0
2024-11-05 22:00:29,795 [INFO] ThirdParty:1030 - CMSIS Pack Vendor :STMicroelectronics X-CUBE-TCPP 4.1.0
2024-11-05 22:00:29,795 [INFO] ThirdParty:1030 - CMSIS Pack Vendor :STMicroelectronics X-CUBE-IPS 3.0.0
2024-11-05 22:00:29,795 [INFO] ThirdParty:1030 - CMSIS Pack Vendor :STMicroelectronics X-CUBE-AZRTOS-WB 2.0.0
2024-11-05 22:00:29,795 [INFO] ThirdParty:1030 - CMSIS Pack Vendor :STMicroelectronics X-CUBE-FREERTOS 1.0.1
2024-11-05 22:00:29,795 [INFO] ThirdParty:1030 - CMSIS Pack Vendor :STMicroelectronics X-CUBE-GNSS1 7.0.0
2024-11-05 22:00:29,795 [INFO] ThirdParty:1030 - CMSIS Pack Vendor :STMicroelectronics FP-SNS-STBOX1 2.0.0
2024-11-05 22:00:29,795 [INFO] ThirdParty:1030 - CMSIS Pack Vendor :STMicroelectronics X-CUBE-ALGOBUILD 1.3.0
2024-11-05 22:00:29,795 [INFO] ThirdParty:1030 - CMSIS Pack Vendor :STMicroelectronics X-CUBE-AZRTOS-L5 1.1.0
2024-11-05 22:00:29,795 [INFO] ThirdParty:1030 - CMSIS Pack Vendor :STMicroelectronics X-CUBE-AZRTOS-G0 1.1.0
2024-11-05 22:00:29,795 [INFO] ThirdParty:1030 - CMSIS Pack Vendor :STMicroelectronics X-CUBE-AI 8.0.1
2024-11-05 22:00:29,795 [INFO] ThirdParty:1030 - CMSIS Pack Vendor :STMicroelectronics X-CUBE-SAFEA1 1.2.2
2024-11-05 22:00:29,795 [INFO] ThirdParty:1030 - CMSIS Pack Vendor :STMicroelectronics X-CUBE-NFC4 3.0.0
2024-11-05 22:00:29,795 [INFO] ThirdParty:1030 - CMSIS Pack Vendor :STMicroelectronics X-CUBE-SUBG2 5.0.0
2024-11-05 22:00:29,796 [INFO] ThirdParty:1030 - CMSIS Pack Vendor :STMicroelectronics STM32_WPAN 1.0.0
2024-11-05 22:00:29,796 [INFO] ThirdParty:1030 - CMSIS Pack Vendor :wolfSSL I-CUBE-wolfMQTT 1.18.0
2024-11-05 22:00:29,796 [INFO] ThirdParty:1030 - CMSIS Pack Vendor :EmbeddedOffice I-CUBE-FS-RTOS 1.0.1
2024-11-05 22:00:29,796 [INFO] ThirdParty:1030 - CMSIS Pack Vendor :STMicroelectronics lwIP 2.0.3
2024-11-05 22:00:29,796 [INFO] ThirdParty:1030 - CMSIS Pack Vendor :Cesanta I-CUBE-Mongoose 7.13.0
2024-11-05 22:00:29,796 [INFO] ThirdParty:1030 - CMSIS Pack Vendor :STMicroelectronics USB_HOST 1.0.0
2024-11-05 22:00:29,796 [INFO] ThirdParty:1030 - CMSIS Pack Vendor :STMicroelectronics X-CUBE-TOF1 3.3.1
2024-11-05 22:00:29,796 [INFO] ThirdParty:1030 - CMSIS Pack Vendor :STMicroelectronics X-CUBE-AZRTOS-G4 2.0.0
2024-11-05 22:00:29,796 [INFO] ThirdParty:1030 - CMSIS Pack Vendor :STMicroelectronics PDM2PCM 3.1.0
2024-11-05 22:00:29,796 [INFO] ThirdParty:1030 - CMSIS Pack Vendor :Infineon AIROC-Wi-Fi-Bluetooth-STM32 1.5.1
2024-11-05 22:00:29,796 [INFO] ThirdParty:1030 - CMSIS Pack Vendor :STMicroelectronics X-CUBE-BLEMGR 3.0.0
2024-11-05 22:00:29,796 [INFO] ThirdParty:1030 - CMSIS Pack Vendor :STMicroelectronics FP-SNS-MOTENVWB1 1.3.0
2024-11-05 22:00:29,796 [INFO] ThirdParty:1030 - CMSIS Pack Vendor :RealThread X-CUBE-RT-Thread_Nano 4.1.1
2024-11-05 22:00:29,796 [INFO] ThirdParty:1030 - CMSIS Pack Vendor :STMicroelectronics FP-SNS-MOTENVWB1 1.3.1
2024-11-05 22:00:29,796 [INFO] ThirdParty:1030 - CMSIS Pack Vendor :STMicroelectronics FP-ATR-SIGFOX1 3.2.0
2024-11-05 22:00:29,796 [INFO] ThirdParty:1030 - CMSIS Pack Vendor :STMicroelectronics X-CUBE-ISPU 2.0.0
2024-11-05 22:00:29,796 [INFO] ThirdParty:1030 - CMSIS Pack Vendor :STMicroelectronics X-CUBE-EEPRMA1 5.1.0
2024-11-05 22:00:29,796 [INFO] ThirdParty:1030 - CMSIS Pack Vendor :STMicroelectronics MBEDTLS 2.16.2
2024-11-05 22:00:29,796 [INFO] ThirdParty:1030 - CMSIS Pack Vendor :STMicroelectronics X-CUBE-ALS 1.0.2
2024-11-05 22:00:29,796 [INFO] ThirdParty:1030 - CMSIS Pack Vendor :STMicroelectronics X-CUBE-MEMS1 10.0.0
2024-11-05 22:00:29,796 [INFO] ThirdParty:1030 - CMSIS Pack Vendor :STMicroelectronics X-CUBE-FREERTOS 1.1.0
2024-11-05 22:00:29,796 [INFO] ThirdParty:1030 - CMSIS Pack Vendor :STMicroelectronics X-CUBE-TOUCHGFX 4.24.1
2024-11-05 22:00:29,796 [INFO] ThirdParty:1030 - CMSIS Pack Vendor :wolfSSL I-CUBE-wolfTPM 3.4.0
2024-11-05 22:00:29,796 [INFO] ThirdParty:1030 - CMSIS Pack Vendor :portGmbH I-Cube-SoM-uGOAL 1.1.0
2024-11-05 22:00:29,796 [INFO] ThirdParty:1030 - CMSIS Pack Vendor :STMicroelectronics X-CUBE-ALS 1.0.1
2024-11-05 22:00:29,796 [INFO] ThirdParty:1030 - CMSIS Pack Vendor :STMicroelectronics ThreadX 1.0.0
2024-11-05 22:00:29,796 [INFO] ThirdParty:1030 - CMSIS Pack Vendor :STMicroelectronics X-CUBE-AZRTOS-WB 1.1.0
2024-11-05 22:00:29,796 [INFO] ThirdParty:1030 - CMSIS Pack Vendor :SEGGER I-CUBE-embOS 1.3.1
2024-11-05 22:00:29,796 [INFO] ThirdParty:1030 - CMSIS Pack Vendor :STMicroelectronics X-CUBE-ALGOBUILD 1.4.0
2024-11-05 22:00:29,796 [INFO] ThirdParty:1030 - CMSIS Pack Vendor :STMicroelectronics X-CUBE-AZRTOS-H7RS 1.0.0
2024-11-05 22:00:29,796 [INFO] ThirdParty:1030 - CMSIS Pack Vendor :STMicroelectronics FP-ATR-ASTRA1 2.0.0
2024-11-05 22:00:29,796 [INFO] ThirdParty:1030 - CMSIS Pack Vendor :STMicroelectronics X-CUBE-TOF1 3.4.2
2024-11-05 22:00:29,796 [INFO] ThirdParty:1030 - CMSIS Pack Vendor :STMicroelectronics X-CUBE-AI 9.1.0
2024-11-05 22:00:29,796 [INFO] ThirdParty:1030 - CMSIS Pack Vendor :STMicroelectronics X-CUBE-TOF1 3.4.0
2024-11-05 22:00:29,796 [INFO] ThirdParty:1030 - CMSIS Pack Vendor :STMicroelectronics X-CUBE-TOF1 3.4.1
2024-11-05 22:00:29,796 [INFO] ThirdParty:1030 - CMSIS Pack Vendor :STMicroelectronics X-CUBE-AZRTOS-H7 3.2.0
2024-11-05 22:00:29,796 [INFO] ThirdParty:1030 - CMSIS Pack Vendor :wolfSSL I-CUBE-wolfSSH 1.4.17
2024-11-05 22:00:29,796 [INFO] ThirdParty:841 - exiting critical section [change project]
2024-11-05 22:00:29,952 [INFO] PinOutPanel:1561 - setPackage(No Configuration,No Configuration)
2024-11-05 22:00:29,953 [INFO] PinOutPanel:1561 - setPackage(STM32F407VGTx,LQFP100)
2024-11-05 22:00:30,116 [INFO] UtilMem:75 - Before build in PCC Used Memory: 417552784 Bytes (1037041664)
2024-11-05 22:00:30,305 [INFO] UtilMem:75 - After build in PCC Used Memory: 461592976 Bytes (1037041664)
2024-11-05 22:00:30,336 [INFO] IPUIPlugin:80 - create IPUIPlugin
2024-11-05 22:00:30,336 [INFO] IPUIPlugin:80 - create IPUIPlugin
2024-11-05 22:00:30,336 [INFO] IPUIPlugin:80 - create IPUIPlugin
2024-11-05 22:00:30,336 [INFO] IPUIPlugin:80 - create IPUIPlugin
2024-11-05 22:00:30,336 [INFO] IPUIPlugin:80 - create IPUIPlugin
2024-11-05 22:00:30,337 [INFO] IPUIPlugin:80 - create IPUIPlugin
2024-11-05 22:00:30,337 [INFO] IPUIPlugin:80 - create IPUIPlugin
2024-11-05 22:00:30,337 [INFO] IPUIPlugin:80 - create IPUIPlugin
2024-11-05 22:00:30,337 [INFO] IPUIPlugin:80 - create IPUIPlugin
2024-11-05 22:00:30,338 [INFO] IPUIPlugin:80 - create IPUIPlugin
2024-11-05 22:00:30,338 [INFO] IPUIPlugin:80 - create IPUIPlugin
2024-11-05 22:00:30,338 [INFO] IPUIPlugin:80 - create IPUIPlugin
2024-11-05 22:00:30,338 [INFO] IPUIPlugin:80 - create IPUIPlugin
2024-11-05 22:00:30,338 [INFO] IPUIPlugin:80 - create IPUIPlugin
2024-11-05 22:00:30,338 [INFO] IPUIPlugin:80 - create IPUIPlugin
2024-11-05 22:00:30,338 [INFO] IPUIPlugin:80 - create IPUIPlugin
2024-11-05 22:00:30,338 [INFO] IPUIPlugin:80 - create IPUIPlugin
2024-11-05 22:00:30,339 [INFO] IPUIPlugin:80 - create IPUIPlugin
2024-11-05 22:00:30,339 [INFO] IPUIPlugin:80 - create IPUIPlugin
2024-11-05 22:00:30,339 [INFO] IPUIPlugin:80 - create IPUIPlugin
2024-11-05 22:00:30,339 [INFO] IPUIPlugin:80 - create IPUIPlugin
2024-11-05 22:00:30,340 [INFO] IPUIPlugin:80 - create IPUIPlugin
2024-11-05 22:00:30,340 [INFO] IPUIPlugin:80 - create IPUIPlugin
2024-11-05 22:00:30,340 [INFO] IPUIPlugin:80 - create IPUIPlugin
2024-11-05 22:00:30,341 [INFO] IPUIPlugin:80 - create IPUIPlugin
2024-11-05 22:00:30,341 [INFO] IPUIPlugin:80 - create IPUIPlugin
2024-11-05 22:00:30,341 [INFO] IPUIPlugin:80 - create IPUIPlugin
2024-11-05 22:00:30,341 [INFO] IPUIPlugin:80 - create IPUIPlugin
2024-11-05 22:00:30,341 [INFO] IPUIPlugin:80 - create IPUIPlugin
2024-11-05 22:00:30,341 [INFO] IPUIPlugin:80 - create IPUIPlugin
2024-11-05 22:00:30,342 [INFO] IPUIPlugin:80 - create IPUIPlugin
2024-11-05 22:00:30,342 [INFO] IPUIPlugin:80 - create IPUIPlugin
2024-11-05 22:00:30,342 [INFO] IPUIPlugin:80 - create IPUIPlugin
2024-11-05 22:00:30,342 [INFO] IPUIPlugin:80 - create IPUIPlugin
2024-11-05 22:00:30,344 [INFO] IPUIPlugin:80 - create IPUIPlugin
2024-11-05 22:00:30,344 [INFO] IPUIPlugin:80 - create IPUIPlugin
2024-11-05 22:00:30,344 [INFO] IPUIPlugin:80 - create IPUIPlugin
2024-11-05 22:00:30,344 [INFO] IPUIPlugin:80 - create IPUIPlugin
2024-11-05 22:00:30,344 [INFO] IPUIPlugin:80 - create IPUIPlugin
2024-11-05 22:00:30,345 [INFO] IPUIPlugin:80 - create IPUIPlugin
2024-11-05 22:00:30,345 [INFO] IPUIPlugin:80 - create IPUIPlugin
2024-11-05 22:00:30,346 [INFO] IPUIPlugin:80 - create IPUIPlugin
2024-11-05 22:00:30,346 [INFO] IPUIPlugin:80 - create IPUIPlugin
2024-11-05 22:00:30,347 [INFO] IPUIPlugin:80 - create IPUIPlugin
2024-11-05 22:00:30,347 [INFO] IPUIPlugin:80 - create IPUIPlugin
2024-11-05 22:00:30,347 [INFO] IPUIPlugin:80 - create IPUIPlugin
2024-11-05 22:00:30,348 [INFO] IPUIPlugin:80 - create IPUIPlugin
2024-11-05 22:00:30,348 [INFO] IPUIPlugin:80 - create IPUIPlugin
2024-11-05 22:00:30,349 [INFO] IPUIPlugin:80 - create IPUIPlugin
2024-11-05 22:00:30,349 [INFO] IPUIPlugin:80 - create IPUIPlugin
2024-11-05 22:00:30,350 [INFO] IPUIPlugin:80 - create IPUIPlugin
2024-11-05 22:00:30,350 [INFO] IPUIPlugin:80 - create IPUIPlugin
2024-11-05 22:00:30,351 [INFO] IPUIPlugin:80 - create IPUIPlugin
2024-11-05 22:00:30,351 [INFO] IPUIPlugin:80 - create IPUIPlugin
2024-11-05 22:00:30,352 [INFO] IPUIPlugin:80 - create IPUIPlugin
2024-11-05 22:00:30,352 [INFO] IPUIPlugin:80 - create IPUIPlugin
2024-11-05 22:00:30,353 [INFO] IPUIPlugin:80 - create IPUIPlugin
2024-11-05 22:00:30,353 [INFO] IPUIPlugin:80 - create IPUIPlugin
2024-11-05 22:00:30,356 [INFO] ApiDbMcu:508 - Load IP Config File for PDM2PCM
2024-11-05 22:00:30,430 [INFO] CADModel:165 - CPN selected for project levelSTM32F407VGT6
2024-11-05 22:00:30,430 [INFO] CADModel:114 - Register for checkConnection events
2024-11-05 22:00:30,469 [INFO] OpenFileManager:363 - Restore cursor
2024-11-05 22:00:48,057 [INFO] UtilMem:75 - End SaveConfig() Used Memory: 454487720 Bytes (1037041664)
2024-11-05 22:00:49,174 [INFO] UtilMem:75 - End SaveConfig() Used Memory: 478604968 Bytes (1037041664)
2024-11-05 22:00:49,919 [INFO] UtilMem:75 - End SaveConfig() Used Memory: 558296744 Bytes (1037041664)
2024-11-05 22:00:50,243 [INFO] BlockDiagram:2766 - set Specific Code input for plugin: SYS
2024-11-05 22:00:50,243 [INFO] BlockDiagram:2766 - set Specific Code input for plugin: RCC
2024-11-05 22:00:50,243 [INFO] BlockDiagram:2766 - set Specific Code input for plugin: NVIC
2024-11-05 22:00:50,243 [INFO] BlockDiagram:2766 - set Specific Code input for plugin: GPIO
2024-11-05 22:00:50,246 [INFO] CodeGenerator:807 - code generatio: config db path: C:\ST\STM32CubeIDE_1.9.0\STM32CubeIDE\plugins\com.st.stm32cube.common.mx_6.12.1.202409122256\\db\
2024-11-05 22:00:50,386 [INFO] CodeEngine:255 - oldGeneratedFile, C:\learning\MasterRTOS\RTOS_workspace\002LED_Tasks\MXTmpFiles\license.tmp_save
2024-11-05 22:00:50,500 [INFO] CodeEngine:279 - Generated code: C:\learning\MasterRTOS\RTOS_workspace\002LED_Tasks\MXTmpFiles\license.tmp
2024-11-05 22:00:50,610 [INFO] CodeEngine:255 - oldGeneratedFile, C:\learning\MasterRTOS\RTOS_workspace\002LED_Tasks\MXTmpFiles\gpio.tmp_save
2024-11-05 22:00:50,743 [INFO] CodeEngine:279 - Generated code: C:\learning\MasterRTOS\RTOS_workspace\002LED_Tasks\MXTmpFiles\gpio.tmp
2024-11-05 22:00:50,800 [INFO] CodeEngine:255 - oldGeneratedFile, C:\learning\MasterRTOS\RTOS_workspace\002LED_Tasks\Core\Src\stm32f4xx_it.c_save
2024-11-05 22:00:50,919 [INFO] CodeEngine:279 - Generated code: C:\learning\MasterRTOS\RTOS_workspace\002LED_Tasks\Core\Src\stm32f4xx_it.c
2024-11-05 22:00:50,932 [INFO] CodeEngine:255 - oldGeneratedFile, C:\learning\MasterRTOS\RTOS_workspace\002LED_Tasks\Core\Inc\stm32f4xx_it.h_save
2024-11-05 22:00:51,007 [INFO] CodeEngine:279 - Generated code: C:\learning\MasterRTOS\RTOS_workspace\002LED_Tasks\Core\Inc\stm32f4xx_it.h
2024-11-05 22:00:51,035 [INFO] CodeEngine:255 - oldGeneratedFile, C:\learning\MasterRTOS\RTOS_workspace\002LED_Tasks\Core\Src\stm32f4xx_hal_msp.c_save
2024-11-05 22:00:51,163 [INFO] CodeEngine:279 - Generated code: C:\learning\MasterRTOS\RTOS_workspace\002LED_Tasks\Core\Src\stm32f4xx_hal_msp.c
2024-11-05 22:00:51,176 [INFO] CodeEngine:255 - oldGeneratedFile, C:\learning\MasterRTOS\RTOS_workspace\002LED_Tasks\MXTmpFiles\system.tmp_save
2024-11-05 22:00:51,272 [INFO] CodeEngine:279 - Generated code: C:\learning\MasterRTOS\RTOS_workspace\002LED_Tasks\MXTmpFiles\system.tmp
2024-11-05 22:00:51,287 [INFO] CodeEngine:255 - oldGeneratedFile, C:\learning\MasterRTOS\RTOS_workspace\002LED_Tasks\Core\Src\stm32f4xx_hal_timebase_tim.c_save
2024-11-05 22:00:51,405 [INFO] CodeEngine:279 - Generated code: C:\learning\MasterRTOS\RTOS_workspace\002LED_Tasks\Core\Src\stm32f4xx_hal_timebase_tim.c
2024-11-05 22:00:51,431 [INFO] CodeEngine:311 - oldGeneratedFile, C:\learning\MasterRTOS\RTOS_workspace\002LED_Tasks\Core\Inc\stm32f4xx_hal_conf.h_save
2024-11-05 22:00:51,540 [INFO] CodeEngine:335 - Generated code: C:\learning\MasterRTOS\RTOS_workspace\002LED_Tasks\Core\Inc\stm32f4xx_hal_conf.h
2024-11-05 22:00:51,582 [INFO] CodeEngine:255 - oldGeneratedFile, C:\learning\MasterRTOS\RTOS_workspace\002LED_Tasks\Core\Inc\main.h_save
2024-11-05 22:00:51,686 [INFO] CodeEngine:279 - Generated code: C:\learning\MasterRTOS\RTOS_workspace\002LED_Tasks\Core\Inc\main.h
2024-11-05 22:00:51,701 [INFO] CodeEngine:255 - oldGeneratedFile, C:\learning\MasterRTOS\RTOS_workspace\002LED_Tasks\Core\Src\main.c_save
2024-11-05 22:00:51,859 [INFO] CodeEngine:279 - Generated code: C:\learning\MasterRTOS\RTOS_workspace\002LED_Tasks\Core\Src\main.c
2024-11-05 22:00:52,451 [INFO] ProjectBuilder:3249 - Time for Copy HAL[1] : 353mS.
2024-11-05 22:00:52,456 [INFO] ProjectBuilder:4828 - Project Generator version: 4.5.0-B34
2024-11-05 22:00:52,599 [INFO] ConfigFileManager:1531 - The Die is : DIE413
2024-11-05 22:00:52,603 [INFO] ApiDbMcu:508 - Load IP Config File for FATFS
2024-11-05 22:00:52,606 [INFO] ApiDbMcu:508 - Load IP Config File for FREERTOS
2024-11-05 22:00:52,609 [INFO] ApiDbMcu:508 - Load IP Config File for LIBJPEG
2024-11-05 22:00:52,618 [INFO] ApiDbMcu:508 - Load IP Config File for LWIP
2024-11-05 22:00:52,622 [INFO] ApiDbMcu:508 - Load IP Config File for MBEDTLS
2024-11-05 22:00:52,632 [INFO] ApiDbMcu:508 - Load IP Config File for USB_DEVICE
2024-11-05 22:00:52,635 [INFO] ApiDbMcu:508 - Load IP Config File for USB_HOST
2024-11-05 22:00:53,818 [INFO] ProjectBuilder:5097 - Time for Generating toolchain IDE Files: 1362mS.
2024-11-05 22:00:53,819 [INFO] ProjectBuilder:3107 - Time for Copy CMSIS : 1mS.
2024-11-05 22:00:53,825 [INFO] ProjectBuilder:3107 - Time for Copy CMSIS : 1mS.
2024-11-05 22:01:47,281 [INFO] MainUpdater:2873 - connection check result : 10
2024-11-05 22:01:47,281 [INFO] MainUpdater:2873 - connection check result : 10
2024-11-05 22:01:47,295 [INFO] MicroXplorer:468 - Change Database Path : 
2024-11-05 22:01:47,295 [INFO] MicroXplorer:498 - Change Database Version : DB.6.0.121
2024-11-05 22:01:47,303 [ERROR] ProjectManagerView:394 - 
java.lang.NullPointerException: Cannot invoke "javax.swing.JTextField.getText()" because the return value of "java.util.List.get(int)" is null
	at com.st.microxplorer.plugins.projectmanager.gui.ProjectChoiceTab$10.caretUpdate(ProjectChoiceTab.java:2622) ~[filemanager.jar:?]
	at javax.swing.text.JTextComponent.fireCaretUpdate(JTextComponent.java:412) ~[?:?]
	at javax.swing.text.JTextComponent$MutableCaretEvent.fire(JTextComponent.java:4491) ~[?:?]
	at javax.swing.text.JTextComponent$MutableCaretEvent.stateChanged(JTextComponent.java:4513) ~[?:?]
	at javax.swing.text.DefaultCaret.fireStateChanged(DefaultCaret.java:842) ~[?:?]
	at javax.swing.text.DefaultCaret.changeCaretPosition(DefaultCaret.java:1313) ~[?:?]
	at javax.swing.text.DefaultCaret.handleSetDot(DefaultCaret.java:1212) ~[?:?]
	at javax.swing.text.DefaultCaret.setDot(DefaultCaret.java:1193) ~[?:?]
	at javax.swing.text.DefaultCaret$Handler.insertUpdate(DefaultCaret.java:1789) ~[?:?]
	at javax.swing.text.AbstractDocument.fireInsertUpdate(AbstractDocument.java:226) ~[?:?]
	at javax.swing.text.AbstractDocument.handleInsertString(AbstractDocument.java:780) ~[?:?]
	at javax.swing.text.AbstractDocument.insertString(AbstractDocument.java:739) ~[?:?]
	at javax.swing.text.PlainDocument.insertString(PlainDocument.java:131) ~[?:?]
	at javax.swing.text.AbstractDocument.replace(AbstractDocument.java:698) ~[?:?]
	at javax.swing.text.JTextComponent.setText(JTextComponent.java:1729) ~[?:?]
	at com.st.microxplorer.plugins.projectmanager.gui.ProjectChoiceTab.createHeapStackFields(ProjectChoiceTab.java:972) ~[filemanager.jar:?]
	at com.st.microxplorer.plugins.projectmanager.gui.ProjectChoiceTab.buildLinkSettingsPanel(ProjectChoiceTab.java:3597) ~[filemanager.jar:?]
	at com.st.microxplorer.plugins.projectmanager.gui.ProjectChoiceTab.defineWindowsFields(ProjectChoiceTab.java:1940) ~[filemanager.jar:?]
	at com.st.microxplorer.plugins.projectmanager.gui.ProjectChoiceTab.updateSettings(ProjectChoiceTab.java:550) ~[filemanager.jar:?]
	at com.st.microxplorer.plugins.projectmanager.gui.ProjectSettingsPanel.UpdateDialog(ProjectSettingsPanel.java:245) ~[filemanager.jar:?]
	at com.st.microxplorer.plugins.projectmanager.ProjectManagerView.propertyChange(ProjectManagerView.java:391) ~[filemanager.jar:?]
	at java.beans.PropertyChangeSupport.fire(PropertyChangeSupport.java:343) ~[?:?]
	at java.beans.PropertyChangeSupport.firePropertyChange(PropertyChangeSupport.java:335) ~[?:?]
	at java.beans.PropertyChangeSupport.firePropertyChange(PropertyChangeSupport.java:268) ~[?:?]
	at com.st.microxplorer.util.MXPropertyChangeSupport.firePropertyChange(MXPropertyChangeSupport.java:54) ~[STM32CubeMX.jar:?]
	at com.st.microxplorer.mxsystem.MxSystem.closeConfig(MxSystem.java:900) ~[STM32CubeMX.jar:?]
	at com.st.microxplorer.maingui.MainPanel.closeConfig(MainPanel.java:781) ~[STM32CubeMX.jar:?]
	at com.st.microxplorer.plugins.filemanager.engine.OpenFileManager.loadConfigurationFile(OpenFileManager.java:265) ~[filemanager.jar:?]
	at com.st.microxplorer.plugins.filemanager.engine.MainFileManager.userLoadConfig(MainFileManager.java:352) ~[filemanager.jar:?]
	at com.st.microxplorer.plugins.filemanager.engine.MainFileManager.userLoadConfig(MainFileManager.java:330) ~[filemanager.jar:?]
	at com.st.microxplorer.plugins.filemanager.FileManagerView.getSpecificTask(FileManagerView.java:246) ~[filemanager.jar:?]
	at com.st.stm32cube.common.mx.editor.CubeMxEditor.getMxTabbedPaneInstance(CubeMxEditor.java:1198) ~[com.st.stm32cube.common.mx_6.12.1.202409122256/:?]
	at com.st.stm32cube.common.mx.editor.CubeMxEditor$12$1.createSwingComponent(CubeMxEditor.java:1068) ~[com.st.stm32cube.common.mx_6.12.1.202409122256/:?]
	at com.st.stm32cube.common.mx.oss.core.awtswtbridge.EmbeddedSwingComposite.doComponentCreation(EmbeddedSwingComposite.java:492) ~[com.st.stm32cube.common.mx.oss_6.12.1.202409122256/:?]
	at com.st.stm32cube.common.mx.oss.core.awtswtbridge.EmbeddedSwingComposite$4.run(EmbeddedSwingComposite.java:291) ~[com.st.stm32cube.common.mx.oss_6.12.1.202409122256/:?]
	at com.st.stm32cube.common.mx.oss.core.awtswtbridge.AwtEnvironment$2.run(AwtEnvironment.java:166) ~[com.st.stm32cube.common.mx.oss_6.12.1.202409122256/:?]
	at java.awt.event.InvocationEvent.dispatch(InvocationEvent.java:318) ~[?:?]
	at java.awt.EventQueue.dispatchEventImpl(EventQueue.java:773) ~[?:?]
	at java.awt.EventQueue$4.run(EventQueue.java:720) ~[?:?]
	at java.awt.EventQueue$4.run(EventQueue.java:714) ~[?:?]
	at java.security.AccessController.doPrivileged(AccessController.java:399) ~[?:?]
	at java.security.ProtectionDomain$JavaSecurityAccessImpl.doIntersectionPrivilege(ProtectionDomain.java:86) ~[?:?]
	at java.awt.EventQueue.dispatchEvent(EventQueue.java:742) ~[?:?]
	at java.awt.EventDispatchThread.pumpOneEventForFilters(EventDispatchThread.java:203) ~[?:?]
	at java.awt.EventDispatchThread.pumpEventsForFilter(EventDispatchThread.java:124) ~[?:?]
	at java.awt.EventDispatchThread.pumpEventsForHierarchy(EventDispatchThread.java:113) ~[?:?]
	at java.awt.EventDispatchThread.pumpEvents(EventDispatchThread.java:109) ~[?:?]
	at java.awt.EventDispatchThread.pumpEvents(EventDispatchThread.java:101) ~[?:?]
	at java.awt.EventDispatchThread.run(EventDispatchThread.java:90) ~[?:?]
2024-11-05 22:01:47,303 [WARN] ThirdParty:871 - waiting for thirdparty lock release [close project]
2024-11-05 22:01:47,303 [INFO] ThirdParty:873 - entering critical section [close project]
2024-11-05 22:01:47,303 [INFO] ThirdParty:883 - exiting critical section [close project]
2024-11-05 22:01:47,305 [INFO] PinOutPanel:1561 - setPackage(No Configuration,No Configuration)
2024-11-05 22:01:47,311 [WARN] IpParametersView:151 - Warning: This peripheral hasn't parameters
2024-11-05 22:01:47,313 [WARN] MainPanel:284 - <html><b><center>Warning: This peripheral has no parameters to be configured<br></b></html>
2024-11-05 22:01:47,317 [INFO] UtilMem:75 - Begin LoadConfig() Used Memory: 444892920 Bytes (1037041664)
2024-11-05 22:01:47,318 [INFO] MicroXplorer:468 - Change Database Path : 
2024-11-05 22:01:47,318 [INFO] MicroXplorer:498 - Change Database Version : DB.6.0.121
2024-11-05 22:01:47,318 [INFO] OpenFileManager:332 - Change cursor
2024-11-05 22:01:47,334 [INFO] RulesReader:64 - Compatibility file has been processed (297 Rules)
2024-11-05 22:01:47,339 [INFO] Mcu:2032 - Initializing MCU STM32F407V(E-G)Tx STM32F407VGTx STM32F407VGT6
2024-11-05 22:01:48,753 [INFO] Context:742 - Trying to add GPIOservice into a context  which must be forbidden
2024-11-05 22:01:49,154 [INFO] RtosManager:555 - Registered RTOS mode: class=CMSIS, group=RTOS, mode=CMSIS_V1, owner=FREERTOS
2024-11-05 22:01:49,154 [INFO] RtosManager:555 - Registered RTOS mode: class=CMSIS, group=RTOS2, mode=CMSIS_V2, owner=FREERTOS
2024-11-05 22:01:49,154 [INFO] RtosManager:555 - Registered RTOS mode: class=RTOS, group=Core, mode=CMSIS_V1, owner=FREERTOS
2024-11-05 22:01:49,154 [INFO] RtosManager:555 - Registered RTOS mode: class=RTOS, group=Core, mode=CMSIS_V2, owner=FREERTOS
2024-11-05 22:01:49,154 [WARN] ModelIntegratedComponent:184 - Missing modes for component STMicroelectronics:FreeRTOS:0.0.1:STMicroelectronics:RTOS:FreeRTOS:Core:::10.2.0:
2024-11-05 22:01:49,156 [WARN] ModelIntegratedComponent:63 - No mode defined for component null
2024-11-05 22:01:49,156 [WARN] ModelIntegratedComponent:63 - No mode defined for component null
2024-11-05 22:01:49,156 [WARN] ModelIntegratedComponent:63 - No mode defined for component null
2024-11-05 22:01:49,156 [WARN] ModelIntegratedComponent:63 - No mode defined for component null
2024-11-05 22:01:49,156 [WARN] ModelIntegratedComponent:63 - No mode defined for component null
2024-11-05 22:01:49,156 [WARN] ModelIntegratedComponent:63 - No mode defined for component null
2024-11-05 22:01:49,156 [WARN] ModelIntegratedComponent:63 - No mode defined for component null
2024-11-05 22:01:49,156 [WARN] ModelIntegratedComponent:63 - No mode defined for component null
2024-11-05 22:01:49,156 [WARN] ModelIntegratedComponent:63 - No mode defined for component null
2024-11-05 22:01:49,156 [WARN] ModelIntegratedComponent:63 - No mode defined for component null
2024-11-05 22:01:49,156 [WARN] ModelIntegratedComponent:63 - No mode defined for component null
2024-11-05 22:01:49,156 [WARN] ModelIntegratedComponent:63 - No mode defined for component null
2024-11-05 22:01:49,157 [WARN] ModelIntegratedComponent:63 - No mode defined for component null
2024-11-05 22:01:49,157 [WARN] ModelIntegratedComponent:63 - No mode defined for component null
2024-11-05 22:01:49,157 [WARN] ModelIntegratedComponent:63 - No mode defined for component null
2024-11-05 22:01:49,157 [WARN] ModelIntegratedComponent:63 - No mode defined for component null
2024-11-05 22:01:49,157 [WARN] ModelIntegratedComponent:63 - No mode defined for component null
2024-11-05 22:01:49,157 [WARN] ModelIntegratedComponent:63 - No mode defined for component null
2024-11-05 22:01:49,157 [WARN] ModelIntegratedComponent:63 - No mode defined for component null
2024-11-05 22:01:49,157 [WARN] ModelIntegratedComponent:63 - No mode defined for component null
2024-11-05 22:01:49,157 [WARN] ModelIntegratedComponent:63 - No mode defined for component null
2024-11-05 22:01:49,157 [WARN] ModelIntegratedComponent:63 - No mode defined for component null
2024-11-05 22:01:49,157 [WARN] ModelIntegratedComponent:63 - No mode defined for component null
2024-11-05 22:01:49,157 [WARN] ModelIntegratedComponent:63 - No mode defined for component null
2024-11-05 22:01:49,157 [WARN] ModelIntegratedComponent:63 - No mode defined for component null
2024-11-05 22:01:49,157 [WARN] ModelIntegratedComponent:63 - No mode defined for component null
2024-11-05 22:01:49,157 [WARN] ModelIntegratedComponent:63 - No mode defined for component null
2024-11-05 22:01:49,157 [WARN] ModelIntegratedComponent:63 - No mode defined for component null
2024-11-05 22:01:49,157 [WARN] ModelIntegratedComponent:63 - No mode defined for component null
2024-11-05 22:01:49,157 [WARN] ModelIntegratedComponent:63 - No mode defined for component null
2024-11-05 22:01:49,157 [WARN] ModelIntegratedComponent:63 - No mode defined for component null
2024-11-05 22:01:49,157 [WARN] ModelIntegratedComponent:63 - No mode defined for component null
2024-11-05 22:01:49,157 [WARN] ModelIntegratedComponent:63 - No mode defined for component null
2024-11-05 22:01:49,157 [WARN] ModelIntegratedComponent:63 - No mode defined for component null
2024-11-05 22:01:49,157 [WARN] ModelIntegratedComponent:63 - No mode defined for component null
2024-11-05 22:01:49,157 [WARN] ModelPack:524 - Component already loaded: STMicroelectronics:HAL Drivers:0.0.0:STMicroelectronics:Device:STMicro_Driver:XSPI:HAL::0.0.1:HAL_XSPI
2024-11-05 22:01:49,293 [INFO] ThirdPartyModel:298 - Start build external matchings
2024-11-05 22:01:51,792 [INFO] ThirdPartyModel:316 - End build external matchings
2024-11-05 22:01:52,077 [INFO] UtilMem:75 - End LoadConfig() Used Memory: 518534096 Bytes (1037041664)
2024-11-05 22:01:52,104 [WARN] ThirdParty:833 - waiting for thirdparty lock release [change project]
2024-11-05 22:01:52,104 [INFO] ThirdParty:835 - entering critical section [change project]
2024-11-05 22:01:52,104 [INFO] ThirdParty:1030 - CMSIS Pack Vendor :STMicroelectronics USBPD 4.1
2024-11-05 22:01:52,104 [INFO] ThirdParty:1030 - CMSIS Pack Vendor :STMicroelectronics X-CUBE-GNSS1 6.0.0
2024-11-05 22:01:52,104 [INFO] ThirdParty:1030 - CMSIS Pack Vendor :STMicroelectronics USB_HOST 2.0.0
2024-11-05 22:01:52,104 [INFO] ThirdParty:1030 - CMSIS Pack Vendor :STMicroelectronics FP-SNS-MOTENVWB1 1.4.0
2024-11-05 22:01:52,104 [INFO] ThirdParty:1030 - CMSIS Pack Vendor :STMicroelectronics X-CUBE-AZRTOS-F4 1.1.0
2024-11-05 22:01:52,104 [INFO] ThirdParty:1030 - CMSIS Pack Vendor :STMicroelectronics LIBJPEG 8.0.0
2024-11-05 22:01:52,104 [INFO] ThirdParty:1030 - CMSIS Pack Vendor :wolfSSL I-CUBE-wolfSSL 5.6.3
2024-11-05 22:01:52,104 [INFO] ThirdParty:1030 - CMSIS Pack Vendor :STMicroelectronics X-CUBE-SMBUS 2.1.0
2024-11-05 22:01:52,104 [INFO] ThirdParty:1030 - CMSIS Pack Vendor :STMicroelectronics X-CUBE-WB05N 1.1.0
2024-11-05 22:01:52,104 [INFO] ThirdParty:1030 - CMSIS Pack Vendor :STMicroelectronics X-CUBE-ISPU 2.1.0
2024-11-05 22:01:52,105 [INFO] ThirdParty:1030 - CMSIS Pack Vendor :STMicroelectronics X-CUBE-FREERTOS 1.2.0
2024-11-05 22:01:52,105 [INFO] ThirdParty:1030 - CMSIS Pack Vendor :STMicroelectronics X-CUBE-TOUCHGFX 4.23.0
2024-11-05 22:01:52,105 [INFO] ThirdParty:1030 - CMSIS Pack Vendor :STMicroelectronics X-CUBE-TOUCHGFX 4.23.2
2024-11-05 22:01:52,105 [INFO] ThirdParty:1030 - CMSIS Pack Vendor :STMicroelectronics X-CUBE-AZRTOS-F7 1.1.0
2024-11-05 22:01:52,105 [INFO] ThirdParty:1030 - CMSIS Pack Vendor :STMicroelectronics X-CUBE-AZRTOS-L5 2.0.0
2024-11-05 22:01:52,105 [INFO] ThirdParty:1030 - CMSIS Pack Vendor :STMicroelectronics USB_DEVICE 2.0.0
2024-11-05 22:01:52,105 [INFO] ThirdParty:1030 - CMSIS Pack Vendor :STMicroelectronics X-CUBE-MEMS1 9.6.0
2024-11-05 22:01:52,105 [INFO] ThirdParty:1030 - CMSIS Pack Vendor :STMicroelectronics X-CUBE-EEPRMA1 4.2.0
2024-11-05 22:01:52,105 [INFO] ThirdParty:1030 - CMSIS Pack Vendor :STMicroelectronics X-CUBE-NFC6 3.1.0
2024-11-05 22:01:52,105 [INFO] ThirdParty:1030 - CMSIS Pack Vendor :ITTIA_DB I-CUBE-ITTIADB 8.8.0
2024-11-05 22:01:52,105 [INFO] ThirdParty:1030 - CMSIS Pack Vendor :STMicroelectronics FP-SNS-MOTENV1 4.3.2
2024-11-05 22:01:52,105 [INFO] ThirdParty:1030 - CMSIS Pack Vendor :STMicroelectronics FP-SNS-FLIGHT1 5.0.1
2024-11-05 22:01:52,105 [INFO] ThirdParty:1030 - CMSIS Pack Vendor :STMicroelectronics X-CUBE-MEMS1 11.0.0
2024-11-05 22:01:52,105 [INFO] ThirdParty:1030 - CMSIS Pack Vendor :STMicroelectronics X-CUBE-BLE1 6.2.4
2024-11-05 22:01:52,105 [INFO] ThirdParty:1030 - CMSIS Pack Vendor :STMicroelectronics FreeRTOS 0.0.1
2024-11-05 22:01:52,105 [INFO] ThirdParty:1030 - CMSIS Pack Vendor :STMicroelectronics X-CUBE-BLEMGR 2.0.0
2024-11-05 22:01:52,105 [INFO] ThirdParty:1030 - CMSIS Pack Vendor :STMicroelectronics X-CUBE-DPower 1.2.0
2024-11-05 22:01:52,105 [INFO] ThirdParty:1030 - CMSIS Pack Vendor :STMicroelectronics FP-SNS-FLIGHT1 5.0.2
2024-11-05 22:01:52,105 [INFO] ThirdParty:1030 - CMSIS Pack Vendor :STMicroelectronics X-CUBE-AI 9.0.0
2024-11-05 22:01:52,105 [INFO] ThirdParty:1030 - CMSIS Pack Vendor :STMicroelectronics X-CUBE-AZRTOS-H7 3.1.0
2024-11-05 22:01:52,105 [INFO] ThirdParty:1030 - CMSIS Pack Vendor :STMicroelectronics PDM2PCM 3.3.0
2024-11-05 22:01:52,105 [INFO] ThirdParty:1030 - CMSIS Pack Vendor :STMicroelectronics X-CUBE-DISPLAY 3.0.0
2024-11-05 22:01:52,105 [INFO] ThirdParty:1030 - CMSIS Pack Vendor :STMicroelectronics X-CUBE-BLE1 7.0.0
2024-11-05 22:01:52,105 [INFO] ThirdParty:1030 - CMSIS Pack Vendor :STMicroelectronics X-CUBE-NFC10 1.0.0
2024-11-05 22:01:52,105 [INFO] ThirdParty:1030 - CMSIS Pack Vendor :STMicroelectronics HAL Drivers 0.0.0
2024-11-05 22:01:52,105 [INFO] ThirdParty:1030 - CMSIS Pack Vendor :emotas I-CUBE-CANOPEN 1.3.0
2024-11-05 22:01:52,105 [INFO] ThirdParty:1030 - CMSIS Pack Vendor :STMicroelectronics X-CUBE-TOUCHGFX 4.22.0
2024-11-05 22:01:52,105 [INFO] ThirdParty:1030 - CMSIS Pack Vendor :STMicroelectronics X-CUBE-NFC7 1.0.1
2024-11-05 22:01:52,105 [INFO] ThirdParty:1030 - CMSIS Pack Vendor :STMicroelectronics MBEDTLS 2.14.1
2024-11-05 22:01:52,106 [INFO] ThirdParty:1030 - CMSIS Pack Vendor :STMicroelectronics X-CUBE-TOUCHGFX 4.22.1
2024-11-05 22:01:52,106 [INFO] ThirdParty:1030 - CMSIS Pack Vendor :STMicroelectronics X-CUBE-NFC6 3.0.0
2024-11-05 22:01:52,106 [INFO] ThirdParty:1030 - CMSIS Pack Vendor :STMicroelectronics X-CUBE-EEPRMA1 4.1.0
2024-11-05 22:01:52,106 [INFO] ThirdParty:1030 - CMSIS Pack Vendor :STMicroelectronics X-CUBE-BLEMGR 3.1.0
2024-11-05 22:01:52,106 [INFO] ThirdParty:1030 - CMSIS Pack Vendor :STMicroelectronics FP-SNS-SMARTAG2 1.2.0
2024-11-05 22:01:52,106 [INFO] ThirdParty:1030 - CMSIS Pack Vendor :STMicroelectronics X-CUBE-AZRTOS-WL 2.0.0
2024-11-05 22:01:52,106 [INFO] ThirdParty:1030 - CMSIS Pack Vendor :STMicroelectronics FP-SNS-MOTENV1 5.0.0
2024-11-05 22:01:52,106 [INFO] ThirdParty:1030 - CMSIS Pack Vendor :STMicroelectronics USB_DEVICE 1.0.0
2024-11-05 22:01:52,106 [INFO] ThirdParty:1030 - CMSIS Pack Vendor :STMicroelectronics X-CUBE-AI 8.1.0
2024-11-05 22:01:52,106 [INFO] ThirdParty:1030 - CMSIS Pack Vendor :wolfSSL I-CUBE-wolfMQTT 1.19.0
2024-11-05 22:01:52,106 [INFO] ThirdParty:1030 - CMSIS Pack Vendor :STMicroelectronics X-CUBE-AZRTOS-L4 2.0.0
2024-11-05 22:01:52,106 [INFO] ThirdParty:1030 - CMSIS Pack Vendor :STMicroelectronics ThreadX 0.0.2
2024-11-05 22:01:52,106 [INFO] ThirdParty:1030 - CMSIS Pack Vendor :WES I-CUBE-Cesium 1.3.0
2024-11-05 22:01:52,106 [INFO] ThirdParty:1030 - CMSIS Pack Vendor :STMicroelectronics lwIP 2.1.2
2024-11-05 22:01:52,106 [INFO] ThirdParty:1030 - CMSIS Pack Vendor :STMicroelectronics X-CUBE-SFXS2LP1 4.0.0
2024-11-05 22:01:52,106 [INFO] ThirdParty:1030 - CMSIS Pack Vendor :STMicroelectronics X-CUBE-BLE2 3.3.0
2024-11-05 22:01:52,106 [INFO] ThirdParty:1030 - CMSIS Pack Vendor :STMicroelectronics PDM2PCM 3.2.0
2024-11-05 22:01:52,106 [INFO] ThirdParty:1030 - CMSIS Pack Vendor :STMicroelectronics X-CUBE-ISPU 1.1.0
2024-11-05 22:01:52,106 [INFO] ThirdParty:1030 - CMSIS Pack Vendor :STMicroelectronics X-CUBE-AZRTOS-H7 3.3.0
2024-11-05 22:01:52,106 [INFO] ThirdParty:1030 - CMSIS Pack Vendor :STMicroelectronics X-CUBE-NFC9 1.0.0
2024-11-05 22:01:52,106 [INFO] ThirdParty:1030 - CMSIS Pack Vendor :STMicroelectronics USB_DEVICE 3.0.0
2024-11-05 22:01:52,106 [INFO] ThirdParty:1030 - CMSIS Pack Vendor :STMicroelectronics X-CUBE-TCPP 4.1.0
2024-11-05 22:01:52,106 [INFO] ThirdParty:1030 - CMSIS Pack Vendor :STMicroelectronics X-CUBE-IPS 3.0.0
2024-11-05 22:01:52,106 [INFO] ThirdParty:1030 - CMSIS Pack Vendor :STMicroelectronics X-CUBE-AZRTOS-WB 2.0.0
2024-11-05 22:01:52,107 [INFO] ThirdParty:1030 - CMSIS Pack Vendor :STMicroelectronics X-CUBE-FREERTOS 1.0.1
2024-11-05 22:01:52,107 [INFO] ThirdParty:1030 - CMSIS Pack Vendor :STMicroelectronics X-CUBE-GNSS1 7.0.0
2024-11-05 22:01:52,107 [INFO] ThirdParty:1030 - CMSIS Pack Vendor :STMicroelectronics FP-SNS-STBOX1 2.0.0
2024-11-05 22:01:52,107 [INFO] ThirdParty:1030 - CMSIS Pack Vendor :STMicroelectronics X-CUBE-ALGOBUILD 1.3.0
2024-11-05 22:01:52,107 [INFO] ThirdParty:1030 - CMSIS Pack Vendor :STMicroelectronics X-CUBE-AZRTOS-L5 1.1.0
2024-11-05 22:01:52,107 [INFO] ThirdParty:1030 - CMSIS Pack Vendor :STMicroelectronics X-CUBE-AZRTOS-G0 1.1.0
2024-11-05 22:01:52,107 [INFO] ThirdParty:1030 - CMSIS Pack Vendor :STMicroelectronics X-CUBE-AI 8.0.1
2024-11-05 22:01:52,107 [INFO] ThirdParty:1030 - CMSIS Pack Vendor :STMicroelectronics X-CUBE-SAFEA1 1.2.2
2024-11-05 22:01:52,107 [INFO] ThirdParty:1030 - CMSIS Pack Vendor :STMicroelectronics X-CUBE-NFC4 3.0.0
2024-11-05 22:01:52,107 [INFO] ThirdParty:1030 - CMSIS Pack Vendor :STMicroelectronics X-CUBE-SUBG2 5.0.0
2024-11-05 22:01:52,107 [INFO] ThirdParty:1030 - CMSIS Pack Vendor :STMicroelectronics STM32_WPAN 1.0.0
2024-11-05 22:01:52,107 [INFO] ThirdParty:1030 - CMSIS Pack Vendor :wolfSSL I-CUBE-wolfMQTT 1.18.0
2024-11-05 22:01:52,107 [INFO] ThirdParty:1030 - CMSIS Pack Vendor :EmbeddedOffice I-CUBE-FS-RTOS 1.0.1
2024-11-05 22:01:52,107 [INFO] ThirdParty:1030 - CMSIS Pack Vendor :STMicroelectronics lwIP 2.0.3
2024-11-05 22:01:52,107 [INFO] ThirdParty:1030 - CMSIS Pack Vendor :Cesanta I-CUBE-Mongoose 7.13.0
2024-11-05 22:01:52,107 [INFO] ThirdParty:1030 - CMSIS Pack Vendor :STMicroelectronics USB_HOST 1.0.0
2024-11-05 22:01:52,107 [INFO] ThirdParty:1030 - CMSIS Pack Vendor :STMicroelectronics X-CUBE-TOF1 3.3.1
2024-11-05 22:01:52,107 [INFO] ThirdParty:1030 - CMSIS Pack Vendor :STMicroelectronics X-CUBE-AZRTOS-G4 2.0.0
2024-11-05 22:01:52,108 [INFO] ThirdParty:1030 - CMSIS Pack Vendor :STMicroelectronics PDM2PCM 3.1.0
2024-11-05 22:01:52,108 [INFO] ThirdParty:1030 - CMSIS Pack Vendor :Infineon AIROC-Wi-Fi-Bluetooth-STM32 1.5.1
2024-11-05 22:01:52,108 [INFO] ThirdParty:1030 - CMSIS Pack Vendor :STMicroelectronics X-CUBE-BLEMGR 3.0.0
2024-11-05 22:01:52,108 [INFO] ThirdParty:1030 - CMSIS Pack Vendor :STMicroelectronics FP-SNS-MOTENVWB1 1.3.0
2024-11-05 22:01:52,108 [INFO] ThirdParty:1030 - CMSIS Pack Vendor :RealThread X-CUBE-RT-Thread_Nano 4.1.1
2024-11-05 22:01:52,108 [INFO] ThirdParty:1030 - CMSIS Pack Vendor :STMicroelectronics FP-SNS-MOTENVWB1 1.3.1
2024-11-05 22:01:52,108 [INFO] ThirdParty:1030 - CMSIS Pack Vendor :STMicroelectronics FP-ATR-SIGFOX1 3.2.0
2024-11-05 22:01:52,108 [INFO] ThirdParty:1030 - CMSIS Pack Vendor :STMicroelectronics X-CUBE-ISPU 2.0.0
2024-11-05 22:01:52,108 [INFO] ThirdParty:1030 - CMSIS Pack Vendor :STMicroelectronics X-CUBE-EEPRMA1 5.1.0
2024-11-05 22:01:52,108 [INFO] ThirdParty:1030 - CMSIS Pack Vendor :STMicroelectronics MBEDTLS 2.16.2
2024-11-05 22:01:52,108 [INFO] ThirdParty:1030 - CMSIS Pack Vendor :STMicroelectronics X-CUBE-ALS 1.0.2
2024-11-05 22:01:52,108 [INFO] ThirdParty:1030 - CMSIS Pack Vendor :STMicroelectronics X-CUBE-MEMS1 10.0.0
2024-11-05 22:01:52,108 [INFO] ThirdParty:1030 - CMSIS Pack Vendor :STMicroelectronics X-CUBE-FREERTOS 1.1.0
2024-11-05 22:01:52,108 [INFO] ThirdParty:1030 - CMSIS Pack Vendor :STMicroelectronics X-CUBE-TOUCHGFX 4.24.1
2024-11-05 22:01:52,108 [INFO] ThirdParty:1030 - CMSIS Pack Vendor :wolfSSL I-CUBE-wolfTPM 3.4.0
2024-11-05 22:01:52,108 [INFO] ThirdParty:1030 - CMSIS Pack Vendor :portGmbH I-Cube-SoM-uGOAL 1.1.0
2024-11-05 22:01:52,109 [INFO] ThirdParty:1030 - CMSIS Pack Vendor :STMicroelectronics X-CUBE-ALS 1.0.1
2024-11-05 22:01:52,109 [INFO] ThirdParty:1030 - CMSIS Pack Vendor :STMicroelectronics ThreadX 1.0.0
2024-11-05 22:01:52,109 [INFO] ThirdParty:1030 - CMSIS Pack Vendor :STMicroelectronics X-CUBE-AZRTOS-WB 1.1.0
2024-11-05 22:01:52,109 [INFO] ThirdParty:1030 - CMSIS Pack Vendor :SEGGER I-CUBE-embOS 1.3.1
2024-11-05 22:01:52,109 [INFO] ThirdParty:1030 - CMSIS Pack Vendor :STMicroelectronics X-CUBE-ALGOBUILD 1.4.0
2024-11-05 22:01:52,109 [INFO] ThirdParty:1030 - CMSIS Pack Vendor :STMicroelectronics X-CUBE-AZRTOS-H7RS 1.0.0
2024-11-05 22:01:52,109 [INFO] ThirdParty:1030 - CMSIS Pack Vendor :STMicroelectronics FP-ATR-ASTRA1 2.0.0
2024-11-05 22:01:52,109 [INFO] ThirdParty:1030 - CMSIS Pack Vendor :STMicroelectronics X-CUBE-TOF1 3.4.2
2024-11-05 22:01:52,109 [INFO] ThirdParty:1030 - CMSIS Pack Vendor :STMicroelectronics X-CUBE-AI 9.1.0
2024-11-05 22:01:52,109 [INFO] ThirdParty:1030 - CMSIS Pack Vendor :STMicroelectronics X-CUBE-TOF1 3.4.0
2024-11-05 22:01:52,109 [INFO] ThirdParty:1030 - CMSIS Pack Vendor :STMicroelectronics X-CUBE-TOF1 3.4.1
2024-11-05 22:01:52,109 [INFO] ThirdParty:1030 - CMSIS Pack Vendor :STMicroelectronics X-CUBE-AZRTOS-H7 3.2.0
2024-11-05 22:01:52,109 [INFO] ThirdParty:1030 - CMSIS Pack Vendor :wolfSSL I-CUBE-wolfSSH 1.4.17
2024-11-05 22:01:52,109 [INFO] ThirdParty:841 - exiting critical section [change project]
2024-11-05 22:01:52,252 [INFO] PinOutPanel:1561 - setPackage(No Configuration,No Configuration)
2024-11-05 22:01:52,253 [INFO] PinOutPanel:1561 - setPackage(STM32F407VGTx,LQFP100)
2024-11-05 22:01:52,683 [INFO] UtilMem:75 - Before build in PCC Used Memory: 418821184 Bytes (1037041664)
2024-11-05 22:01:52,948 [INFO] UtilMem:75 - After build in PCC Used Memory: 462335040 Bytes (1037041664)
2024-11-05 22:01:53,000 [INFO] IPUIPlugin:80 - create IPUIPlugin
2024-11-05 22:01:53,000 [INFO] IPUIPlugin:80 - create IPUIPlugin
2024-11-05 22:01:53,000 [INFO] IPUIPlugin:80 - create IPUIPlugin
2024-11-05 22:01:53,001 [INFO] IPUIPlugin:80 - create IPUIPlugin
2024-11-05 22:01:53,001 [INFO] IPUIPlugin:80 - create IPUIPlugin
2024-11-05 22:01:53,001 [INFO] IPUIPlugin:80 - create IPUIPlugin
2024-11-05 22:01:53,001 [INFO] IPUIPlugin:80 - create IPUIPlugin
2024-11-05 22:01:53,001 [INFO] IPUIPlugin:80 - create IPUIPlugin
2024-11-05 22:01:53,001 [INFO] IPUIPlugin:80 - create IPUIPlugin
2024-11-05 22:01:53,001 [INFO] IPUIPlugin:80 - create IPUIPlugin
2024-11-05 22:01:53,001 [INFO] IPUIPlugin:80 - create IPUIPlugin
2024-11-05 22:01:53,001 [INFO] IPUIPlugin:80 - create IPUIPlugin
2024-11-05 22:01:53,001 [INFO] IPUIPlugin:80 - create IPUIPlugin
2024-11-05 22:01:53,002 [INFO] IPUIPlugin:80 - create IPUIPlugin
2024-11-05 22:01:53,002 [INFO] IPUIPlugin:80 - create IPUIPlugin
2024-11-05 22:01:53,002 [INFO] IPUIPlugin:80 - create IPUIPlugin
2024-11-05 22:01:53,002 [INFO] IPUIPlugin:80 - create IPUIPlugin
2024-11-05 22:01:53,002 [INFO] IPUIPlugin:80 - create IPUIPlugin
2024-11-05 22:01:53,002 [INFO] IPUIPlugin:80 - create IPUIPlugin
2024-11-05 22:01:53,002 [INFO] IPUIPlugin:80 - create IPUIPlugin
2024-11-05 22:01:53,002 [INFO] IPUIPlugin:80 - create IPUIPlugin
2024-11-05 22:01:53,002 [INFO] IPUIPlugin:80 - create IPUIPlugin
2024-11-05 22:01:53,003 [INFO] IPUIPlugin:80 - create IPUIPlugin
2024-11-05 22:01:53,003 [INFO] IPUIPlugin:80 - create IPUIPlugin
2024-11-05 22:01:53,003 [INFO] IPUIPlugin:80 - create IPUIPlugin
2024-11-05 22:01:53,003 [INFO] IPUIPlugin:80 - create IPUIPlugin
2024-11-05 22:01:53,003 [INFO] IPUIPlugin:80 - create IPUIPlugin
2024-11-05 22:01:53,004 [INFO] IPUIPlugin:80 - create IPUIPlugin
2024-11-05 22:01:53,004 [INFO] IPUIPlugin:80 - create IPUIPlugin
2024-11-05 22:01:53,004 [INFO] IPUIPlugin:80 - create IPUIPlugin
2024-11-05 22:01:53,004 [INFO] IPUIPlugin:80 - create IPUIPlugin
2024-11-05 22:01:53,005 [INFO] IPUIPlugin:80 - create IPUIPlugin
2024-11-05 22:01:53,005 [INFO] IPUIPlugin:80 - create IPUIPlugin
2024-11-05 22:01:53,005 [INFO] IPUIPlugin:80 - create IPUIPlugin
2024-11-05 22:01:53,005 [INFO] IPUIPlugin:80 - create IPUIPlugin
2024-11-05 22:01:53,006 [INFO] IPUIPlugin:80 - create IPUIPlugin
2024-11-05 22:01:53,006 [INFO] IPUIPlugin:80 - create IPUIPlugin
2024-11-05 22:01:53,006 [INFO] IPUIPlugin:80 - create IPUIPlugin
2024-11-05 22:01:53,006 [INFO] IPUIPlugin:80 - create IPUIPlugin
2024-11-05 22:01:53,007 [INFO] IPUIPlugin:80 - create IPUIPlugin
2024-11-05 22:01:53,007 [INFO] IPUIPlugin:80 - create IPUIPlugin
2024-11-05 22:01:53,007 [INFO] IPUIPlugin:80 - create IPUIPlugin
2024-11-05 22:01:53,007 [INFO] IPUIPlugin:80 - create IPUIPlugin
2024-11-05 22:01:53,008 [INFO] IPUIPlugin:80 - create IPUIPlugin
2024-11-05 22:01:53,008 [INFO] IPUIPlugin:80 - create IPUIPlugin
2024-11-05 22:01:53,008 [INFO] IPUIPlugin:80 - create IPUIPlugin
2024-11-05 22:01:53,008 [INFO] IPUIPlugin:80 - create IPUIPlugin
2024-11-05 22:01:53,009 [INFO] IPUIPlugin:80 - create IPUIPlugin
2024-11-05 22:01:53,009 [INFO] IPUIPlugin:80 - create IPUIPlugin
2024-11-05 22:01:53,009 [INFO] IPUIPlugin:80 - create IPUIPlugin
2024-11-05 22:01:53,010 [INFO] IPUIPlugin:80 - create IPUIPlugin
2024-11-05 22:01:53,010 [INFO] IPUIPlugin:80 - create IPUIPlugin
2024-11-05 22:01:53,010 [INFO] IPUIPlugin:80 - create IPUIPlugin
2024-11-05 22:01:53,011 [INFO] IPUIPlugin:80 - create IPUIPlugin
2024-11-05 22:01:53,011 [INFO] IPUIPlugin:80 - create IPUIPlugin
2024-11-05 22:01:53,012 [INFO] IPUIPlugin:80 - create IPUIPlugin
2024-11-05 22:01:53,012 [INFO] IPUIPlugin:80 - create IPUIPlugin
2024-11-05 22:01:53,012 [INFO] IPUIPlugin:80 - create IPUIPlugin
2024-11-05 22:01:53,014 [INFO] ApiDbMcu:508 - Load IP Config File for PDM2PCM
2024-11-05 22:01:53,068 [INFO] CADModel:165 - CPN selected for project levelSTM32F407VGT6
2024-11-05 22:01:53,068 [INFO] CADModel:114 - Register for checkConnection events
2024-11-05 22:01:53,108 [INFO] OpenFileManager:363 - Restore cursor
2024-11-05 22:03:57,495 [INFO] UtilMem:75 - End SaveConfig() Used Memory: 504187536 Bytes (1037041664)
2024-11-05 22:03:58,301 [INFO] UtilMem:75 - End SaveConfig() Used Memory: 528304784 Bytes (1037041664)
2024-11-05 22:03:59,171 [INFO] UtilMem:75 - End SaveConfig() Used Memory: 572344976 Bytes (1037041664)
2024-11-05 22:03:59,465 [INFO] BlockDiagram:2766 - set Specific Code input for plugin: SYS
2024-11-05 22:03:59,465 [INFO] BlockDiagram:2766 - set Specific Code input for plugin: RCC
2024-11-05 22:03:59,465 [INFO] BlockDiagram:2766 - set Specific Code input for plugin: NVIC
2024-11-05 22:03:59,466 [INFO] BlockDiagram:2766 - set Specific Code input for plugin: GPIO
2024-11-05 22:03:59,467 [INFO] CodeGenerator:807 - code generatio: config db path: C:\ST\STM32CubeIDE_1.9.0\STM32CubeIDE\plugins\com.st.stm32cube.common.mx_6.12.1.202409122256\\db\
2024-11-05 22:03:59,585 [INFO] CodeEngine:255 - oldGeneratedFile, C:\learning\MasterRTOS\RTOS_workspace\002LED_Tasks\MXTmpFiles\license.tmp_save
2024-11-05 22:03:59,669 [INFO] CodeEngine:279 - Generated code: C:\learning\MasterRTOS\RTOS_workspace\002LED_Tasks\MXTmpFiles\license.tmp
2024-11-05 22:03:59,728 [INFO] CodeEngine:255 - oldGeneratedFile, C:\learning\MasterRTOS\RTOS_workspace\002LED_Tasks\MXTmpFiles\gpio.tmp_save
2024-11-05 22:03:59,839 [INFO] CodeEngine:279 - Generated code: C:\learning\MasterRTOS\RTOS_workspace\002LED_Tasks\MXTmpFiles\gpio.tmp
2024-11-05 22:03:59,886 [INFO] CodeEngine:255 - oldGeneratedFile, C:\learning\MasterRTOS\RTOS_workspace\002LED_Tasks\Core\Src\stm32f4xx_it.c_save
2024-11-05 22:04:00,006 [INFO] CodeEngine:279 - Generated code: C:\learning\MasterRTOS\RTOS_workspace\002LED_Tasks\Core\Src\stm32f4xx_it.c
2024-11-05 22:04:00,022 [INFO] CodeEngine:255 - oldGeneratedFile, C:\learning\MasterRTOS\RTOS_workspace\002LED_Tasks\Core\Inc\stm32f4xx_it.h_save
2024-11-05 22:04:00,130 [INFO] CodeEngine:279 - Generated code: C:\learning\MasterRTOS\RTOS_workspace\002LED_Tasks\Core\Inc\stm32f4xx_it.h
2024-11-05 22:04:00,158 [INFO] CodeEngine:255 - oldGeneratedFile, C:\learning\MasterRTOS\RTOS_workspace\002LED_Tasks\Core\Src\stm32f4xx_hal_msp.c_save
2024-11-05 22:04:00,286 [INFO] CodeEngine:279 - Generated code: C:\learning\MasterRTOS\RTOS_workspace\002LED_Tasks\Core\Src\stm32f4xx_hal_msp.c
2024-11-05 22:04:00,296 [INFO] CodeEngine:255 - oldGeneratedFile, C:\learning\MasterRTOS\RTOS_workspace\002LED_Tasks\MXTmpFiles\system.tmp_save
2024-11-05 22:04:00,385 [INFO] CodeEngine:279 - Generated code: C:\learning\MasterRTOS\RTOS_workspace\002LED_Tasks\MXTmpFiles\system.tmp
2024-11-05 22:04:00,396 [INFO] CodeEngine:255 - oldGeneratedFile, C:\learning\MasterRTOS\RTOS_workspace\002LED_Tasks\Core\Src\stm32f4xx_hal_timebase_tim.c_save
2024-11-05 22:04:00,491 [INFO] CodeEngine:279 - Generated code: C:\learning\MasterRTOS\RTOS_workspace\002LED_Tasks\Core\Src\stm32f4xx_hal_timebase_tim.c
2024-11-05 22:04:00,520 [INFO] CodeEngine:311 - oldGeneratedFile, C:\learning\MasterRTOS\RTOS_workspace\002LED_Tasks\Core\Inc\stm32f4xx_hal_conf.h_save
2024-11-05 22:04:00,636 [INFO] CodeEngine:335 - Generated code: C:\learning\MasterRTOS\RTOS_workspace\002LED_Tasks\Core\Inc\stm32f4xx_hal_conf.h
2024-11-05 22:04:00,682 [INFO] CodeEngine:255 - oldGeneratedFile, C:\learning\MasterRTOS\RTOS_workspace\002LED_Tasks\Core\Inc\main.h_save
2024-11-05 22:04:00,782 [INFO] CodeEngine:279 - Generated code: C:\learning\MasterRTOS\RTOS_workspace\002LED_Tasks\Core\Inc\main.h
2024-11-05 22:04:00,795 [INFO] CodeEngine:255 - oldGeneratedFile, C:\learning\MasterRTOS\RTOS_workspace\002LED_Tasks\Core\Src\main.c_save
2024-11-05 22:04:00,962 [INFO] CodeEngine:279 - Generated code: C:\learning\MasterRTOS\RTOS_workspace\002LED_Tasks\Core\Src\main.c
2024-11-05 22:04:01,583 [INFO] ProjectBuilder:3249 - Time for Copy HAL[1] : 368mS.
2024-11-05 22:04:01,589 [INFO] ProjectBuilder:4828 - Project Generator version: 4.5.0-B34
2024-11-05 22:04:01,731 [INFO] ConfigFileManager:1531 - The Die is : DIE413
2024-11-05 22:04:01,734 [INFO] ApiDbMcu:508 - Load IP Config File for FATFS
2024-11-05 22:04:01,738 [INFO] ApiDbMcu:508 - Load IP Config File for FREERTOS
2024-11-05 22:04:01,740 [INFO] ApiDbMcu:508 - Load IP Config File for LIBJPEG
2024-11-05 22:04:01,745 [INFO] ApiDbMcu:508 - Load IP Config File for LWIP
2024-11-05 22:04:01,754 [INFO] ApiDbMcu:508 - Load IP Config File for MBEDTLS
2024-11-05 22:04:01,762 [INFO] ApiDbMcu:508 - Load IP Config File for USB_DEVICE
2024-11-05 22:04:01,764 [INFO] ApiDbMcu:508 - Load IP Config File for USB_HOST
2024-11-05 22:04:03,127 [INFO] ProjectBuilder:5097 - Time for Generating toolchain IDE Files: 1538mS.
2024-11-05 22:04:03,128 [INFO] ProjectBuilder:3107 - Time for Copy CMSIS : 0mS.
2024-11-05 22:04:03,132 [INFO] ProjectBuilder:3107 - Time for Copy CMSIS : 0mS.
2024-11-05 22:11:46,196 [INFO] MainUpdater:2873 - connection check result : 10
2024-11-05 22:11:46,196 [INFO] MainUpdater:2873 - connection check result : 10
2024-11-05 22:11:46,213 [INFO] MicroXplorer:468 - Change Database Path : 
2024-11-05 22:11:46,213 [INFO] MicroXplorer:498 - Change Database Version : DB.6.0.121
2024-11-05 22:11:46,220 [ERROR] ProjectManagerView:394 - 
java.lang.NullPointerException: Cannot invoke "javax.swing.JTextField.getText()" because the return value of "java.util.List.get(int)" is null
	at com.st.microxplorer.plugins.projectmanager.gui.ProjectChoiceTab$10.caretUpdate(ProjectChoiceTab.java:2622) ~[filemanager.jar:?]
	at javax.swing.text.JTextComponent.fireCaretUpdate(JTextComponent.java:412) ~[?:?]
	at javax.swing.text.JTextComponent$MutableCaretEvent.fire(JTextComponent.java:4491) ~[?:?]
	at javax.swing.text.JTextComponent$MutableCaretEvent.stateChanged(JTextComponent.java:4513) ~[?:?]
	at javax.swing.text.DefaultCaret.fireStateChanged(DefaultCaret.java:842) ~[?:?]
	at javax.swing.text.DefaultCaret.changeCaretPosition(DefaultCaret.java:1313) ~[?:?]
	at javax.swing.text.DefaultCaret.handleSetDot(DefaultCaret.java:1212) ~[?:?]
	at javax.swing.text.DefaultCaret.setDot(DefaultCaret.java:1193) ~[?:?]
	at javax.swing.text.DefaultCaret$Handler.insertUpdate(DefaultCaret.java:1789) ~[?:?]
	at javax.swing.text.AbstractDocument.fireInsertUpdate(AbstractDocument.java:226) ~[?:?]
	at javax.swing.text.AbstractDocument.handleInsertString(AbstractDocument.java:780) ~[?:?]
	at javax.swing.text.AbstractDocument.insertString(AbstractDocument.java:739) ~[?:?]
	at javax.swing.text.PlainDocument.insertString(PlainDocument.java:131) ~[?:?]
	at javax.swing.text.AbstractDocument.replace(AbstractDocument.java:698) ~[?:?]
	at javax.swing.text.JTextComponent.setText(JTextComponent.java:1729) ~[?:?]
	at com.st.microxplorer.plugins.projectmanager.gui.ProjectChoiceTab.createHeapStackFields(ProjectChoiceTab.java:972) ~[filemanager.jar:?]
	at com.st.microxplorer.plugins.projectmanager.gui.ProjectChoiceTab.buildLinkSettingsPanel(ProjectChoiceTab.java:3597) ~[filemanager.jar:?]
	at com.st.microxplorer.plugins.projectmanager.gui.ProjectChoiceTab.defineWindowsFields(ProjectChoiceTab.java:1940) ~[filemanager.jar:?]
	at com.st.microxplorer.plugins.projectmanager.gui.ProjectChoiceTab.updateSettings(ProjectChoiceTab.java:550) ~[filemanager.jar:?]
	at com.st.microxplorer.plugins.projectmanager.gui.ProjectSettingsPanel.UpdateDialog(ProjectSettingsPanel.java:245) ~[filemanager.jar:?]
	at com.st.microxplorer.plugins.projectmanager.ProjectManagerView.propertyChange(ProjectManagerView.java:391) ~[filemanager.jar:?]
	at java.beans.PropertyChangeSupport.fire(PropertyChangeSupport.java:343) ~[?:?]
	at java.beans.PropertyChangeSupport.firePropertyChange(PropertyChangeSupport.java:335) ~[?:?]
	at java.beans.PropertyChangeSupport.firePropertyChange(PropertyChangeSupport.java:268) ~[?:?]
	at com.st.microxplorer.util.MXPropertyChangeSupport.firePropertyChange(MXPropertyChangeSupport.java:54) ~[STM32CubeMX.jar:?]
	at com.st.microxplorer.mxsystem.MxSystem.closeConfig(MxSystem.java:900) ~[STM32CubeMX.jar:?]
	at com.st.microxplorer.maingui.MainPanel.closeConfig(MainPanel.java:781) ~[STM32CubeMX.jar:?]
	at com.st.microxplorer.plugins.filemanager.engine.OpenFileManager.loadConfigurationFile(OpenFileManager.java:265) ~[filemanager.jar:?]
	at com.st.microxplorer.plugins.filemanager.engine.MainFileManager.userLoadConfig(MainFileManager.java:352) ~[filemanager.jar:?]
	at com.st.microxplorer.plugins.filemanager.engine.MainFileManager.userLoadConfig(MainFileManager.java:330) ~[filemanager.jar:?]
	at com.st.microxplorer.plugins.filemanager.FileManagerView.getSpecificTask(FileManagerView.java:246) ~[filemanager.jar:?]
	at com.st.stm32cube.common.mx.editor.CubeMxEditor.getMxTabbedPaneInstance(CubeMxEditor.java:1198) ~[com.st.stm32cube.common.mx_6.12.1.202409122256/:?]
	at com.st.stm32cube.common.mx.editor.CubeMxEditor$12$1.createSwingComponent(CubeMxEditor.java:1068) ~[com.st.stm32cube.common.mx_6.12.1.202409122256/:?]
	at com.st.stm32cube.common.mx.oss.core.awtswtbridge.EmbeddedSwingComposite.doComponentCreation(EmbeddedSwingComposite.java:492) ~[com.st.stm32cube.common.mx.oss_6.12.1.202409122256/:?]
	at com.st.stm32cube.common.mx.oss.core.awtswtbridge.EmbeddedSwingComposite$4.run(EmbeddedSwingComposite.java:291) ~[com.st.stm32cube.common.mx.oss_6.12.1.202409122256/:?]
	at com.st.stm32cube.common.mx.oss.core.awtswtbridge.AwtEnvironment$2.run(AwtEnvironment.java:166) ~[com.st.stm32cube.common.mx.oss_6.12.1.202409122256/:?]
	at java.awt.event.InvocationEvent.dispatch(InvocationEvent.java:318) ~[?:?]
	at java.awt.EventQueue.dispatchEventImpl(EventQueue.java:773) ~[?:?]
	at java.awt.EventQueue$4.run(EventQueue.java:720) ~[?:?]
	at java.awt.EventQueue$4.run(EventQueue.java:714) ~[?:?]
	at java.security.AccessController.doPrivileged(AccessController.java:399) ~[?:?]
	at java.security.ProtectionDomain$JavaSecurityAccessImpl.doIntersectionPrivilege(ProtectionDomain.java:86) ~[?:?]
	at java.awt.EventQueue.dispatchEvent(EventQueue.java:742) ~[?:?]
	at java.awt.EventDispatchThread.pumpOneEventForFilters(EventDispatchThread.java:203) ~[?:?]
	at java.awt.EventDispatchThread.pumpEventsForFilter(EventDispatchThread.java:124) ~[?:?]
	at java.awt.EventDispatchThread.pumpEventsForHierarchy(EventDispatchThread.java:113) ~[?:?]
	at java.awt.EventDispatchThread.pumpEvents(EventDispatchThread.java:109) ~[?:?]
	at java.awt.EventDispatchThread.pumpEvents(EventDispatchThread.java:101) ~[?:?]
	at java.awt.EventDispatchThread.run(EventDispatchThread.java:90) ~[?:?]
2024-11-05 22:11:46,221 [WARN] ThirdParty:871 - waiting for thirdparty lock release [close project]
2024-11-05 22:11:46,221 [INFO] ThirdParty:873 - entering critical section [close project]
2024-11-05 22:11:46,221 [INFO] ThirdParty:883 - exiting critical section [close project]
2024-11-05 22:11:46,223 [INFO] PinOutPanel:1561 - setPackage(No Configuration,No Configuration)
2024-11-05 22:11:46,230 [WARN] IpParametersView:151 - Warning: This peripheral hasn't parameters
2024-11-05 22:11:46,232 [WARN] MainPanel:284 - <html><b><center>Warning: This peripheral has no parameters to be configured<br></b></html>
2024-11-05 22:11:46,235 [INFO] UtilMem:75 - Begin LoadConfig() Used Memory: 478808208 Bytes (1073741824)
2024-11-05 22:11:46,236 [INFO] MicroXplorer:468 - Change Database Path : 
2024-11-05 22:11:46,236 [INFO] MicroXplorer:498 - Change Database Version : DB.6.0.121
2024-11-05 22:11:46,236 [INFO] OpenFileManager:332 - Change cursor
2024-11-05 22:11:46,248 [INFO] RulesReader:64 - Compatibility file has been processed (297 Rules)
2024-11-05 22:11:46,252 [INFO] Mcu:2032 - Initializing MCU STM32F407V(E-G)Tx STM32F407VGTx STM32F407VGT6
2024-11-05 22:11:47,896 [INFO] Context:742 - Trying to add GPIOservice into a context  which must be forbidden
2024-11-05 22:11:48,425 [INFO] RtosManager:555 - Registered RTOS mode: class=CMSIS, group=RTOS, mode=CMSIS_V1, owner=FREERTOS
2024-11-05 22:11:48,426 [INFO] RtosManager:555 - Registered RTOS mode: class=CMSIS, group=RTOS2, mode=CMSIS_V2, owner=FREERTOS
2024-11-05 22:11:48,426 [INFO] RtosManager:555 - Registered RTOS mode: class=RTOS, group=Core, mode=CMSIS_V1, owner=FREERTOS
2024-11-05 22:11:48,426 [INFO] RtosManager:555 - Registered RTOS mode: class=RTOS, group=Core, mode=CMSIS_V2, owner=FREERTOS
2024-11-05 22:11:48,426 [WARN] ModelIntegratedComponent:184 - Missing modes for component STMicroelectronics:FreeRTOS:0.0.1:STMicroelectronics:RTOS:FreeRTOS:Core:::10.2.0:
2024-11-05 22:11:48,428 [WARN] ModelIntegratedComponent:63 - No mode defined for component null
2024-11-05 22:11:48,428 [WARN] ModelIntegratedComponent:63 - No mode defined for component null
2024-11-05 22:11:48,428 [WARN] ModelIntegratedComponent:63 - No mode defined for component null
2024-11-05 22:11:48,428 [WARN] ModelIntegratedComponent:63 - No mode defined for component null
2024-11-05 22:11:48,428 [WARN] ModelIntegratedComponent:63 - No mode defined for component null
2024-11-05 22:11:48,428 [WARN] ModelIntegratedComponent:63 - No mode defined for component null
2024-11-05 22:11:48,428 [WARN] ModelIntegratedComponent:63 - No mode defined for component null
2024-11-05 22:11:48,428 [WARN] ModelIntegratedComponent:63 - No mode defined for component null
2024-11-05 22:11:48,428 [WARN] ModelIntegratedComponent:63 - No mode defined for component null
2024-11-05 22:11:48,428 [WARN] ModelIntegratedComponent:63 - No mode defined for component null
2024-11-05 22:11:48,428 [WARN] ModelIntegratedComponent:63 - No mode defined for component null
2024-11-05 22:11:48,428 [WARN] ModelIntegratedComponent:63 - No mode defined for component null
2024-11-05 22:11:48,428 [WARN] ModelIntegratedComponent:63 - No mode defined for component null
2024-11-05 22:11:48,429 [WARN] ModelIntegratedComponent:63 - No mode defined for component null
2024-11-05 22:11:48,429 [WARN] ModelIntegratedComponent:63 - No mode defined for component null
2024-11-05 22:11:48,429 [WARN] ModelIntegratedComponent:63 - No mode defined for component null
2024-11-05 22:11:48,429 [WARN] ModelIntegratedComponent:63 - No mode defined for component null
2024-11-05 22:11:48,429 [WARN] ModelIntegratedComponent:63 - No mode defined for component null
2024-11-05 22:11:48,429 [WARN] ModelIntegratedComponent:63 - No mode defined for component null
2024-11-05 22:11:48,429 [WARN] ModelIntegratedComponent:63 - No mode defined for component null
2024-11-05 22:11:48,429 [WARN] ModelIntegratedComponent:63 - No mode defined for component null
2024-11-05 22:11:48,429 [WARN] ModelIntegratedComponent:63 - No mode defined for component null
2024-11-05 22:11:48,429 [WARN] ModelIntegratedComponent:63 - No mode defined for component null
2024-11-05 22:11:48,429 [WARN] ModelIntegratedComponent:63 - No mode defined for component null
2024-11-05 22:11:48,429 [WARN] ModelIntegratedComponent:63 - No mode defined for component null
2024-11-05 22:11:48,429 [WARN] ModelIntegratedComponent:63 - No mode defined for component null
2024-11-05 22:11:48,429 [WARN] ModelIntegratedComponent:63 - No mode defined for component null
2024-11-05 22:11:48,429 [WARN] ModelIntegratedComponent:63 - No mode defined for component null
2024-11-05 22:11:48,429 [WARN] ModelIntegratedComponent:63 - No mode defined for component null
2024-11-05 22:11:48,429 [WARN] ModelIntegratedComponent:63 - No mode defined for component null
2024-11-05 22:11:48,429 [WARN] ModelIntegratedComponent:63 - No mode defined for component null
2024-11-05 22:11:48,429 [WARN] ModelIntegratedComponent:63 - No mode defined for component null
2024-11-05 22:11:48,429 [WARN] ModelIntegratedComponent:63 - No mode defined for component null
2024-11-05 22:11:48,430 [WARN] ModelIntegratedComponent:63 - No mode defined for component null
2024-11-05 22:11:48,430 [WARN] ModelIntegratedComponent:63 - No mode defined for component null
2024-11-05 22:11:48,430 [WARN] ModelPack:524 - Component already loaded: STMicroelectronics:HAL Drivers:0.0.0:STMicroelectronics:Device:STMicro_Driver:XSPI:HAL::0.0.1:HAL_XSPI
2024-11-05 22:11:48,669 [INFO] ThirdPartyModel:298 - Start build external matchings
2024-11-05 22:11:51,370 [INFO] ThirdPartyModel:316 - End build external matchings
2024-11-05 22:11:51,681 [INFO] UtilMem:75 - End LoadConfig() Used Memory: 593281672 Bytes (1073741824)
2024-11-05 22:11:51,724 [WARN] ThirdParty:833 - waiting for thirdparty lock release [change project]
2024-11-05 22:11:51,724 [INFO] ThirdParty:835 - entering critical section [change project]
2024-11-05 22:11:51,725 [INFO] ThirdParty:1030 - CMSIS Pack Vendor :STMicroelectronics USBPD 4.1
2024-11-05 22:11:51,725 [INFO] ThirdParty:1030 - CMSIS Pack Vendor :STMicroelectronics X-CUBE-GNSS1 6.0.0
2024-11-05 22:11:51,725 [INFO] ThirdParty:1030 - CMSIS Pack Vendor :STMicroelectronics USB_HOST 2.0.0
2024-11-05 22:11:51,725 [INFO] ThirdParty:1030 - CMSIS Pack Vendor :STMicroelectronics FP-SNS-MOTENVWB1 1.4.0
2024-11-05 22:11:51,725 [INFO] ThirdParty:1030 - CMSIS Pack Vendor :STMicroelectronics X-CUBE-AZRTOS-F4 1.1.0
2024-11-05 22:11:51,725 [INFO] ThirdParty:1030 - CMSIS Pack Vendor :STMicroelectronics LIBJPEG 8.0.0
2024-11-05 22:11:51,725 [INFO] ThirdParty:1030 - CMSIS Pack Vendor :wolfSSL I-CUBE-wolfSSL 5.6.3
2024-11-05 22:11:51,725 [INFO] ThirdParty:1030 - CMSIS Pack Vendor :STMicroelectronics X-CUBE-SMBUS 2.1.0
2024-11-05 22:11:51,725 [INFO] ThirdParty:1030 - CMSIS Pack Vendor :STMicroelectronics X-CUBE-WB05N 1.1.0
2024-11-05 22:11:51,725 [INFO] ThirdParty:1030 - CMSIS Pack Vendor :STMicroelectronics X-CUBE-ISPU 2.1.0
2024-11-05 22:11:51,725 [INFO] ThirdParty:1030 - CMSIS Pack Vendor :STMicroelectronics X-CUBE-FREERTOS 1.2.0
2024-11-05 22:11:51,725 [INFO] ThirdParty:1030 - CMSIS Pack Vendor :STMicroelectronics X-CUBE-TOUCHGFX 4.23.0
2024-11-05 22:11:51,725 [INFO] ThirdParty:1030 - CMSIS Pack Vendor :STMicroelectronics X-CUBE-TOUCHGFX 4.23.2
2024-11-05 22:11:51,725 [INFO] ThirdParty:1030 - CMSIS Pack Vendor :STMicroelectronics X-CUBE-AZRTOS-F7 1.1.0
2024-11-05 22:11:51,725 [INFO] ThirdParty:1030 - CMSIS Pack Vendor :STMicroelectronics X-CUBE-AZRTOS-L5 2.0.0
2024-11-05 22:11:51,725 [INFO] ThirdParty:1030 - CMSIS Pack Vendor :STMicroelectronics USB_DEVICE 2.0.0
2024-11-05 22:11:51,725 [INFO] ThirdParty:1030 - CMSIS Pack Vendor :STMicroelectronics X-CUBE-MEMS1 9.6.0
2024-11-05 22:11:51,726 [INFO] ThirdParty:1030 - CMSIS Pack Vendor :STMicroelectronics X-CUBE-EEPRMA1 4.2.0
2024-11-05 22:11:51,726 [INFO] ThirdParty:1030 - CMSIS Pack Vendor :STMicroelectronics X-CUBE-NFC6 3.1.0
2024-11-05 22:11:51,726 [INFO] ThirdParty:1030 - CMSIS Pack Vendor :ITTIA_DB I-CUBE-ITTIADB 8.8.0
2024-11-05 22:11:51,726 [INFO] ThirdParty:1030 - CMSIS Pack Vendor :STMicroelectronics FP-SNS-MOTENV1 4.3.2
2024-11-05 22:11:51,726 [INFO] ThirdParty:1030 - CMSIS Pack Vendor :STMicroelectronics FP-SNS-FLIGHT1 5.0.1
2024-11-05 22:11:51,726 [INFO] ThirdParty:1030 - CMSIS Pack Vendor :STMicroelectronics X-CUBE-MEMS1 11.0.0
2024-11-05 22:11:51,726 [INFO] ThirdParty:1030 - CMSIS Pack Vendor :STMicroelectronics X-CUBE-BLE1 6.2.4
2024-11-05 22:11:51,726 [INFO] ThirdParty:1030 - CMSIS Pack Vendor :STMicroelectronics FreeRTOS 0.0.1
2024-11-05 22:11:51,726 [INFO] ThirdParty:1030 - CMSIS Pack Vendor :STMicroelectronics X-CUBE-BLEMGR 2.0.0
2024-11-05 22:11:51,726 [INFO] ThirdParty:1030 - CMSIS Pack Vendor :STMicroelectronics X-CUBE-DPower 1.2.0
2024-11-05 22:11:51,726 [INFO] ThirdParty:1030 - CMSIS Pack Vendor :STMicroelectronics FP-SNS-FLIGHT1 5.0.2
2024-11-05 22:11:51,726 [INFO] ThirdParty:1030 - CMSIS Pack Vendor :STMicroelectronics X-CUBE-AI 9.0.0
2024-11-05 22:11:51,726 [INFO] ThirdParty:1030 - CMSIS Pack Vendor :STMicroelectronics X-CUBE-AZRTOS-H7 3.1.0
2024-11-05 22:11:51,727 [INFO] ThirdParty:1030 - CMSIS Pack Vendor :STMicroelectronics PDM2PCM 3.3.0
2024-11-05 22:11:51,727 [INFO] ThirdParty:1030 - CMSIS Pack Vendor :STMicroelectronics X-CUBE-DISPLAY 3.0.0
2024-11-05 22:11:51,727 [INFO] ThirdParty:1030 - CMSIS Pack Vendor :STMicroelectronics X-CUBE-BLE1 7.0.0
2024-11-05 22:11:51,727 [INFO] ThirdParty:1030 - CMSIS Pack Vendor :STMicroelectronics X-CUBE-NFC10 1.0.0
2024-11-05 22:11:51,727 [INFO] ThirdParty:1030 - CMSIS Pack Vendor :STMicroelectronics HAL Drivers 0.0.0
2024-11-05 22:11:51,727 [INFO] ThirdParty:1030 - CMSIS Pack Vendor :emotas I-CUBE-CANOPEN 1.3.0
2024-11-05 22:11:51,727 [INFO] ThirdParty:1030 - CMSIS Pack Vendor :STMicroelectronics X-CUBE-TOUCHGFX 4.22.0
2024-11-05 22:11:51,727 [INFO] ThirdParty:1030 - CMSIS Pack Vendor :STMicroelectronics X-CUBE-NFC7 1.0.1
2024-11-05 22:11:51,727 [INFO] ThirdParty:1030 - CMSIS Pack Vendor :STMicroelectronics MBEDTLS 2.14.1
2024-11-05 22:11:51,727 [INFO] ThirdParty:1030 - CMSIS Pack Vendor :STMicroelectronics X-CUBE-TOUCHGFX 4.22.1
2024-11-05 22:11:51,727 [INFO] ThirdParty:1030 - CMSIS Pack Vendor :STMicroelectronics X-CUBE-NFC6 3.0.0
2024-11-05 22:11:51,727 [INFO] ThirdParty:1030 - CMSIS Pack Vendor :STMicroelectronics X-CUBE-EEPRMA1 4.1.0
2024-11-05 22:11:51,727 [INFO] ThirdParty:1030 - CMSIS Pack Vendor :STMicroelectronics X-CUBE-BLEMGR 3.1.0
2024-11-05 22:11:51,727 [INFO] ThirdParty:1030 - CMSIS Pack Vendor :STMicroelectronics FP-SNS-SMARTAG2 1.2.0
2024-11-05 22:11:51,727 [INFO] ThirdParty:1030 - CMSIS Pack Vendor :STMicroelectronics X-CUBE-AZRTOS-WL 2.0.0
2024-11-05 22:11:51,727 [INFO] ThirdParty:1030 - CMSIS Pack Vendor :STMicroelectronics FP-SNS-MOTENV1 5.0.0
2024-11-05 22:11:51,727 [INFO] ThirdParty:1030 - CMSIS Pack Vendor :STMicroelectronics USB_DEVICE 1.0.0
2024-11-05 22:11:51,727 [INFO] ThirdParty:1030 - CMSIS Pack Vendor :STMicroelectronics X-CUBE-AI 8.1.0
2024-11-05 22:11:51,727 [INFO] ThirdParty:1030 - CMSIS Pack Vendor :wolfSSL I-CUBE-wolfMQTT 1.19.0
2024-11-05 22:11:51,727 [INFO] ThirdParty:1030 - CMSIS Pack Vendor :STMicroelectronics X-CUBE-AZRTOS-L4 2.0.0
2024-11-05 22:11:51,727 [INFO] ThirdParty:1030 - CMSIS Pack Vendor :STMicroelectronics ThreadX 0.0.2
2024-11-05 22:11:51,727 [INFO] ThirdParty:1030 - CMSIS Pack Vendor :WES I-CUBE-Cesium 1.3.0
2024-11-05 22:11:51,728 [INFO] ThirdParty:1030 - CMSIS Pack Vendor :STMicroelectronics lwIP 2.1.2
2024-11-05 22:11:51,728 [INFO] ThirdParty:1030 - CMSIS Pack Vendor :STMicroelectronics X-CUBE-SFXS2LP1 4.0.0
2024-11-05 22:11:51,728 [INFO] ThirdParty:1030 - CMSIS Pack Vendor :STMicroelectronics X-CUBE-BLE2 3.3.0
2024-11-05 22:11:51,728 [INFO] ThirdParty:1030 - CMSIS Pack Vendor :STMicroelectronics PDM2PCM 3.2.0
2024-11-05 22:11:51,728 [INFO] ThirdParty:1030 - CMSIS Pack Vendor :STMicroelectronics X-CUBE-ISPU 1.1.0
2024-11-05 22:11:51,728 [INFO] ThirdParty:1030 - CMSIS Pack Vendor :STMicroelectronics X-CUBE-AZRTOS-H7 3.3.0
2024-11-05 22:11:51,728 [INFO] ThirdParty:1030 - CMSIS Pack Vendor :STMicroelectronics X-CUBE-NFC9 1.0.0
2024-11-05 22:11:51,728 [INFO] ThirdParty:1030 - CMSIS Pack Vendor :STMicroelectronics USB_DEVICE 3.0.0
2024-11-05 22:11:51,728 [INFO] ThirdParty:1030 - CMSIS Pack Vendor :STMicroelectronics X-CUBE-TCPP 4.1.0
2024-11-05 22:11:51,728 [INFO] ThirdParty:1030 - CMSIS Pack Vendor :STMicroelectronics X-CUBE-IPS 3.0.0
2024-11-05 22:11:51,728 [INFO] ThirdParty:1030 - CMSIS Pack Vendor :STMicroelectronics X-CUBE-AZRTOS-WB 2.0.0
2024-11-05 22:11:51,728 [INFO] ThirdParty:1030 - CMSIS Pack Vendor :STMicroelectronics X-CUBE-FREERTOS 1.0.1
2024-11-05 22:11:51,728 [INFO] ThirdParty:1030 - CMSIS Pack Vendor :STMicroelectronics X-CUBE-GNSS1 7.0.0
2024-11-05 22:11:51,728 [INFO] ThirdParty:1030 - CMSIS Pack Vendor :STMicroelectronics FP-SNS-STBOX1 2.0.0
2024-11-05 22:11:51,728 [INFO] ThirdParty:1030 - CMSIS Pack Vendor :STMicroelectronics X-CUBE-ALGOBUILD 1.3.0
2024-11-05 22:11:51,728 [INFO] ThirdParty:1030 - CMSIS Pack Vendor :STMicroelectronics X-CUBE-AZRTOS-L5 1.1.0
2024-11-05 22:11:51,728 [INFO] ThirdParty:1030 - CMSIS Pack Vendor :STMicroelectronics X-CUBE-AZRTOS-G0 1.1.0
2024-11-05 22:11:51,728 [INFO] ThirdParty:1030 - CMSIS Pack Vendor :STMicroelectronics X-CUBE-AI 8.0.1
2024-11-05 22:11:51,728 [INFO] ThirdParty:1030 - CMSIS Pack Vendor :STMicroelectronics X-CUBE-SAFEA1 1.2.2
2024-11-05 22:11:51,728 [INFO] ThirdParty:1030 - CMSIS Pack Vendor :STMicroelectronics X-CUBE-NFC4 3.0.0
2024-11-05 22:11:51,728 [INFO] ThirdParty:1030 - CMSIS Pack Vendor :STMicroelectronics X-CUBE-SUBG2 5.0.0
2024-11-05 22:11:51,728 [INFO] ThirdParty:1030 - CMSIS Pack Vendor :STMicroelectronics STM32_WPAN 1.0.0
2024-11-05 22:11:51,728 [INFO] ThirdParty:1030 - CMSIS Pack Vendor :wolfSSL I-CUBE-wolfMQTT 1.18.0
2024-11-05 22:11:51,729 [INFO] ThirdParty:1030 - CMSIS Pack Vendor :EmbeddedOffice I-CUBE-FS-RTOS 1.0.1
2024-11-05 22:11:51,729 [INFO] ThirdParty:1030 - CMSIS Pack Vendor :STMicroelectronics lwIP 2.0.3
2024-11-05 22:11:51,729 [INFO] ThirdParty:1030 - CMSIS Pack Vendor :Cesanta I-CUBE-Mongoose 7.13.0
2024-11-05 22:11:51,729 [INFO] ThirdParty:1030 - CMSIS Pack Vendor :STMicroelectronics USB_HOST 1.0.0
2024-11-05 22:11:51,729 [INFO] ThirdParty:1030 - CMSIS Pack Vendor :STMicroelectronics X-CUBE-TOF1 3.3.1
2024-11-05 22:11:51,729 [INFO] ThirdParty:1030 - CMSIS Pack Vendor :STMicroelectronics X-CUBE-AZRTOS-G4 2.0.0
2024-11-05 22:11:51,729 [INFO] ThirdParty:1030 - CMSIS Pack Vendor :STMicroelectronics PDM2PCM 3.1.0
2024-11-05 22:11:51,729 [INFO] ThirdParty:1030 - CMSIS Pack Vendor :Infineon AIROC-Wi-Fi-Bluetooth-STM32 1.5.1
2024-11-05 22:11:51,729 [INFO] ThirdParty:1030 - CMSIS Pack Vendor :STMicroelectronics X-CUBE-BLEMGR 3.0.0
2024-11-05 22:11:51,729 [INFO] ThirdParty:1030 - CMSIS Pack Vendor :STMicroelectronics FP-SNS-MOTENVWB1 1.3.0
2024-11-05 22:11:51,729 [INFO] ThirdParty:1030 - CMSIS Pack Vendor :RealThread X-CUBE-RT-Thread_Nano 4.1.1
2024-11-05 22:11:51,729 [INFO] ThirdParty:1030 - CMSIS Pack Vendor :STMicroelectronics FP-SNS-MOTENVWB1 1.3.1
2024-11-05 22:11:51,729 [INFO] ThirdParty:1030 - CMSIS Pack Vendor :STMicroelectronics FP-ATR-SIGFOX1 3.2.0
2024-11-05 22:11:51,729 [INFO] ThirdParty:1030 - CMSIS Pack Vendor :STMicroelectronics X-CUBE-ISPU 2.0.0
2024-11-05 22:11:51,729 [INFO] ThirdParty:1030 - CMSIS Pack Vendor :STMicroelectronics X-CUBE-EEPRMA1 5.1.0
2024-11-05 22:11:51,729 [INFO] ThirdParty:1030 - CMSIS Pack Vendor :STMicroelectronics MBEDTLS 2.16.2
2024-11-05 22:11:51,729 [INFO] ThirdParty:1030 - CMSIS Pack Vendor :STMicroelectronics X-CUBE-ALS 1.0.2
2024-11-05 22:11:51,729 [INFO] ThirdParty:1030 - CMSIS Pack Vendor :STMicroelectronics X-CUBE-MEMS1 10.0.0
2024-11-05 22:11:51,729 [INFO] ThirdParty:1030 - CMSIS Pack Vendor :STMicroelectronics X-CUBE-FREERTOS 1.1.0
2024-11-05 22:11:51,729 [INFO] ThirdParty:1030 - CMSIS Pack Vendor :STMicroelectronics X-CUBE-TOUCHGFX 4.24.1
2024-11-05 22:11:51,729 [INFO] ThirdParty:1030 - CMSIS Pack Vendor :wolfSSL I-CUBE-wolfTPM 3.4.0
2024-11-05 22:11:51,729 [INFO] ThirdParty:1030 - CMSIS Pack Vendor :portGmbH I-Cube-SoM-uGOAL 1.1.0
2024-11-05 22:11:51,729 [INFO] ThirdParty:1030 - CMSIS Pack Vendor :STMicroelectronics X-CUBE-ALS 1.0.1
2024-11-05 22:11:51,729 [INFO] ThirdParty:1030 - CMSIS Pack Vendor :STMicroelectronics ThreadX 1.0.0
2024-11-05 22:11:51,729 [INFO] ThirdParty:1030 - CMSIS Pack Vendor :STMicroelectronics X-CUBE-AZRTOS-WB 1.1.0
2024-11-05 22:11:51,729 [INFO] ThirdParty:1030 - CMSIS Pack Vendor :SEGGER I-CUBE-embOS 1.3.1
2024-11-05 22:11:51,729 [INFO] ThirdParty:1030 - CMSIS Pack Vendor :STMicroelectronics X-CUBE-ALGOBUILD 1.4.0
2024-11-05 22:11:51,729 [INFO] ThirdParty:1030 - CMSIS Pack Vendor :STMicroelectronics X-CUBE-AZRTOS-H7RS 1.0.0
2024-11-05 22:11:51,729 [INFO] ThirdParty:1030 - CMSIS Pack Vendor :STMicroelectronics FP-ATR-ASTRA1 2.0.0
2024-11-05 22:11:51,729 [INFO] ThirdParty:1030 - CMSIS Pack Vendor :STMicroelectronics X-CUBE-TOF1 3.4.2
2024-11-05 22:11:51,730 [INFO] ThirdParty:1030 - CMSIS Pack Vendor :STMicroelectronics X-CUBE-AI 9.1.0
2024-11-05 22:11:51,730 [INFO] ThirdParty:1030 - CMSIS Pack Vendor :STMicroelectronics X-CUBE-TOF1 3.4.0
2024-11-05 22:11:51,730 [INFO] ThirdParty:1030 - CMSIS Pack Vendor :STMicroelectronics X-CUBE-TOF1 3.4.1
2024-11-05 22:11:51,730 [INFO] ThirdParty:1030 - CMSIS Pack Vendor :STMicroelectronics X-CUBE-AZRTOS-H7 3.2.0
2024-11-05 22:11:51,730 [INFO] ThirdParty:1030 - CMSIS Pack Vendor :wolfSSL I-CUBE-wolfSSH 1.4.17
2024-11-05 22:11:51,730 [INFO] ThirdParty:841 - exiting critical section [change project]
2024-11-05 22:11:51,942 [INFO] PinOutPanel:1561 - setPackage(No Configuration,No Configuration)
2024-11-05 22:11:51,945 [INFO] PinOutPanel:1561 - setPackage(STM32F407VGTx,LQFP100)
2024-11-05 22:11:52,084 [INFO] UtilMem:75 - Before build in PCC Used Memory: 738653528 Bytes (1073741824)
2024-11-05 22:11:52,246 [INFO] UtilMem:75 - After build in PCC Used Memory: 782167384 Bytes (1073741824)
2024-11-05 22:11:52,272 [INFO] IPUIPlugin:80 - create IPUIPlugin
2024-11-05 22:11:52,272 [INFO] IPUIPlugin:80 - create IPUIPlugin
2024-11-05 22:11:52,272 [INFO] IPUIPlugin:80 - create IPUIPlugin
2024-11-05 22:11:52,272 [INFO] IPUIPlugin:80 - create IPUIPlugin
2024-11-05 22:11:52,272 [INFO] IPUIPlugin:80 - create IPUIPlugin
2024-11-05 22:11:52,272 [INFO] IPUIPlugin:80 - create IPUIPlugin
2024-11-05 22:11:52,272 [INFO] IPUIPlugin:80 - create IPUIPlugin
2024-11-05 22:11:52,273 [INFO] IPUIPlugin:80 - create IPUIPlugin
2024-11-05 22:11:52,273 [INFO] IPUIPlugin:80 - create IPUIPlugin
2024-11-05 22:11:52,273 [INFO] IPUIPlugin:80 - create IPUIPlugin
2024-11-05 22:11:52,273 [INFO] IPUIPlugin:80 - create IPUIPlugin
2024-11-05 22:11:52,273 [INFO] IPUIPlugin:80 - create IPUIPlugin
2024-11-05 22:11:52,273 [INFO] IPUIPlugin:80 - create IPUIPlugin
2024-11-05 22:11:52,274 [INFO] IPUIPlugin:80 - create IPUIPlugin
2024-11-05 22:11:52,274 [INFO] IPUIPlugin:80 - create IPUIPlugin
2024-11-05 22:11:52,274 [INFO] IPUIPlugin:80 - create IPUIPlugin
2024-11-05 22:11:52,274 [INFO] IPUIPlugin:80 - create IPUIPlugin
2024-11-05 22:11:52,274 [INFO] IPUIPlugin:80 - create IPUIPlugin
2024-11-05 22:11:52,274 [INFO] IPUIPlugin:80 - create IPUIPlugin
2024-11-05 22:11:52,274 [INFO] IPUIPlugin:80 - create IPUIPlugin
2024-11-05 22:11:52,274 [INFO] IPUIPlugin:80 - create IPUIPlugin
2024-11-05 22:11:52,275 [INFO] IPUIPlugin:80 - create IPUIPlugin
2024-11-05 22:11:52,275 [INFO] IPUIPlugin:80 - create IPUIPlugin
2024-11-05 22:11:52,275 [INFO] IPUIPlugin:80 - create IPUIPlugin
2024-11-05 22:11:52,275 [INFO] IPUIPlugin:80 - create IPUIPlugin
2024-11-05 22:11:52,275 [INFO] IPUIPlugin:80 - create IPUIPlugin
2024-11-05 22:11:52,275 [INFO] IPUIPlugin:80 - create IPUIPlugin
2024-11-05 22:11:52,276 [INFO] IPUIPlugin:80 - create IPUIPlugin
2024-11-05 22:11:52,276 [INFO] IPUIPlugin:80 - create IPUIPlugin
2024-11-05 22:11:52,276 [INFO] IPUIPlugin:80 - create IPUIPlugin
2024-11-05 22:11:52,277 [INFO] IPUIPlugin:80 - create IPUIPlugin
2024-11-05 22:11:52,277 [INFO] IPUIPlugin:80 - create IPUIPlugin
2024-11-05 22:11:52,277 [INFO] IPUIPlugin:80 - create IPUIPlugin
2024-11-05 22:11:52,278 [INFO] IPUIPlugin:80 - create IPUIPlugin
2024-11-05 22:11:52,278 [INFO] IPUIPlugin:80 - create IPUIPlugin
2024-11-05 22:11:52,278 [INFO] IPUIPlugin:80 - create IPUIPlugin
2024-11-05 22:11:52,278 [INFO] IPUIPlugin:80 - create IPUIPlugin
2024-11-05 22:11:52,279 [INFO] IPUIPlugin:80 - create IPUIPlugin
2024-11-05 22:11:52,279 [INFO] IPUIPlugin:80 - create IPUIPlugin
2024-11-05 22:11:52,279 [INFO] IPUIPlugin:80 - create IPUIPlugin
2024-11-05 22:11:52,279 [INFO] IPUIPlugin:80 - create IPUIPlugin
2024-11-05 22:11:52,280 [INFO] IPUIPlugin:80 - create IPUIPlugin
2024-11-05 22:11:52,280 [INFO] IPUIPlugin:80 - create IPUIPlugin
2024-11-05 22:11:52,280 [INFO] IPUIPlugin:80 - create IPUIPlugin
2024-11-05 22:11:52,280 [INFO] IPUIPlugin:80 - create IPUIPlugin
2024-11-05 22:11:52,280 [INFO] IPUIPlugin:80 - create IPUIPlugin
2024-11-05 22:11:52,281 [INFO] IPUIPlugin:80 - create IPUIPlugin
2024-11-05 22:11:52,281 [INFO] IPUIPlugin:80 - create IPUIPlugin
2024-11-05 22:11:52,281 [INFO] IPUIPlugin:80 - create IPUIPlugin
2024-11-05 22:11:52,282 [INFO] IPUIPlugin:80 - create IPUIPlugin
2024-11-05 22:11:52,282 [INFO] IPUIPlugin:80 - create IPUIPlugin
2024-11-05 22:11:52,282 [INFO] IPUIPlugin:80 - create IPUIPlugin
2024-11-05 22:11:52,283 [INFO] IPUIPlugin:80 - create IPUIPlugin
2024-11-05 22:11:52,283 [INFO] IPUIPlugin:80 - create IPUIPlugin
2024-11-05 22:11:52,283 [INFO] IPUIPlugin:80 - create IPUIPlugin
2024-11-05 22:11:52,284 [INFO] IPUIPlugin:80 - create IPUIPlugin
2024-11-05 22:11:52,285 [INFO] IPUIPlugin:80 - create IPUIPlugin
2024-11-05 22:11:52,285 [INFO] IPUIPlugin:80 - create IPUIPlugin
2024-11-05 22:11:52,287 [INFO] ApiDbMcu:508 - Load IP Config File for PDM2PCM
2024-11-05 22:11:52,334 [INFO] CADModel:165 - CPN selected for project levelSTM32F407VGT6
2024-11-05 22:11:52,334 [INFO] CADModel:114 - Register for checkConnection events
2024-11-05 22:11:52,374 [INFO] OpenFileManager:363 - Restore cursor
2024-11-05 22:12:11,721 [INFO] UtilMem:75 - End SaveConfig() Used Memory: 673331776 Bytes (1073741824)
2024-11-05 22:12:12,548 [INFO] UtilMem:75 - End SaveConfig() Used Memory: 708256176 Bytes (1073741824)
2024-11-05 22:12:13,113 [INFO] UtilMem:75 - End SaveConfig() Used Memory: 782383896 Bytes (1073741824)
2024-11-05 22:12:13,389 [INFO] BlockDiagram:2766 - set Specific Code input for plugin: SYS
2024-11-05 22:12:13,389 [INFO] BlockDiagram:2766 - set Specific Code input for plugin: RCC
2024-11-05 22:12:13,389 [INFO] BlockDiagram:2766 - set Specific Code input for plugin: NVIC
2024-11-05 22:12:13,390 [INFO] BlockDiagram:2766 - set Specific Code input for plugin: GPIO
2024-11-05 22:12:13,391 [INFO] CodeGenerator:807 - code generatio: config db path: C:\ST\STM32CubeIDE_1.9.0\STM32CubeIDE\plugins\com.st.stm32cube.common.mx_6.12.1.202409122256\\db\
2024-11-05 22:12:13,515 [INFO] CodeEngine:255 - oldGeneratedFile, C:\learning\MasterRTOS\RTOS_workspace\002LED_Tasks\MXTmpFiles\license.tmp_save
2024-11-05 22:12:13,649 [INFO] CodeEngine:279 - Generated code: C:\learning\MasterRTOS\RTOS_workspace\002LED_Tasks\MXTmpFiles\license.tmp
2024-11-05 22:12:13,700 [INFO] CodeEngine:255 - oldGeneratedFile, C:\learning\MasterRTOS\RTOS_workspace\002LED_Tasks\MXTmpFiles\gpio.tmp_save
2024-11-05 22:12:13,782 [INFO] CodeEngine:279 - Generated code: C:\learning\MasterRTOS\RTOS_workspace\002LED_Tasks\MXTmpFiles\gpio.tmp
2024-11-05 22:12:13,824 [INFO] CodeEngine:255 - oldGeneratedFile, C:\learning\MasterRTOS\RTOS_workspace\002LED_Tasks\Core\Src\stm32f4xx_it.c_save
2024-11-05 22:12:13,914 [INFO] CodeEngine:279 - Generated code: C:\learning\MasterRTOS\RTOS_workspace\002LED_Tasks\Core\Src\stm32f4xx_it.c
2024-11-05 22:12:13,925 [INFO] CodeEngine:255 - oldGeneratedFile, C:\learning\MasterRTOS\RTOS_workspace\002LED_Tasks\Core\Inc\stm32f4xx_it.h_save
2024-11-05 22:12:14,025 [INFO] CodeEngine:279 - Generated code: C:\learning\MasterRTOS\RTOS_workspace\002LED_Tasks\Core\Inc\stm32f4xx_it.h
2024-11-05 22:12:14,049 [INFO] CodeEngine:255 - oldGeneratedFile, C:\learning\MasterRTOS\RTOS_workspace\002LED_Tasks\Core\Src\stm32f4xx_hal_msp.c_save
2024-11-05 22:12:14,158 [INFO] CodeEngine:279 - Generated code: C:\learning\MasterRTOS\RTOS_workspace\002LED_Tasks\Core\Src\stm32f4xx_hal_msp.c
2024-11-05 22:12:14,166 [INFO] CodeEngine:255 - oldGeneratedFile, C:\learning\MasterRTOS\RTOS_workspace\002LED_Tasks\MXTmpFiles\system.tmp_save
2024-11-05 22:12:14,242 [INFO] CodeEngine:279 - Generated code: C:\learning\MasterRTOS\RTOS_workspace\002LED_Tasks\MXTmpFiles\system.tmp
2024-11-05 22:12:14,255 [INFO] CodeEngine:255 - oldGeneratedFile, C:\learning\MasterRTOS\RTOS_workspace\002LED_Tasks\Core\Src\stm32f4xx_hal_timebase_tim.c_save
2024-11-05 22:12:14,336 [INFO] CodeEngine:279 - Generated code: C:\learning\MasterRTOS\RTOS_workspace\002LED_Tasks\Core\Src\stm32f4xx_hal_timebase_tim.c
2024-11-05 22:12:14,356 [INFO] CodeEngine:311 - oldGeneratedFile, C:\learning\MasterRTOS\RTOS_workspace\002LED_Tasks\Core\Inc\stm32f4xx_hal_conf.h_save
2024-11-05 22:12:14,456 [INFO] CodeEngine:335 - Generated code: C:\learning\MasterRTOS\RTOS_workspace\002LED_Tasks\Core\Inc\stm32f4xx_hal_conf.h
2024-11-05 22:12:14,494 [INFO] CodeEngine:255 - oldGeneratedFile, C:\learning\MasterRTOS\RTOS_workspace\002LED_Tasks\Core\Inc\main.h_save
2024-11-05 22:12:14,593 [INFO] CodeEngine:279 - Generated code: C:\learning\MasterRTOS\RTOS_workspace\002LED_Tasks\Core\Inc\main.h
2024-11-05 22:12:14,605 [INFO] CodeEngine:255 - oldGeneratedFile, C:\learning\MasterRTOS\RTOS_workspace\002LED_Tasks\Core\Src\main.c_save
2024-11-05 22:12:14,724 [INFO] CodeEngine:279 - Generated code: C:\learning\MasterRTOS\RTOS_workspace\002LED_Tasks\Core\Src\main.c
2024-11-05 22:12:15,245 [INFO] ProjectBuilder:3249 - Time for Copy HAL[1] : 291mS.
2024-11-05 22:12:15,251 [INFO] ProjectBuilder:4828 - Project Generator version: 4.5.0-B34
2024-11-05 22:12:15,362 [INFO] ConfigFileManager:1531 - The Die is : DIE413
2024-11-05 22:12:15,364 [INFO] ApiDbMcu:508 - Load IP Config File for FATFS
2024-11-05 22:12:15,367 [INFO] ApiDbMcu:508 - Load IP Config File for FREERTOS
2024-11-05 22:12:15,368 [INFO] ApiDbMcu:508 - Load IP Config File for LIBJPEG
2024-11-05 22:12:15,374 [INFO] ApiDbMcu:508 - Load IP Config File for LWIP
2024-11-05 22:12:15,379 [INFO] ApiDbMcu:508 - Load IP Config File for MBEDTLS
2024-11-05 22:12:15,384 [INFO] ApiDbMcu:508 - Load IP Config File for USB_DEVICE
2024-11-05 22:12:15,387 [INFO] ApiDbMcu:508 - Load IP Config File for USB_HOST
2024-11-05 22:12:16,775 [INFO] ProjectBuilder:5097 - Time for Generating toolchain IDE Files: 1524mS.
2024-11-05 22:12:16,776 [INFO] ProjectBuilder:3107 - Time for Copy CMSIS : 0mS.
2024-11-05 22:12:16,782 [INFO] ProjectBuilder:3107 - Time for Copy CMSIS : 0mS.
