2024-11-07 09:34:40,922 [INFO] WebApp:189 - Connection lost
2024-11-07 09:34:56,362 [INFO] WebApp:186 - Connection restablished
2024-11-07 09:34:59,755 [INFO] WebApp:189 - Connection lost
2024-11-07 09:34:59,862 [INFO] WebApp:186 - Connection restablished
2024-11-07 10:21:10,963 [INFO] WebApp:189 - Connection lost
2024-11-07 10:21:11,115 [INFO] WebApp:186 - Connection restablished
2024-11-07 11:06:28,501 [INFO] WebApp:189 - Connection lost
2024-11-07 11:06:28,677 [INFO] WebApp:186 - Connection restablished
2024-11-07 11:46:19,001 [INFO] WebApp:189 - Connection lost
2024-11-07 11:46:19,120 [INFO] WebApp:186 - Connection restablished
2024-11-07 14:36:47,018 [INFO] WebApp:189 - Connection lost
2024-11-07 14:36:47,243 [INFO] WebApp:186 - Connection restablished
2024-11-07 15:21:01,557 [INFO] WebApp:189 - Connection lost
2024-11-07 15:21:01,741 [INFO] WebApp:186 - Connection restablished
2024-11-07 15:55:23,565 [INFO] WebApp:189 - Connection lost
2024-11-07 15:55:23,698 [INFO] WebApp:186 - Connection restablished
2024-11-07 15:56:50,608 [INFO] WebApp:189 - Connection lost
2024-11-07 15:56:50,762 [INFO] WebApp:186 - Connection restablished
2024-11-07 15:57:00,559 [INFO] WebApp:189 - Connection lost
2024-11-07 15:57:00,679 [INFO] WebApp:186 - Connection restablished
2024-11-07 16:04:08,069 [INFO] WebApp:189 - Connection lost
2024-11-07 16:04:09,436 [INFO] WebApp:186 - Connection restablished
2024-11-07 16:04:13,522 [INFO] WebApp:189 - Connection lost
2024-11-07 16:04:13,838 [INFO] WebApp:186 - Connection restablished
2024-11-07 22:24:21,994 [INFO] WebApp:189 - Connection lost
2024-11-07 22:24:42,288 [INFO] WebApp:186 - Connection restablished
2024-11-07 22:24:43,223 [INFO] WebApp:189 - Connection lost
2024-11-07 22:24:43,362 [INFO] WebApp:186 - Connection restablished
2024-11-07 22:25:48,036 [INFO] WebApp:189 - Connection lost
2024-11-07 22:25:48,261 [INFO] WebApp:186 - Connection restablished
2024-11-07 22:26:53,028 [INFO] WebApp:189 - Connection lost
2024-11-07 22:26:53,245 [INFO] WebApp:186 - Connection restablished
2024-11-07 22:27:03,550 [INFO] WebApp:189 - Connection lost
2024-11-07 22:27:03,757 [INFO] WebApp:186 - Connection restablished
2024-11-07 22:28:10,536 [INFO] WebApp:189 - Connection lost
2024-11-07 22:28:10,767 [INFO] WebApp:186 - Connection restablished
2024-11-07 22:29:15,537 [INFO] WebApp:189 - Connection lost
2024-11-07 22:29:15,739 [INFO] WebApp:186 - Connection restablished
2024-11-07 22:31:41,704 [INFO] WebApp:189 - Connection lost
2024-11-07 22:31:41,884 [INFO] WebApp:186 - Connection restablished
2024-11-07 22:33:53,906 [INFO] WebApp:189 - Connection lost
2024-11-07 22:33:54,059 [INFO] WebApp:186 - Connection restablished
2024-11-07 22:34:04,916 [INFO] WebApp:189 - Connection lost
2024-11-07 22:34:05,028 [INFO] WebApp:186 - Connection restablished
2024-11-07 22:35:09,976 [INFO] WebApp:189 - Connection lost
2024-11-07 22:35:10,132 [INFO] WebApp:186 - Connection restablished
2024-11-07 22:36:14,960 [INFO] WebApp:189 - Connection lost
2024-11-07 22:36:15,097 [INFO] WebApp:186 - Connection restablished
2024-11-07 22:36:25,988 [INFO] WebApp:189 - Connection lost
2024-11-07 22:36:26,111 [INFO] WebApp:186 - Connection restablished
2024-11-07 22:37:35,981 [INFO] WebApp:189 - Connection lost
2024-11-07 22:37:36,130 [INFO] WebApp:186 - Connection restablished
2024-11-07 22:37:46,978 [INFO] WebApp:189 - Connection lost
2024-11-07 22:37:47,075 [INFO] WebApp:186 - Connection restablished
2024-11-07 22:38:51,490 [INFO] WebApp:189 - Connection lost
2024-11-07 22:38:51,702 [INFO] WebApp:186 - Connection restablished
2024-11-07 22:39:02,474 [INFO] WebApp:189 - Connection lost
2024-11-07 22:39:02,611 [INFO] WebApp:186 - Connection restablished
2024-11-07 22:40:07,489 [INFO] WebApp:189 - Connection lost
2024-11-07 22:40:07,641 [INFO] WebApp:186 - Connection restablished
2024-11-07 22:41:12,482 [INFO] WebApp:189 - Connection lost
2024-11-07 22:41:12,630 [INFO] WebApp:186 - Connection restablished
2024-11-07 22:42:17,967 [INFO] WebApp:189 - Connection lost
2024-11-07 22:42:18,115 [INFO] WebApp:186 - Connection restablished
2024-11-07 22:43:22,960 [INFO] WebApp:189 - Connection lost
2024-11-07 22:43:23,100 [INFO] WebApp:186 - Connection restablished
2024-11-07 22:44:27,965 [INFO] WebApp:189 - Connection lost
2024-11-07 22:44:28,107 [INFO] WebApp:186 - Connection restablished
2024-11-07 22:45:32,454 [INFO] WebApp:189 - Connection lost
2024-11-07 22:45:32,598 [INFO] WebApp:186 - Connection restablished
2024-11-07 22:45:43,467 [INFO] WebApp:189 - Connection lost
2024-11-07 22:45:43,565 [INFO] WebApp:186 - Connection restablished
2024-11-07 22:46:48,462 [INFO] WebApp:189 - Connection lost
2024-11-07 22:46:48,609 [INFO] WebApp:186 - Connection restablished
2024-11-07 22:47:53,475 [INFO] WebApp:189 - Connection lost
2024-11-07 22:47:53,645 [INFO] WebApp:186 - Connection restablished
2024-11-07 22:48:58,470 [INFO] WebApp:189 - Connection lost
2024-11-07 22:48:58,629 [INFO] WebApp:186 - Connection restablished
2024-11-07 22:49:08,958 [INFO] WebApp:189 - Connection lost
2024-11-07 22:49:09,064 [INFO] WebApp:186 - Connection restablished
2024-11-07 22:50:18,960 [INFO] WebApp:189 - Connection lost
2024-11-07 22:50:19,101 [INFO] WebApp:186 - Connection restablished
2024-11-07 22:51:23,468 [INFO] WebApp:189 - Connection lost
2024-11-07 22:51:23,636 [INFO] WebApp:186 - Connection restablished
2024-11-07 22:51:34,453 [INFO] WebApp:189 - Connection lost
2024-11-07 22:51:34,585 [INFO] WebApp:186 - Connection restablished
2024-11-07 22:52:38,983 [INFO] WebApp:189 - Connection lost
2024-11-07 22:52:39,129 [INFO] WebApp:186 - Connection restablished
2024-11-07 22:52:49,971 [INFO] WebApp:189 - Connection lost
2024-11-07 22:52:50,079 [INFO] WebApp:186 - Connection restablished
2024-11-07 22:53:54,981 [INFO] WebApp:189 - Connection lost
2024-11-07 22:53:55,133 [INFO] WebApp:186 - Connection restablished
2024-11-07 22:55:13,981 [INFO] WebApp:189 - Connection lost
2024-11-07 22:55:14,128 [INFO] WebApp:186 - Connection restablished
2024-11-07 22:55:24,978 [INFO] WebApp:189 - Connection lost
2024-11-07 22:55:25,094 [INFO] WebApp:186 - Connection restablished
2024-11-07 22:56:29,468 [INFO] WebApp:189 - Connection lost
2024-11-07 22:56:29,630 [INFO] WebApp:186 - Connection restablished
2024-11-07 22:59:31,996 [INFO] WebApp:189 - Connection lost
2024-11-07 22:59:32,172 [INFO] WebApp:186 - Connection restablished
2024-11-07 23:00:36,977 [INFO] WebApp:189 - Connection lost
2024-11-07 23:00:37,129 [INFO] WebApp:186 - Connection restablished
2024-11-07 23:01:41,965 [INFO] WebApp:189 - Connection lost
2024-11-07 23:01:42,114 [INFO] WebApp:186 - Connection restablished
2024-11-07 23:01:52,991 [INFO] WebApp:189 - Connection lost
2024-11-07 23:01:53,090 [INFO] WebApp:186 - Connection restablished
2024-11-07 23:04:55,470 [INFO] WebApp:189 - Connection lost
2024-11-07 23:04:55,624 [INFO] WebApp:186 - Connection restablished
2024-11-07 23:06:01,464 [INFO] WebApp:189 - Connection lost
2024-11-07 23:06:01,621 [INFO] WebApp:186 - Connection restablished
2024-11-07 23:07:06,468 [INFO] WebApp:189 - Connection lost
2024-11-07 23:07:06,611 [INFO] WebApp:186 - Connection restablished
2024-11-07 23:07:16,985 [INFO] WebApp:189 - Connection lost
2024-11-07 23:07:17,085 [INFO] WebApp:186 - Connection restablished
2024-11-07 23:08:22,030 [INFO] WebApp:189 - Connection lost
2024-11-07 23:08:22,191 [INFO] WebApp:186 - Connection restablished
2024-11-07 23:09:26,980 [INFO] WebApp:189 - Connection lost
2024-11-07 23:09:27,121 [INFO] WebApp:186 - Connection restablished
2024-11-07 23:10:31,978 [INFO] WebApp:189 - Connection lost
2024-11-07 23:10:32,126 [INFO] WebApp:186 - Connection restablished
2024-11-07 23:10:42,956 [INFO] WebApp:189 - Connection lost
2024-11-07 23:10:43,056 [INFO] WebApp:186 - Connection restablished
2024-11-07 23:12:08,468 [INFO] WebApp:189 - Connection lost
2024-11-07 23:12:08,624 [INFO] WebApp:186 - Connection restablished
2024-11-07 23:13:13,956 [INFO] WebApp:189 - Connection lost
2024-11-07 23:13:14,096 [INFO] WebApp:186 - Connection restablished
2024-11-07 23:14:18,986 [INFO] WebApp:189 - Connection lost
2024-11-07 23:14:19,149 [INFO] WebApp:186 - Connection restablished
2024-11-07 23:14:26,090 [INFO] MainUpdater:2873 - connection check result : 10
2024-11-07 23:14:26,090 [INFO] McuFinderGlobals:76 - Set McuFinderConnectedMode to true
2024-11-07 23:14:26,317 [INFO] ServerAccessManage:473 - Download File mcusAds.json._tmp_
2024-11-07 23:14:26,455 [INFO] LoadUrlFilesThread:156 - End of LoadUrlFiles Thread
2024-11-07 23:14:27,743 [INFO] ServerAccessManage:473 - Download File cube-finder-db.zip
2024-11-07 23:14:28,704 [INFO] FileExtend:240 - Unzip File : cube-finder-db.zip
2024-11-07 23:14:28,705 [INFO] FileExtend:255 - Standard Zip Deflate
2024-11-07 23:14:29,626 [INFO] LoadUrlFilesThread:156 - End of LoadUrlFiles Thread
2024-11-07 23:14:29,956 [INFO] WebApp:189 - Connection lost
2024-11-07 23:14:30,085 [INFO] WebApp:186 - Connection restablished
2024-11-07 23:14:30,530 [INFO] ServerAccessManage:473 - Download File crdb.zip
2024-11-07 23:14:31,586 [INFO] FileExtend:240 - Unzip File : crdb.zip
2024-11-07 23:14:31,587 [INFO] FileExtend:255 - Standard Zip Deflate
2024-11-07 23:14:31,747 [INFO] LoadUrlFilesThread:156 - End of LoadUrlFiles Thread
2024-11-07 23:14:33,028 [INFO] ServerAccessManage:473 - Download File tutoVideoDB.zip
2024-11-07 23:14:33,040 [INFO] FileExtend:240 - Unzip File : tutoVideoDB.zip
2024-11-07 23:14:33,041 [INFO] FileExtend:255 - Standard Zip Deflate
2024-11-07 23:14:33,171 [INFO] LoadUrlFilesThread:156 - End of LoadUrlFiles Thread
2024-11-07 23:14:33,179 [WARN] DbFile:41 - Overriding database path with different value: C:\Users\hsuankai.chang\.stmcufinder\plugins\mcufinder/ => C:\Users\hsuankai.chang\.stmcufinder\plugins\mcufinder
2024-11-07 23:14:33,861 [INFO] ServerAccessManage:473 - Download File api_config.json
2024-11-07 23:14:33,995 [INFO] LoadUrlFilesThread:156 - End of LoadUrlFiles Thread
2024-11-07 23:14:33,998 [INFO] DbMcusAds:53 - JSON generation date=Fri Sep 20 06:04:38 PDT 2024 (1726837478367)
2024-11-07 23:14:34,004 [INFO] ApiDb:448 - Save user favorites file C:\Users\hsuankai.chang/.stm32cubeide/favorites.mcus.txt: 0 item(s)
2024-11-07 23:14:34,005 [INFO] ApiDb:452 - User favorites MCUs=[]
2024-11-07 23:14:34,014 [INFO] ApiDb:581 - Connected to CubeFinder SQLite database (C:\Users\hsuankai.chang\.stmcufinder\plugins\mcufinder\mcu\cube-finder-db.db)
2024-11-07 23:14:34,153 [INFO] ApiDb:668 - CubeFinder database Data Model version=2.1
2024-11-07 23:14:34,153 [INFO] ApiDb:669 - CubeFinder database Configuration version=3.0.39
2024-11-07 23:14:34,153 [INFO] ApiDb:670 - CubeFinder database generation date=2024-10-15 (1729006872)
2024-11-07 23:14:34,153 [INFO] ApiDb:671 - CubeFinder database FW Pack versions=[FP-ATR-ASTRA1_V2.0.0, FP-SNS-FLIGHT1_V5.0.2, FP-SNS-MOTENV1_V5.0.0, FP-SNS-MOTENVWB1_V1.4.0, FP-SNS-SMARTAG2_V1.2.0, FP-SNS-STBOX1_V2.0.0, STM32Cube_FW_C0_V1.2.0, STM32Cube_FW_F4_V1.28.1, STM32Cube_FW_F7_V1.17.2, STM32Cube_FW_G0_V1.6.2, STM32Cube_FW_G4_V1.6.0, STM32Cube_FW_H5_V1.3.0, STM32Cube_FW_H7RS_V1.1.0, STM32Cube_FW_H7_V1.11.2, STM32Cube_FW_L0_V1.12.2, STM32Cube_FW_L5_V1.5.1, STM32Cube_FW_U0_V1.1.0, STM32Cube_FW_U5_V1.6.0, STM32Cube_FW_WB0_V1.0.0, STM32Cube_FW_WBA_V1.4.1, STM32Cube_FW_WB_V1.20.0, STM32Cube_FW_WL_V1.3.0, X-CUBE-ALGOBUILD_V1.4.0, X-CUBE-ALS_V1.0.2, X-CUBE-AZRTOS-F4_V1.1.0, X-CUBE-AZRTOS-F7_V1.1.0, X-CUBE-AZRTOS-G0_V1.1.0, X-CUBE-AZRTOS-G4_V2.0.0, X-CUBE-AZRTOS-H7RS_V1.0.0, X-CUBE-AZRTOS-H7_V3.3.0, X-CUBE-AZRTOS-L4_V2.0.0, X-CUBE-AZRTOS-L5_V2.0.0, X-CUBE-AZRTOS-WB_V2.0.0, X-CUBE-AZRTOS-WL_V2.0.0, X-CUBE-BLE1_V7.0.0, X-CUBE-BLE2_V3.3.0, X-CUBE-BLEMGR_V3.1.0, X-CUBE-EEPRMA1_V5.1.0, X-CUBE-FREERTOS_V1.2.0, X-CUBE-GNSS1_V6.0.0, X-CUBE-MEMS1_V11.0.0, X-CUBE-NFC4_V3.0.0, X-CUBE-NFC7_V1.0.1, X-CUBE-SFXS2LP1_V4.0.0, X-CUBE-SUBG2_V5.0.0, X-CUBE-TOF1_V3.4.2]
2024-11-07 23:14:36,633 [INFO] ApiDb:240 - Found 646 in-development CPN: [B-G473E-ZEST1S, B-WB1M-WPAN1, B-WL5M-SUBG1, NUCLEO-C031C6, NUCLEO-C071RB, NUCLEO-H503RB, NUCLEO-H533RE, NUCLEO-H563ZI, NUCLEO-H7S3L8, NUCLEO-U031R8, NUCLEO-U083RC, NUCLEO-U545RE-Q, NUCLEO-U5A5ZJ-Q, NUCLEO-WB05KZ, NUCLEO-WB07CC, NUCLEO-WB09KE, NUCLEO-WBA52CG, NUCLEO-WBA55CG, STEVAL-PROTEUS1, STEVAL-SMARTAG2, STEVAL-STWINBX1, STM320518-EVAL, STM32C0116-DK, STM32C011D6Y3TR, STM32C011D6Y6TR, STM32C011F4P3, STM32C011F4P6, STM32C011F4U3, STM32C011F4U6TR, STM32C011F6P3, STM32C011F6P6, STM32C011F6U3, STM32C011F6U6TR, STM32C011J4M3, STM32C011J4M6, STM32C011J6M3, STM32C011J6M6, STM32C0316-DK, STM32C031C4T3, STM32C031C4T6, STM32C031C4U3, STM32C031C4U6, STM32C031C6T3, STM32C031C6T6, STM32C031C6U3, STM32C031C6U6, STM32C031F4P3, STM32C031F4P6, STM32C031F6P3, STM32C031F6P6, STM32C031G4U3, STM32C031G4U6, STM32C031G6U3, STM32C031G6U6, STM32C031K4T3, STM32C031K4T6, STM32C031K4U3, STM32C031K4U6, STM32C031K6T3, STM32C031K6T6, STM32C031K6U3, STM32C031K6U6, STM32C071C8T6, STM32C071C8T6N, STM32C071C8U6, STM32C071C8U6N, STM32C071CBT6, STM32C071CBT6N, STM32C071CBU6, STM32C071CBU6N, STM32C071F8P6, STM32C071F8P6N, STM32C071FBP6, STM32C071FBP6N, STM32C071FBY6TR, STM32C071G8U6, STM32C071G8U6N, STM32C071GBU6, STM32C071GBU6N, STM32C071K8T6, STM32C071K8T6N, STM32C071K8U6, STM32C071K8U6N, STM32C071KBT6, STM32C071KBT6N, STM32C071KBU6, STM32C071KBU6N, STM32C071R8T6, STM32C071R8T6N, STM32C071RBI6N, STM32C071RBT6, STM32C071RBT6N, STM32G071K8TXN, STM32G071K8UXN, STM32G081GBU6N, STM32G081KBT6N, STM32G081KBUXN, STM32G0B1CCT6N, STM32G0B1KCT6, STM32G0B1NEY6TR, STM32G0B1RCT6N, STM32G0C1CCT6, STM32G0C1CCT6N, STM32G0C1CCU6N, STM32G0C1CET6N, STM32G0C1CEU6N, STM32G0C1KCT6, STM32G0C1NEY6TR, STM32G0C1RCI6N, STM32G0C1RCT6N, STM32G0C1REI6N, STM32G0C1RET6N, STM32G0C1VCI6, STM32G0C1VEI6, STM32G411C6T3, STM32G411C6T6, STM32G411C6U3, STM32G411C6U6, STM32G411C8T3, STM32G411C8T6, STM32G411C8U3, STM32G411C8U6, STM32G411CBT3, STM32G411CBT6, STM32G411CBU3, STM32G411CBU6, STM32G411K6T3, STM32G411K6T6, STM32G411K6U3, STM32G411K6U6, STM32G411K8T3, STM32G411K8T6, STM32G411K8U3, STM32G411K8U6, STM32G411KBT3, STM32G411KBT6, STM32G411KBU3, STM32G411KBU6, STM32G411M6T3, STM32G411M6T6, STM32G411M8T3, STM32G411M8T6, STM32G411MBT3, STM32G411MBT6, STM32G411R6T3, STM32G411R6T6, STM32G411R8T3, STM32G411R8T6, STM32G411RBT3, STM32G411RBT6, STM32G414CBT3, STM32G414CBT6, STM32G414CBU3, STM32G414CBU6, STM32G414CCT3, STM32G414CCT6, STM32G414CCU3, STM32G414CCU6, STM32G414MBT3, STM32G414MBT6, STM32G414MCT3, STM32G414MCT6, STM32G414RBT3, STM32G414RBT6, STM32G414RCT3, STM32G414RCT6, STM32G414VBT3, STM32G414VBT6, STM32G414VCT3, STM32G414VCT6, STM32G431CBT3Z, STM32G431RBT3Z, STM32G471CCT6, STM32G471CCU6, STM32G471CET3, STM32G471CET6, STM32G471CEU3, STM32G471CEU6, STM32G471MCT6, STM32G471MET3, STM32G471MET6, STM32G471MEY6TR, STM32G471QCT6, STM32G471QET3, STM32G471RCT6, STM32G471RET3, STM32G471RET6, STM32G471VCH6, STM32G471VCI6, STM32G471VCT6, STM32G471VEH3, STM32G471VEH6, STM32G471VEI3, STM32G471VEI6, STM32G471VET3, STM32G471VET6, STM32G473QET3Z, STM32G473RET3Z, STM32G474CCT6, STM32G491RET3Z, STM32H503CBT6, STM32H503CBU6, STM32H503EBY6TR, STM32H503KBU6, STM32H503RBT6, STM32H523CCT6, STM32H523CCU6, STM32H523CET6, STM32H523CEU6, STM32H523HEY6TR, STM32H523RCT6, STM32H523RET6, STM32H523VCI6, STM32H523VCT6, STM32H523VEI6, STM32H523VET6, STM32H523ZCJ6, STM32H523ZCT6, STM32H523ZEJ6, STM32H523ZET6, STM32H533CET6, STM32H533CEU6, STM32H533HEY6TR, STM32H533RET6, STM32H533VEI6, STM32H533VET6, STM32H533ZEJ6, STM32H533ZET6, STM32H562AGI6, STM32H562AII6, STM32H562IGK6, STM32H562IGT6, STM32H562IIK6, STM32H562IIT6, STM32H562RGT6, STM32H562RGV6, STM32H562RIT6, STM32H562RIV6, STM32H562VGT6, STM32H562VIT6, STM32H562ZGT6, STM32H562ZIT6, STM32H563AGI6, STM32H563AII3Q, STM32H563AII6, STM32H563IGK6, STM32H563IGT6, STM32H563IIK3Q, STM32H563IIK6, STM32H563IIT3Q, STM32H563IIT6, STM32H563MIY3QTR, STM32H563RGT6, STM32H563RGV6, STM32H563RIT6, STM32H563RIV6, STM32H563VGT6, STM32H563VIT3Q, STM32H563VIT6, STM32H563ZGT6, STM32H563ZIT3Q, STM32H563ZIT6, STM32H573AII3Q, STM32H573AII6, STM32H573I-DK, STM32H573IIK3Q, STM32H573IIK6, STM32H573IIT3Q, STM32H573IIT6, STM32H573MIY3QTR, STM32H573RIT6, STM32H573RIV6, STM32H573VIT3Q, STM32H573VIT6, STM32H573ZIT3Q, STM32H573ZIT6, STM32H7R3A8I6, STM32H7R3I8K6, STM32H7R3I8T6, STM32H7R3L8H6, STM32H7R3L8H6H, STM32H7R3R8V6, STM32H7R3V8H6, STM32H7R3V8T6, STM32H7R3V8Y6TR, STM32H7R3Z8J6, STM32H7R3Z8T6, STM32H7R7A8I6, STM32H7R7I8K6, STM32H7R7I8T6, STM32H7R7L8H6, STM32H7R7L8H6H, STM32H7R7Z8J6, STM32H7S3A8I6, STM32H7S3I8K6, STM32H7S3I8T6, STM32H7S3L8H6, STM32H7S3L8H6H, STM32H7S3R8V6, STM32H7S3V8H6, STM32H7S3V8T6, STM32H7S3V8Y6TR, STM32H7S3Z8J6, STM32H7S3Z8T6, STM32H7S78-DK, STM32H7S7A8I6, STM32H7S7I8K6, STM32H7S7I8T6, STM32H7S7L8H6, STM32H7S7L8H6H, STM32H7S7Z8J6, STM32L4R5QGI6STR, STM32MP131AAE3, STM32MP131AAF3, STM32MP131AAG3, STM32MP131CAE3, STM32MP131CAF3, STM32MP131CAG3, STM32MP131DAE7, STM32MP131DAF7, STM32MP131DAG7, STM32MP131FAE7, STM32MP131FAF7, STM32MP131FAG7, STM32MP133AAE3, STM32MP133AAF3, STM32MP133AAG3, STM32MP133CAE3, STM32MP133CAF3, STM32MP133CAG3, STM32MP133DAE7, STM32MP133DAF7, STM32MP133DAG7, STM32MP133FAE7, STM32MP133FAF7, STM32MP133FAG7, STM32MP135AAE3, STM32MP135AAF3, STM32MP135AAG3, STM32MP135CAE3, STM32MP135CAF3, STM32MP135CAG3, STM32MP135DAE7, STM32MP135DAF7, STM32MP135DAG7, STM32MP135F-DK, STM32MP135FAE7, STM32MP135FAF7, STM32MP135FAF7T, STM32MP135FAF7U, STM32MP135FAG7, STM32MP251AAI3, STM32MP251AAK3, STM32MP251AAL3, STM32MP251CAI3, STM32MP251CAK3, STM32MP251CAL3, STM32MP251DAI3, STM32MP251DAK3, STM32MP251DAL3, STM32MP251FAI3, STM32MP251FAK3, STM32MP251FAL3, STM32MP253AAI3, STM32MP253AAK3, STM32MP253AAL3, STM32MP253CAI3, STM32MP253CAK3, STM32MP253CAL3, STM32MP253DAI3, STM32MP253DAK3, STM32MP253DAL3, STM32MP253FAI3, STM32MP253FAK3, STM32MP253FAL3, STM32MP255AAI3, STM32MP255AAK3, STM32MP255AAL3, STM32MP255CAI3, STM32MP255CAK3, STM32MP255CAL3, STM32MP255DAI3, STM32MP255DAK3, STM32MP255DAL3, STM32MP255FAI3, STM32MP255FAK3, STM32MP255FAL3, STM32MP257AAI3, STM32MP257AAK3, STM32MP257AAL3, STM32MP257CAI3, STM32MP257CAK3, STM32MP257CAL3, STM32MP257DAI3, STM32MP257DAK3, STM32MP257DAL3, STM32MP257F-DK, STM32MP257F-EV1, STM32MP257FAI3, STM32MP257FAK3, STM32MP257FAL3, STM32U031C6T6, STM32U031C6U6, STM32U031C8T6, STM32U031C8U6, STM32U031F4P6, STM32U031F6P6, STM32U031F8P6, STM32U031G6Y6TR, STM32U031G8Y6TR, STM32U031K4U6, STM32U031K6U6, STM32U031K8U6, STM32U031R6I6, STM32U031R6T6, STM32U031R8I6, STM32U031R8T6, STM32U073C8T6, STM32U073C8U6, STM32U073CBT6, STM32U073CBU6, STM32U073CCT6, STM32U073CCU6, STM32U073H8Y6TR, STM32U073HBY6TR, STM32U073HCY6TR, STM32U073K8U6, STM32U073KBU6, STM32U073KCU6, STM32U073M8I6, STM32U073M8T6, STM32U073MBI6, STM32U073MBT6, STM32U073MCI6, STM32U073MCT6, STM32U073R8I6, STM32U073R8T6, STM32U073RBI6, STM32U073RBT6, STM32U073RCI6, STM32U073RCT6, STM32U083C-DK, STM32U083CCT6, STM32U083CCU6, STM32U083HCY6TR, STM32U083KCU6, STM32U083MCI6, STM32U083MCT6, STM32U083RCI6, STM32U083RCT6, STM32U535CBT6, STM32U535CBT6Q, STM32U535CBU6, STM32U535CBU6Q, STM32U535CCT6, STM32U535CCT6Q, STM32U535CCU6, STM32U535CCU6Q, STM32U535CET6, STM32U535CET6Q, STM32U535CEU6, STM32U535CEU6Q, STM32U535JEY6QTR, STM32U535NCY6QTR, STM32U535NEY6QTR, STM32U535RBI6, STM32U535RBI6Q, STM32U535RBT6, STM32U535RBT6Q, STM32U535RCI6, STM32U535RCI6Q, STM32U535RCT6, STM32U535RCT6Q, STM32U535REI6, STM32U535REI6Q, STM32U535RET6, STM32U535RET6Q, STM32U535VCI6, STM32U535VCI6Q, STM32U535VCT6, STM32U535VCT6Q, STM32U535VEI6, STM32U535VEI6Q, STM32U535VET6, STM32U535VET6Q, STM32U545CET6, STM32U545CET6Q, STM32U545CEU6, STM32U545CEU6Q, STM32U545JEY6QTR, STM32U545NEY6QTR, STM32U545REI6, STM32U545REI6Q, STM32U545RET6, STM32U545RET6Q, STM32U545VEI6, STM32U545VEI6Q, STM32U545VET6, STM32U545VET6Q, STM32U595AIH6, STM32U595AIH6Q, STM32U595AJH6, STM32U595AJH6Q, STM32U595QII6, STM32U595QII6Q, STM32U595QJI6, STM32U595QJI6Q, STM32U595RIT6, STM32U595RIT6Q, STM32U595RJT6, STM32U595RJT6Q, STM32U595VIT6, STM32U595VIT6Q, STM32U595VJT6, STM32U595VJT6Q, STM32U595ZIT6, STM32U595ZIT6Q, STM32U595ZIY6QTR, STM32U595ZJT6, STM32U595ZJT6Q, STM32U595ZJY6QTR, STM32U599BJY6QTR, STM32U599NIH6Q, STM32U599NJH6Q, STM32U599VIT6Q, STM32U599VJT6, STM32U599VJT6Q, STM32U599ZIT6Q, STM32U599ZIY6QTR, STM32U599ZJT6Q, STM32U599ZJY6QTR, STM32U5A5AJH6, STM32U5A5AJH6Q, STM32U5A5QII3Q , STM32U5A5QJI6, STM32U5A5QJI6Q, STM32U5A5RJT6, STM32U5A5RJT6Q, STM32U5A5VJT6, STM32U5A5VJT6Q, STM32U5A5ZJT6, STM32U5A5ZJT6Q, STM32U5A5ZJY6QTR, STM32U5A9BJY6QTR, STM32U5A9J-DK, STM32U5A9NJH6Q, STM32U5A9VJT6Q, STM32U5A9ZJT6Q, STM32U5A9ZJY6QTR, STM32U5F7VIT6, STM32U5F7VIT6Q, STM32U5F7VJT6, STM32U5F7VJT6Q, STM32U5F9BJY6QTR, STM32U5F9NJH6Q, STM32U5F9VIT6Q, STM32U5F9VJT6Q, STM32U5F9ZIJ6QTR, STM32U5F9ZIT6Q, STM32U5F9ZJJ6QTR, STM32U5F9ZJT6Q, STM32U5G7VJT6, STM32U5G7VJT6Q, STM32U5G9BJY6QTR, STM32U5G9J-DK1, STM32U5G9J-DK2, STM32U5G9NJH6Q, STM32U5G9VJT6Q, STM32U5G9ZJJ6QTR, STM32U5G9ZJT6Q, STM32WB05KZV6TR, STM32WB05KZV7TR, STM32WB05TZF6TR, STM32WB05TZF7TR, STM32WB06CCF6TR, STM32WB06CCF7TR, STM32WB06CCV6TR, STM32WB06CCV7TR, STM32WB06KCV6TR, STM32WB06KCV7TR, STM32WB07CCF6TR, STM32WB07CCF7TR, STM32WB07CCV6TR, STM32WB07CCV7TR, STM32WB07KCV6TR, STM32WB07KCV7TR, STM32WB09KEV6TR, STM32WB09KEV7TR, STM32WB09TEF6TR, STM32WB09TEF7TR, STM32WB1MMCH6, STM32WBA50KGU6, STM32WBA50KGU6TR, STM32WBA52CEU6, STM32WBA52CEU6TR, STM32WBA52CEU7, STM32WBA52CEU7TR, STM32WBA52CGU6, STM32WBA52CGU6TR, STM32WBA52CGU6U, STM32WBA52CGU7, STM32WBA52CGU7TR, STM32WBA52KEU6, STM32WBA52KEU6TR, STM32WBA52KGU6, STM32WBA52KGU6TR, STM32WBA54CEU6, STM32WBA54CEU6TR, STM32WBA54CEU7, STM32WBA54CEU7TR, STM32WBA54CGU6, STM32WBA54CGU6TR, STM32WBA54CGU7, STM32WBA54CGU7TR, STM32WBA54KEU6, STM32WBA54KEU6TR, STM32WBA54KEU7, STM32WBA54KEU7TR, STM32WBA54KGU6, STM32WBA54KGU6TR, STM32WBA54KGU7, STM32WBA54KGU7TR, STM32WBA55CEU6, STM32WBA55CEU6TR, STM32WBA55CEU7, STM32WBA55CEU7TR, STM32WBA55CGU6, STM32WBA55CGU6TR, STM32WBA55CGU6U, STM32WBA55CGU7, STM32WBA55CGU7TR, STM32WBA55G-DK1, STM32WBA55HEF6, STM32WBA55HEF7, STM32WBA55HGF6, STM32WBA55HGF7, STM32WBA55UEI6, STM32WBA55UEI6TR, STM32WBA55UEI7, STM32WBA55UEI7TR, STM32WBA55UGI6, STM32WBA55UGI6TR, STM32WBA55UGI7, STM32WBA55UGI7TR, STM32WL5MOCH6, STM32WL5MOCH6TR]
2024-11-07 23:14:36,638 [INFO] DbMcus:218 - Found 4252 MCUs, 4252 are supported
2024-11-07 23:14:36,638 [INFO] ApiDb:423 - Load user favorites file C:\Users\hsuankai.chang/.stm32cubeide/favorites.mcus.txt: 0 item(s)
2024-11-07 23:14:36,639 [INFO] ApiDb:427 - User favorites MCUs=[]
2024-11-07 23:14:36,639 [INFO] DbMcus:224 - Set 0 / 0 favorites MCUs
2024-11-07 23:14:37,032 [INFO] ApiDb:448 - Save user favorites file C:\Users\hsuankai.chang/.stm32cubeide/favorites.boards.txt: 2 item(s)
2024-11-07 23:14:37,032 [INFO] ApiDb:452 - User favorites Boards=[B-L462E-CELL1, B-L475E-IOT01A2]
2024-11-07 23:14:37,034 [INFO] ApiDb:581 - Connected to CubeFinder SQLite database (C:\Users\hsuankai.chang\.stmcufinder\plugins\mcufinder\mcu\cube-finder-db.db)
2024-11-07 23:14:37,158 [INFO] ApiDb:668 - CubeFinder database Data Model version=2.1
2024-11-07 23:14:37,158 [INFO] ApiDb:669 - CubeFinder database Configuration version=3.0.39
2024-11-07 23:14:37,158 [INFO] ApiDb:670 - CubeFinder database generation date=2024-10-15 (1729006872)
2024-11-07 23:14:37,158 [INFO] ApiDb:671 - CubeFinder database FW Pack versions=[FP-ATR-ASTRA1_V2.0.0, FP-SNS-FLIGHT1_V5.0.2, FP-SNS-MOTENV1_V5.0.0, FP-SNS-MOTENVWB1_V1.4.0, FP-SNS-SMARTAG2_V1.2.0, FP-SNS-STBOX1_V2.0.0, STM32Cube_FW_C0_V1.2.0, STM32Cube_FW_F4_V1.28.1, STM32Cube_FW_F7_V1.17.2, STM32Cube_FW_G0_V1.6.2, STM32Cube_FW_G4_V1.6.0, STM32Cube_FW_H5_V1.3.0, STM32Cube_FW_H7RS_V1.1.0, STM32Cube_FW_H7_V1.11.2, STM32Cube_FW_L0_V1.12.2, STM32Cube_FW_L5_V1.5.1, STM32Cube_FW_U0_V1.1.0, STM32Cube_FW_U5_V1.6.0, STM32Cube_FW_WB0_V1.0.0, STM32Cube_FW_WBA_V1.4.1, STM32Cube_FW_WB_V1.20.0, STM32Cube_FW_WL_V1.3.0, X-CUBE-ALGOBUILD_V1.4.0, X-CUBE-ALS_V1.0.2, X-CUBE-AZRTOS-F4_V1.1.0, X-CUBE-AZRTOS-F7_V1.1.0, X-CUBE-AZRTOS-G0_V1.1.0, X-CUBE-AZRTOS-G4_V2.0.0, X-CUBE-AZRTOS-H7RS_V1.0.0, X-CUBE-AZRTOS-H7_V3.3.0, X-CUBE-AZRTOS-L4_V2.0.0, X-CUBE-AZRTOS-L5_V2.0.0, X-CUBE-AZRTOS-WB_V2.0.0, X-CUBE-AZRTOS-WL_V2.0.0, X-CUBE-BLE1_V7.0.0, X-CUBE-BLE2_V3.3.0, X-CUBE-BLEMGR_V3.1.0, X-CUBE-EEPRMA1_V5.1.0, X-CUBE-FREERTOS_V1.2.0, X-CUBE-GNSS1_V6.0.0, X-CUBE-MEMS1_V11.0.0, X-CUBE-NFC4_V3.0.0, X-CUBE-NFC7_V1.0.1, X-CUBE-SFXS2LP1_V4.0.0, X-CUBE-SUBG2_V5.0.0, X-CUBE-TOF1_V3.4.2]
2024-11-07 23:14:37,243 [INFO] DbBoardsSqlite:226 - include board P-NUCLEO-WB55-NUCLEO as a kit item of type 'Nucleo-64'
2024-11-07 23:14:37,243 [INFO] DbBoardsSqlite:226 - include board P-NUCLEO-WB55-USBDONGLE as a kit item of type 'Nucleo USB Dongle'
2024-11-07 23:14:37,244 [INFO] DbBoardsSqlite:226 - include board STEVAL-IDP005V1 as a kit item of type 'Evaluation Board'
2024-11-07 23:14:37,244 [INFO] DbBoardsSqlite:226 - include board STEVAL-IDP005V2 as a kit item of type 'Evaluation Board'
2024-11-07 23:14:37,341 [INFO] ApiDb:240 - Found 646 in-development CPN: [B-G473E-ZEST1S, B-WB1M-WPAN1, B-WL5M-SUBG1, NUCLEO-C031C6, NUCLEO-C071RB, NUCLEO-H503RB, NUCLEO-H533RE, NUCLEO-H563ZI, NUCLEO-H7S3L8, NUCLEO-U031R8, NUCLEO-U083RC, NUCLEO-U545RE-Q, NUCLEO-U5A5ZJ-Q, NUCLEO-WB05KZ, NUCLEO-WB07CC, NUCLEO-WB09KE, NUCLEO-WBA52CG, NUCLEO-WBA55CG, STEVAL-PROTEUS1, STEVAL-SMARTAG2, STEVAL-STWINBX1, STM320518-EVAL, STM32C0116-DK, STM32C011D6Y3TR, STM32C011D6Y6TR, STM32C011F4P3, STM32C011F4P6, STM32C011F4U3, STM32C011F4U6TR, STM32C011F6P3, STM32C011F6P6, STM32C011F6U3, STM32C011F6U6TR, STM32C011J4M3, STM32C011J4M6, STM32C011J6M3, STM32C011J6M6, STM32C0316-DK, STM32C031C4T3, STM32C031C4T6, STM32C031C4U3, STM32C031C4U6, STM32C031C6T3, STM32C031C6T6, STM32C031C6U3, STM32C031C6U6, STM32C031F4P3, STM32C031F4P6, STM32C031F6P3, STM32C031F6P6, STM32C031G4U3, STM32C031G4U6, STM32C031G6U3, STM32C031G6U6, STM32C031K4T3, STM32C031K4T6, STM32C031K4U3, STM32C031K4U6, STM32C031K6T3, STM32C031K6T6, STM32C031K6U3, STM32C031K6U6, STM32C071C8T6, STM32C071C8T6N, STM32C071C8U6, STM32C071C8U6N, STM32C071CBT6, STM32C071CBT6N, STM32C071CBU6, STM32C071CBU6N, STM32C071F8P6, STM32C071F8P6N, STM32C071FBP6, STM32C071FBP6N, STM32C071FBY6TR, STM32C071G8U6, STM32C071G8U6N, STM32C071GBU6, STM32C071GBU6N, STM32C071K8T6, STM32C071K8T6N, STM32C071K8U6, STM32C071K8U6N, STM32C071KBT6, STM32C071KBT6N, STM32C071KBU6, STM32C071KBU6N, STM32C071R8T6, STM32C071R8T6N, STM32C071RBI6N, STM32C071RBT6, STM32C071RBT6N, STM32G071K8TXN, STM32G071K8UXN, STM32G081GBU6N, STM32G081KBT6N, STM32G081KBUXN, STM32G0B1CCT6N, STM32G0B1KCT6, STM32G0B1NEY6TR, STM32G0B1RCT6N, STM32G0C1CCT6, STM32G0C1CCT6N, STM32G0C1CCU6N, STM32G0C1CET6N, STM32G0C1CEU6N, STM32G0C1KCT6, STM32G0C1NEY6TR, STM32G0C1RCI6N, STM32G0C1RCT6N, STM32G0C1REI6N, STM32G0C1RET6N, STM32G0C1VCI6, STM32G0C1VEI6, STM32G411C6T3, STM32G411C6T6, STM32G411C6U3, STM32G411C6U6, STM32G411C8T3, STM32G411C8T6, STM32G411C8U3, STM32G411C8U6, STM32G411CBT3, STM32G411CBT6, STM32G411CBU3, STM32G411CBU6, STM32G411K6T3, STM32G411K6T6, STM32G411K6U3, STM32G411K6U6, STM32G411K8T3, STM32G411K8T6, STM32G411K8U3, STM32G411K8U6, STM32G411KBT3, STM32G411KBT6, STM32G411KBU3, STM32G411KBU6, STM32G411M6T3, STM32G411M6T6, STM32G411M8T3, STM32G411M8T6, STM32G411MBT3, STM32G411MBT6, STM32G411R6T3, STM32G411R6T6, STM32G411R8T3, STM32G411R8T6, STM32G411RBT3, STM32G411RBT6, STM32G414CBT3, STM32G414CBT6, STM32G414CBU3, STM32G414CBU6, STM32G414CCT3, STM32G414CCT6, STM32G414CCU3, STM32G414CCU6, STM32G414MBT3, STM32G414MBT6, STM32G414MCT3, STM32G414MCT6, STM32G414RBT3, STM32G414RBT6, STM32G414RCT3, STM32G414RCT6, STM32G414VBT3, STM32G414VBT6, STM32G414VCT3, STM32G414VCT6, STM32G431CBT3Z, STM32G431RBT3Z, STM32G471CCT6, STM32G471CCU6, STM32G471CET3, STM32G471CET6, STM32G471CEU3, STM32G471CEU6, STM32G471MCT6, STM32G471MET3, STM32G471MET6, STM32G471MEY6TR, STM32G471QCT6, STM32G471QET3, STM32G471RCT6, STM32G471RET3, STM32G471RET6, STM32G471VCH6, STM32G471VCI6, STM32G471VCT6, STM32G471VEH3, STM32G471VEH6, STM32G471VEI3, STM32G471VEI6, STM32G471VET3, STM32G471VET6, STM32G473QET3Z, STM32G473RET3Z, STM32G474CCT6, STM32G491RET3Z, STM32H503CBT6, STM32H503CBU6, STM32H503EBY6TR, STM32H503KBU6, STM32H503RBT6, STM32H523CCT6, STM32H523CCU6, STM32H523CET6, STM32H523CEU6, STM32H523HEY6TR, STM32H523RCT6, STM32H523RET6, STM32H523VCI6, STM32H523VCT6, STM32H523VEI6, STM32H523VET6, STM32H523ZCJ6, STM32H523ZCT6, STM32H523ZEJ6, STM32H523ZET6, STM32H533CET6, STM32H533CEU6, STM32H533HEY6TR, STM32H533RET6, STM32H533VEI6, STM32H533VET6, STM32H533ZEJ6, STM32H533ZET6, STM32H562AGI6, STM32H562AII6, STM32H562IGK6, STM32H562IGT6, STM32H562IIK6, STM32H562IIT6, STM32H562RGT6, STM32H562RGV6, STM32H562RIT6, STM32H562RIV6, STM32H562VGT6, STM32H562VIT6, STM32H562ZGT6, STM32H562ZIT6, STM32H563AGI6, STM32H563AII3Q, STM32H563AII6, STM32H563IGK6, STM32H563IGT6, STM32H563IIK3Q, STM32H563IIK6, STM32H563IIT3Q, STM32H563IIT6, STM32H563MIY3QTR, STM32H563RGT6, STM32H563RGV6, STM32H563RIT6, STM32H563RIV6, STM32H563VGT6, STM32H563VIT3Q, STM32H563VIT6, STM32H563ZGT6, STM32H563ZIT3Q, STM32H563ZIT6, STM32H573AII3Q, STM32H573AII6, STM32H573I-DK, STM32H573IIK3Q, STM32H573IIK6, STM32H573IIT3Q, STM32H573IIT6, STM32H573MIY3QTR, STM32H573RIT6, STM32H573RIV6, STM32H573VIT3Q, STM32H573VIT6, STM32H573ZIT3Q, STM32H573ZIT6, STM32H7R3A8I6, STM32H7R3I8K6, STM32H7R3I8T6, STM32H7R3L8H6, STM32H7R3L8H6H, STM32H7R3R8V6, STM32H7R3V8H6, STM32H7R3V8T6, STM32H7R3V8Y6TR, STM32H7R3Z8J6, STM32H7R3Z8T6, STM32H7R7A8I6, STM32H7R7I8K6, STM32H7R7I8T6, STM32H7R7L8H6, STM32H7R7L8H6H, STM32H7R7Z8J6, STM32H7S3A8I6, STM32H7S3I8K6, STM32H7S3I8T6, STM32H7S3L8H6, STM32H7S3L8H6H, STM32H7S3R8V6, STM32H7S3V8H6, STM32H7S3V8T6, STM32H7S3V8Y6TR, STM32H7S3Z8J6, STM32H7S3Z8T6, STM32H7S78-DK, STM32H7S7A8I6, STM32H7S7I8K6, STM32H7S7I8T6, STM32H7S7L8H6, STM32H7S7L8H6H, STM32H7S7Z8J6, STM32L4R5QGI6STR, STM32MP131AAE3, STM32MP131AAF3, STM32MP131AAG3, STM32MP131CAE3, STM32MP131CAF3, STM32MP131CAG3, STM32MP131DAE7, STM32MP131DAF7, STM32MP131DAG7, STM32MP131FAE7, STM32MP131FAF7, STM32MP131FAG7, STM32MP133AAE3, STM32MP133AAF3, STM32MP133AAG3, STM32MP133CAE3, STM32MP133CAF3, STM32MP133CAG3, STM32MP133DAE7, STM32MP133DAF7, STM32MP133DAG7, STM32MP133FAE7, STM32MP133FAF7, STM32MP133FAG7, STM32MP135AAE3, STM32MP135AAF3, STM32MP135AAG3, STM32MP135CAE3, STM32MP135CAF3, STM32MP135CAG3, STM32MP135DAE7, STM32MP135DAF7, STM32MP135DAG7, STM32MP135F-DK, STM32MP135FAE7, STM32MP135FAF7, STM32MP135FAF7T, STM32MP135FAF7U, STM32MP135FAG7, STM32MP251AAI3, STM32MP251AAK3, STM32MP251AAL3, STM32MP251CAI3, STM32MP251CAK3, STM32MP251CAL3, STM32MP251DAI3, STM32MP251DAK3, STM32MP251DAL3, STM32MP251FAI3, STM32MP251FAK3, STM32MP251FAL3, STM32MP253AAI3, STM32MP253AAK3, STM32MP253AAL3, STM32MP253CAI3, STM32MP253CAK3, STM32MP253CAL3, STM32MP253DAI3, STM32MP253DAK3, STM32MP253DAL3, STM32MP253FAI3, STM32MP253FAK3, STM32MP253FAL3, STM32MP255AAI3, STM32MP255AAK3, STM32MP255AAL3, STM32MP255CAI3, STM32MP255CAK3, STM32MP255CAL3, STM32MP255DAI3, STM32MP255DAK3, STM32MP255DAL3, STM32MP255FAI3, STM32MP255FAK3, STM32MP255FAL3, STM32MP257AAI3, STM32MP257AAK3, STM32MP257AAL3, STM32MP257CAI3, STM32MP257CAK3, STM32MP257CAL3, STM32MP257DAI3, STM32MP257DAK3, STM32MP257DAL3, STM32MP257F-DK, STM32MP257F-EV1, STM32MP257FAI3, STM32MP257FAK3, STM32MP257FAL3, STM32U031C6T6, STM32U031C6U6, STM32U031C8T6, STM32U031C8U6, STM32U031F4P6, STM32U031F6P6, STM32U031F8P6, STM32U031G6Y6TR, STM32U031G8Y6TR, STM32U031K4U6, STM32U031K6U6, STM32U031K8U6, STM32U031R6I6, STM32U031R6T6, STM32U031R8I6, STM32U031R8T6, STM32U073C8T6, STM32U073C8U6, STM32U073CBT6, STM32U073CBU6, STM32U073CCT6, STM32U073CCU6, STM32U073H8Y6TR, STM32U073HBY6TR, STM32U073HCY6TR, STM32U073K8U6, STM32U073KBU6, STM32U073KCU6, STM32U073M8I6, STM32U073M8T6, STM32U073MBI6, STM32U073MBT6, STM32U073MCI6, STM32U073MCT6, STM32U073R8I6, STM32U073R8T6, STM32U073RBI6, STM32U073RBT6, STM32U073RCI6, STM32U073RCT6, STM32U083C-DK, STM32U083CCT6, STM32U083CCU6, STM32U083HCY6TR, STM32U083KCU6, STM32U083MCI6, STM32U083MCT6, STM32U083RCI6, STM32U083RCT6, STM32U535CBT6, STM32U535CBT6Q, STM32U535CBU6, STM32U535CBU6Q, STM32U535CCT6, STM32U535CCT6Q, STM32U535CCU6, STM32U535CCU6Q, STM32U535CET6, STM32U535CET6Q, STM32U535CEU6, STM32U535CEU6Q, STM32U535JEY6QTR, STM32U535NCY6QTR, STM32U535NEY6QTR, STM32U535RBI6, STM32U535RBI6Q, STM32U535RBT6, STM32U535RBT6Q, STM32U535RCI6, STM32U535RCI6Q, STM32U535RCT6, STM32U535RCT6Q, STM32U535REI6, STM32U535REI6Q, STM32U535RET6, STM32U535RET6Q, STM32U535VCI6, STM32U535VCI6Q, STM32U535VCT6, STM32U535VCT6Q, STM32U535VEI6, STM32U535VEI6Q, STM32U535VET6, STM32U535VET6Q, STM32U545CET6, STM32U545CET6Q, STM32U545CEU6, STM32U545CEU6Q, STM32U545JEY6QTR, STM32U545NEY6QTR, STM32U545REI6, STM32U545REI6Q, STM32U545RET6, STM32U545RET6Q, STM32U545VEI6, STM32U545VEI6Q, STM32U545VET6, STM32U545VET6Q, STM32U595AIH6, STM32U595AIH6Q, STM32U595AJH6, STM32U595AJH6Q, STM32U595QII6, STM32U595QII6Q, STM32U595QJI6, STM32U595QJI6Q, STM32U595RIT6, STM32U595RIT6Q, STM32U595RJT6, STM32U595RJT6Q, STM32U595VIT6, STM32U595VIT6Q, STM32U595VJT6, STM32U595VJT6Q, STM32U595ZIT6, STM32U595ZIT6Q, STM32U595ZIY6QTR, STM32U595ZJT6, STM32U595ZJT6Q, STM32U595ZJY6QTR, STM32U599BJY6QTR, STM32U599NIH6Q, STM32U599NJH6Q, STM32U599VIT6Q, STM32U599VJT6, STM32U599VJT6Q, STM32U599ZIT6Q, STM32U599ZIY6QTR, STM32U599ZJT6Q, STM32U599ZJY6QTR, STM32U5A5AJH6, STM32U5A5AJH6Q, STM32U5A5QII3Q , STM32U5A5QJI6, STM32U5A5QJI6Q, STM32U5A5RJT6, STM32U5A5RJT6Q, STM32U5A5VJT6, STM32U5A5VJT6Q, STM32U5A5ZJT6, STM32U5A5ZJT6Q, STM32U5A5ZJY6QTR, STM32U5A9BJY6QTR, STM32U5A9J-DK, STM32U5A9NJH6Q, STM32U5A9VJT6Q, STM32U5A9ZJT6Q, STM32U5A9ZJY6QTR, STM32U5F7VIT6, STM32U5F7VIT6Q, STM32U5F7VJT6, STM32U5F7VJT6Q, STM32U5F9BJY6QTR, STM32U5F9NJH6Q, STM32U5F9VIT6Q, STM32U5F9VJT6Q, STM32U5F9ZIJ6QTR, STM32U5F9ZIT6Q, STM32U5F9ZJJ6QTR, STM32U5F9ZJT6Q, STM32U5G7VJT6, STM32U5G7VJT6Q, STM32U5G9BJY6QTR, STM32U5G9J-DK1, STM32U5G9J-DK2, STM32U5G9NJH6Q, STM32U5G9VJT6Q, STM32U5G9ZJJ6QTR, STM32U5G9ZJT6Q, STM32WB05KZV6TR, STM32WB05KZV7TR, STM32WB05TZF6TR, STM32WB05TZF7TR, STM32WB06CCF6TR, STM32WB06CCF7TR, STM32WB06CCV6TR, STM32WB06CCV7TR, STM32WB06KCV6TR, STM32WB06KCV7TR, STM32WB07CCF6TR, STM32WB07CCF7TR, STM32WB07CCV6TR, STM32WB07CCV7TR, STM32WB07KCV6TR, STM32WB07KCV7TR, STM32WB09KEV6TR, STM32WB09KEV7TR, STM32WB09TEF6TR, STM32WB09TEF7TR, STM32WB1MMCH6, STM32WBA50KGU6, STM32WBA50KGU6TR, STM32WBA52CEU6, STM32WBA52CEU6TR, STM32WBA52CEU7, STM32WBA52CEU7TR, STM32WBA52CGU6, STM32WBA52CGU6TR, STM32WBA52CGU6U, STM32WBA52CGU7, STM32WBA52CGU7TR, STM32WBA52KEU6, STM32WBA52KEU6TR, STM32WBA52KGU6, STM32WBA52KGU6TR, STM32WBA54CEU6, STM32WBA54CEU6TR, STM32WBA54CEU7, STM32WBA54CEU7TR, STM32WBA54CGU6, STM32WBA54CGU6TR, STM32WBA54CGU7, STM32WBA54CGU7TR, STM32WBA54KEU6, STM32WBA54KEU6TR, STM32WBA54KEU7, STM32WBA54KEU7TR, STM32WBA54KGU6, STM32WBA54KGU6TR, STM32WBA54KGU7, STM32WBA54KGU7TR, STM32WBA55CEU6, STM32WBA55CEU6TR, STM32WBA55CEU7, STM32WBA55CEU7TR, STM32WBA55CGU6, STM32WBA55CGU6TR, STM32WBA55CGU6U, STM32WBA55CGU7, STM32WBA55CGU7TR, STM32WBA55G-DK1, STM32WBA55HEF6, STM32WBA55HEF7, STM32WBA55HGF6, STM32WBA55HGF7, STM32WBA55UEI6, STM32WBA55UEI6TR, STM32WBA55UEI7, STM32WBA55UEI7TR, STM32WBA55UGI6, STM32WBA55UGI6TR, STM32WBA55UGI7, STM32WBA55UGI7TR, STM32WL5MOCH6, STM32WL5MOCH6TR]
2024-11-07 23:14:37,633 [INFO] BoardInfo:889 - No configuration file found for board P-NUCLEO-WB55
2024-11-07 23:14:37,634 [INFO] DbBoards:161 - Kit is not supported: P-NUCLEO-WB55
2024-11-07 23:14:37,645 [INFO] BoardInfo:889 - No configuration file found for board STEVAL-BFA001V1B
2024-11-07 23:14:37,646 [INFO] DbBoards:161 - Kit is not supported: STEVAL-BFA001V1B
2024-11-07 23:14:37,648 [INFO] BoardInfo:889 - No configuration file found for board STEVAL-BFA001V2B
2024-11-07 23:14:37,649 [INFO] DbBoards:161 - Kit is not supported: STEVAL-BFA001V2B
2024-11-07 23:14:37,970 [INFO] DbBoards:168 - Found 201 boards, 198 are supported
2024-11-07 23:14:37,970 [INFO] DbBoards:169 - Found 201 boards, 25 of them is supported for  Bsp
2024-11-07 23:14:37,972 [INFO] ApiDb:423 - Load user favorites file C:\Users\hsuankai.chang/.stm32cubeide/favorites.boards.txt: 2 item(s)
2024-11-07 23:14:37,972 [INFO] ApiDb:427 - User favorites Boards=[B-L462E-CELL1, B-L475E-IOT01A2]
2024-11-07 23:14:37,972 [INFO] DbBoards:198 - Set 2 / 2 favorites Boards
2024-11-07 23:14:38,002 [INFO] LoadUrlFilesThread:185 - End of LoadServerUrlFiles without Thread
2024-11-07 23:14:38,002 [INFO] TargetSelectorAdapter:259 - Refresh data is successful
2024-11-07 23:14:38,006 [INFO] ApiDb:668 - CubeFinder database Data Model version=2.1
2024-11-07 23:14:38,006 [INFO] ApiDb:669 - CubeFinder database Configuration version=3.0.39
2024-11-07 23:14:38,006 [INFO] ApiDb:670 - CubeFinder database generation date=2024-10-15 (1729006872)
2024-11-07 23:14:38,006 [INFO] ApiDb:671 - CubeFinder database FW Pack versions=[FP-ATR-ASTRA1_V2.0.0, FP-SNS-FLIGHT1_V5.0.2, FP-SNS-MOTENV1_V5.0.0, FP-SNS-MOTENVWB1_V1.4.0, FP-SNS-SMARTAG2_V1.2.0, FP-SNS-STBOX1_V2.0.0, STM32Cube_FW_C0_V1.2.0, STM32Cube_FW_F4_V1.28.1, STM32Cube_FW_F7_V1.17.2, STM32Cube_FW_G0_V1.6.2, STM32Cube_FW_G4_V1.6.0, STM32Cube_FW_H5_V1.3.0, STM32Cube_FW_H7RS_V1.1.0, STM32Cube_FW_H7_V1.11.2, STM32Cube_FW_L0_V1.12.2, STM32Cube_FW_L5_V1.5.1, STM32Cube_FW_U0_V1.1.0, STM32Cube_FW_U5_V1.6.0, STM32Cube_FW_WB0_V1.0.0, STM32Cube_FW_WBA_V1.4.1, STM32Cube_FW_WB_V1.20.0, STM32Cube_FW_WL_V1.3.0, X-CUBE-ALGOBUILD_V1.4.0, X-CUBE-ALS_V1.0.2, X-CUBE-AZRTOS-F4_V1.1.0, X-CUBE-AZRTOS-F7_V1.1.0, X-CUBE-AZRTOS-G0_V1.1.0, X-CUBE-AZRTOS-G4_V2.0.0, X-CUBE-AZRTOS-H7RS_V1.0.0, X-CUBE-AZRTOS-H7_V3.3.0, X-CUBE-AZRTOS-L4_V2.0.0, X-CUBE-AZRTOS-L5_V2.0.0, X-CUBE-AZRTOS-WB_V2.0.0, X-CUBE-AZRTOS-WL_V2.0.0, X-CUBE-BLE1_V7.0.0, X-CUBE-BLE2_V3.3.0, X-CUBE-BLEMGR_V3.1.0, X-CUBE-EEPRMA1_V5.1.0, X-CUBE-FREERTOS_V1.2.0, X-CUBE-GNSS1_V6.0.0, X-CUBE-MEMS1_V11.0.0, X-CUBE-NFC4_V3.0.0, X-CUBE-NFC7_V1.0.1, X-CUBE-SFXS2LP1_V4.0.0, X-CUBE-SUBG2_V5.0.0, X-CUBE-TOF1_V3.4.2]
2024-11-07 23:14:39,068 [ERROR] DbExamplesSqlite:437 - Missing JSON key: board_cpn
2024-11-07 23:14:39,069 [ERROR] DbExamplesSqlite:437 - Missing JSON key: board_cpn
2024-11-07 23:14:39,069 [ERROR] DbExamplesSqlite:437 - Missing JSON key: board_cpn
2024-11-07 23:14:39,069 [ERROR] DbExamplesSqlite:437 - Missing JSON key: board_cpn
2024-11-07 23:14:39,249 [ERROR] DbExamplesSqlite:437 - Missing JSON key: board_cpn
2024-11-07 23:14:39,249 [ERROR] DbExamplesSqlite:437 - Missing JSON key: board_cpn
2024-11-07 23:14:39,250 [ERROR] DbExamplesSqlite:437 - Missing JSON key: board_cpn
2024-11-07 23:14:39,250 [ERROR] DbExamplesSqlite:437 - Missing JSON key: board_cpn
2024-11-07 23:14:39,251 [ERROR] DbExamplesSqlite:437 - Missing JSON key: board_cpn
2024-11-07 23:14:39,251 [ERROR] DbExamplesSqlite:437 - Missing JSON key: board_cpn
2024-11-07 23:14:39,251 [ERROR] DbExamplesSqlite:437 - Missing JSON key: board_cpn
2024-11-07 23:14:39,251 [ERROR] DbExamplesSqlite:437 - Missing JSON key: board_cpn
2024-11-07 23:14:39,252 [ERROR] DbExamplesSqlite:437 - Missing JSON key: board_cpn
2024-11-07 23:14:39,255 [INFO] DbExamplesSqlite:395 - Ignored 28 examples not supported by CubeIDE
2024-11-07 23:14:39,255 [INFO] DbExamplesSqlite:396 - Found 8617 examples active
2024-11-07 23:14:39,255 [INFO] DbExamplesSqlite:397 - Found 0 examples obsolete
2024-11-07 23:14:39,256 [INFO] DbExamplesSqlite:398 - Found 0 examples under development
2024-11-07 23:14:39,256 [INFO] DbExamplesSqlite:399 - Found 10 examples not building
2024-11-07 23:14:39,258 [INFO] DbExamples:125 - Found 8599 examples
2024-11-07 23:14:39,277 [INFO] DbExamples:222 - Found 108 boards with related examples
2024-11-07 23:14:39,278 [INFO] DbExamples:235 - Found 90 MCUs with related examples
2024-11-07 23:14:39,303 [INFO] ApiDb:423 - Load user favorites file C:\Users\hsuankai.chang/.stm32cubeide/favorites.examples.txt: 0 item(s)
2024-11-07 23:14:39,303 [INFO] ApiDb:427 - User favorites Examples=[]
2024-11-07 23:14:39,303 [INFO] DbExamples:250 - Set 0 / 0 favorites Examples
2024-11-07 23:14:39,367 [INFO] McuFinderGlobals:76 - Set McuFinderConnectedMode to true
2024-11-07 23:14:39,368 [INFO] MultiScanPanel:200 - Auto-refresh data requested => check proxy status ongoing
2024-11-07 23:14:39,369 [INFO] FinderPluginLoader:95 - Searching for filters in installed packs
2024-11-07 23:14:40,464 [INFO] LoadUrlFilesThread:185 - End of LoadServerUrlFiles without Thread
2024-11-07 23:14:40,465 [INFO] DetailPanel:341 - Set advertising image to C:/Users/hsuankai.chang/STM32Cube/Repository/\en.prom-stm32c071-usb-memories-mcu-finder.png
2024-11-07 23:14:45,787 [INFO] MultiScanPanel:200 - Auto-refresh data requested => check proxy status ongoing
2024-11-07 23:14:45,845 [INFO] LoadUrlFilesThread:185 - End of LoadServerUrlFiles without Thread
2024-11-07 23:14:45,845 [INFO] DetailPanel:341 - Set advertising image to C:/Users/hsuankai.chang/STM32Cube/Repository/\en.prom-stm32c071-usb-memories-mcu-finder.png
2024-11-07 23:14:45,851 [INFO] DbBoards:642 - Loading board mini-images...
2024-11-07 23:14:46,876 [ERROR] DbBoards:659 - Image file not found for board NUCLEO-WB05KZ: C:\Users\hsuankai.chang\.stmcufinder\plugins\mcufinder//mcu//boards_images/NUCLEO-WB05KZ.jpg
2024-11-07 23:14:48,268 [INFO] DbBoards:665 - Loaded 200 board mini-images
2024-11-07 23:15:20,311 [INFO] MainUpdater:2873 - connection check result : 10
2024-11-07 23:15:20,312 [INFO] MainUpdater:2873 - connection check result : 10
2024-11-07 23:15:20,330 [INFO] MicroXplorer:468 - Change Database Path : 
2024-11-07 23:15:20,330 [INFO] MicroXplorer:498 - Change Database Version : DB.6.0.121
2024-11-07 23:15:20,344 [ERROR] ProjectManagerView:394 - 
java.lang.NullPointerException: Cannot invoke "javax.swing.JTextField.getText()" because the return value of "java.util.List.get(int)" is null
	at com.st.microxplorer.plugins.projectmanager.gui.ProjectChoiceTab$10.caretUpdate(ProjectChoiceTab.java:2622) ~[filemanager.jar:?]
	at javax.swing.text.JTextComponent.fireCaretUpdate(JTextComponent.java:412) ~[?:?]
	at javax.swing.text.JTextComponent$MutableCaretEvent.fire(JTextComponent.java:4491) ~[?:?]
	at javax.swing.text.JTextComponent$MutableCaretEvent.stateChanged(JTextComponent.java:4513) ~[?:?]
	at javax.swing.text.DefaultCaret.fireStateChanged(DefaultCaret.java:842) ~[?:?]
	at javax.swing.text.DefaultCaret.changeCaretPosition(DefaultCaret.java:1313) ~[?:?]
	at javax.swing.text.DefaultCaret.handleSetDot(DefaultCaret.java:1212) ~[?:?]
	at javax.swing.text.DefaultCaret.setDot(DefaultCaret.java:1193) ~[?:?]
	at javax.swing.text.DefaultCaret$Handler.insertUpdate(DefaultCaret.java:1789) ~[?:?]
	at javax.swing.text.AbstractDocument.fireInsertUpdate(AbstractDocument.java:226) ~[?:?]
	at javax.swing.text.AbstractDocument.handleInsertString(AbstractDocument.java:780) ~[?:?]
	at javax.swing.text.AbstractDocument.insertString(AbstractDocument.java:739) ~[?:?]
	at javax.swing.text.PlainDocument.insertString(PlainDocument.java:131) ~[?:?]
	at javax.swing.text.AbstractDocument.replace(AbstractDocument.java:698) ~[?:?]
	at javax.swing.text.JTextComponent.setText(JTextComponent.java:1729) ~[?:?]
	at com.st.microxplorer.plugins.projectmanager.gui.ProjectChoiceTab.createHeapStackFields(ProjectChoiceTab.java:972) ~[filemanager.jar:?]
	at com.st.microxplorer.plugins.projectmanager.gui.ProjectChoiceTab.buildLinkSettingsPanel(ProjectChoiceTab.java:3597) ~[filemanager.jar:?]
	at com.st.microxplorer.plugins.projectmanager.gui.ProjectChoiceTab.defineWindowsFields(ProjectChoiceTab.java:1940) ~[filemanager.jar:?]
	at com.st.microxplorer.plugins.projectmanager.gui.ProjectChoiceTab.updateSettings(ProjectChoiceTab.java:550) ~[filemanager.jar:?]
	at com.st.microxplorer.plugins.projectmanager.gui.ProjectSettingsPanel.UpdateDialog(ProjectSettingsPanel.java:245) ~[filemanager.jar:?]
	at com.st.microxplorer.plugins.projectmanager.ProjectManagerView.propertyChange(ProjectManagerView.java:391) ~[filemanager.jar:?]
	at java.beans.PropertyChangeSupport.fire(PropertyChangeSupport.java:343) ~[?:?]
	at java.beans.PropertyChangeSupport.firePropertyChange(PropertyChangeSupport.java:335) ~[?:?]
	at java.beans.PropertyChangeSupport.firePropertyChange(PropertyChangeSupport.java:268) ~[?:?]
	at com.st.microxplorer.util.MXPropertyChangeSupport.firePropertyChange(MXPropertyChangeSupport.java:54) ~[STM32CubeMX.jar:?]
	at com.st.microxplorer.mxsystem.MxSystem.closeConfig(MxSystem.java:900) ~[STM32CubeMX.jar:?]
	at com.st.microxplorer.maingui.MainPanel.closeConfig(MainPanel.java:781) ~[STM32CubeMX.jar:?]
	at com.st.microxplorer.plugins.filemanager.engine.OpenFileManager.loadConfigurationFile(OpenFileManager.java:265) ~[filemanager.jar:?]
	at com.st.microxplorer.plugins.filemanager.engine.MainFileManager.userLoadConfig(MainFileManager.java:352) ~[filemanager.jar:?]
	at com.st.microxplorer.plugins.filemanager.FileManagerView.getSpecificTask(FileManagerView.java:250) ~[filemanager.jar:?]
	at com.st.stm32cube.common.mx.editor.CubeMxEditor.getMxTabbedPaneInstance(CubeMxEditor.java:1191) ~[com.st.stm32cube.common.mx_6.12.1.202409122256/:?]
	at com.st.stm32cube.common.mx.editor.CubeMxEditor$12$1.createSwingComponent(CubeMxEditor.java:1068) ~[com.st.stm32cube.common.mx_6.12.1.202409122256/:?]
	at com.st.stm32cube.common.mx.oss.core.awtswtbridge.EmbeddedSwingComposite.doComponentCreation(EmbeddedSwingComposite.java:492) ~[com.st.stm32cube.common.mx.oss_6.12.1.202409122256/:?]
	at com.st.stm32cube.common.mx.oss.core.awtswtbridge.EmbeddedSwingComposite$4.run(EmbeddedSwingComposite.java:291) ~[com.st.stm32cube.common.mx.oss_6.12.1.202409122256/:?]
	at com.st.stm32cube.common.mx.oss.core.awtswtbridge.AwtEnvironment$2.run(AwtEnvironment.java:166) ~[com.st.stm32cube.common.mx.oss_6.12.1.202409122256/:?]
	at java.awt.event.InvocationEvent.dispatch(InvocationEvent.java:318) ~[?:?]
	at java.awt.EventQueue.dispatchEventImpl(EventQueue.java:773) ~[?:?]
	at java.awt.EventQueue$4.run(EventQueue.java:720) ~[?:?]
	at java.awt.EventQueue$4.run(EventQueue.java:714) ~[?:?]
	at java.security.AccessController.doPrivileged(AccessController.java:399) ~[?:?]
	at java.security.ProtectionDomain$JavaSecurityAccessImpl.doIntersectionPrivilege(ProtectionDomain.java:86) ~[?:?]
	at java.awt.EventQueue.dispatchEvent(EventQueue.java:742) ~[?:?]
	at java.awt.EventDispatchThread.pumpOneEventForFilters(EventDispatchThread.java:203) ~[?:?]
	at java.awt.EventDispatchThread.pumpEventsForFilter(EventDispatchThread.java:124) ~[?:?]
	at java.awt.EventDispatchThread.pumpEventsForHierarchy(EventDispatchThread.java:113) ~[?:?]
	at java.awt.EventDispatchThread.pumpEvents(EventDispatchThread.java:109) ~[?:?]
	at java.awt.EventDispatchThread.pumpEvents(EventDispatchThread.java:101) ~[?:?]
	at java.awt.EventDispatchThread.run(EventDispatchThread.java:90) ~[?:?]
2024-11-07 23:15:20,344 [WARN] ThirdParty:871 - waiting for thirdparty lock release [close project]
2024-11-07 23:15:20,345 [INFO] ThirdParty:873 - entering critical section [close project]
2024-11-07 23:15:20,345 [INFO] ThirdParty:883 - exiting critical section [close project]
2024-11-07 23:15:20,347 [INFO] PinOutPanel:1561 - setPackage(No Configuration,No Configuration)
2024-11-07 23:15:20,355 [WARN] IpParametersView:151 - Warning: This peripheral hasn't parameters
2024-11-07 23:15:20,359 [WARN] MainPanel:284 - <html><b><center>Warning: This peripheral has no parameters to be configured<br></b></html>
2024-11-07 23:15:20,363 [INFO] UtilMem:75 - Begin LoadConfig() Used Memory: 993081320 Bytes (1073741824)
2024-11-07 23:15:20,365 [INFO] OpenFileManager:332 - Change cursor
2024-11-07 23:15:20,383 [INFO] RulesReader:64 - Compatibility file has been processed (297 Rules)
2024-11-07 23:15:20,388 [INFO] ProjectFactory:442 - No CPN specified for board STM32F407G-DISC1 => set CPN to STM32F407VGT6
2024-11-07 23:15:20,388 [INFO] Mcu:2032 - Initializing MCU STM32F407V(E-G)Tx STM32F407VGTx STM32F407VGT6
2024-11-07 23:15:22,104 [INFO] Context:742 - Trying to add GPIOservice into a context  which must be forbidden
2024-11-07 23:15:22,707 [INFO] Rule:228 - rule 117617 - U5Cobra4M][GTZC] default value MPCBB3 and MPCBB5 - Not Secured memory - MPCBB1 is applicable
2024-11-07 23:15:22,707 [INFO] Rule:228 - rule 117617 - U5Cobra4M][GTZC] default value MPCBB3 and MPCBB5 - Not Secured memory - MPCBB1 is applicable
2024-11-07 23:15:22,708 [INFO] Rule:228 - rule 117617 - U5Cobra4M][GTZC] default value MPCBB3 and MPCBB5 - Not Secured memory - MPCBB2 is applicable
2024-11-07 23:15:22,708 [INFO] Rule:228 - rule 117617 - U5Cobra4M][GTZC] default value MPCBB3 and MPCBB5 - Not Secured memory - MPCBB2 is applicable
2024-11-07 23:15:22,708 [INFO] Rule:228 - rule 117617 - U5Cobra4M][GTZC] default value MPCBB3 and MPCBB5 - Not Secured memory - MPCBB3 is applicable
2024-11-07 23:15:22,708 [INFO] Rule:228 - rule 117617 - U5Cobra4M][GTZC] default value MPCBB3 and MPCBB5 - Not Secured memory - MPCBB3 is applicable
2024-11-07 23:15:22,708 [INFO] Rule:228 - rule 117617 - U5Cobra4M][GTZC] default value MPCBB3 and MPCBB5 - Not Secured memory - MPCBB4 is applicable
2024-11-07 23:15:22,708 [INFO] Rule:228 - rule 117617 - U5Cobra4M][GTZC] default value MPCBB3 and MPCBB5 - Not Secured memory - MPCBB4 is applicable
2024-11-07 23:15:22,708 [INFO] Rule:228 - rule 117617 - U5Cobra4M][GTZC] default value MPCBB3 and MPCBB5 - Secured memory - MPCBB1 is applicable
2024-11-07 23:15:22,708 [INFO] Rule:228 - rule 117617 - U5Cobra4M][GTZC] default value MPCBB3 and MPCBB5 - Secured memory - MPCBB2 is applicable
2024-11-07 23:15:22,708 [INFO] Rule:228 - rule 117617 - U5Cobra4M][GTZC] default value MPCBB3 and MPCBB5 - Secured memory - MPCBB3 is applicable
2024-11-07 23:15:22,708 [INFO] Rule:228 - rule 117617 - U5Cobra4M][GTZC] default value MPCBB3 and MPCBB5 - Secured memory - MPCBB4 is applicable
2024-11-07 23:15:22,708 [INFO] Rule:228 - rule 117617 - U5Cobra4M][GTZC] default value MPCBB3 and MPCBB5 - Privileged memory - MPCBB1 is applicable
2024-11-07 23:15:22,708 [INFO] Rule:228 - rule 117617 - U5Cobra4M][GTZC] default value MPCBB3 and MPCBB5 - Privileged memory - MPCBB2 is applicable
2024-11-07 23:15:22,708 [INFO] Rule:228 - rule 117617 - U5Cobra4M][GTZC] default value MPCBB3 and MPCBB5 - Privileged memory - MPCBB3 is applicable
2024-11-07 23:15:22,708 [INFO] Rule:228 - rule 117617 - U5Cobra4M][GTZC] default value MPCBB3 and MPCBB5 - Privileged memory - MPCBB4 is applicable
2024-11-07 23:15:22,708 [INFO] Rule:228 - rule 117617 - U5Cobra4M][GTZC] default value MPCBB3 and MPCBB5 - Not Privileged memory - MPCBB1 is applicable
2024-11-07 23:15:22,708 [INFO] Rule:228 - rule 117617 - U5Cobra4M][GTZC] default value MPCBB3 and MPCBB5 - Not Privileged memory - MPCBB2 is applicable
2024-11-07 23:15:22,709 [INFO] Rule:228 - rule 117617 - U5Cobra4M][GTZC] default value MPCBB3 and MPCBB5 - Not Privileged memory - MPCBB3 is applicable
2024-11-07 23:15:22,709 [INFO] Rule:228 - rule 117617 - U5Cobra4M][GTZC] default value MPCBB3 and MPCBB5 - Not Privileged memory - MPCBB4 is applicable
2024-11-07 23:15:22,709 [INFO] Rule:228 - rule 117617 - U5Cobra4M][GTZC] default value MPCBB3 and MPCBB5 - Privileged memory - MPCBB1 is applicable
2024-11-07 23:15:22,709 [INFO] Rule:228 - rule 117617 - U5Cobra4M][GTZC] default value MPCBB3 and MPCBB5 - Privileged memory - MPCBB2 is applicable
2024-11-07 23:15:22,709 [INFO] Rule:228 - rule 117617 - U5Cobra4M][GTZC] default value MPCBB3 and MPCBB5 - Privileged memory - MPCBB3 is applicable
2024-11-07 23:15:22,709 [INFO] Rule:228 - rule 117617 - U5Cobra4M][GTZC] default value MPCBB3 and MPCBB5 - Privileged memory - MPCBB4 is applicable
2024-11-07 23:15:22,709 [INFO] Rule:228 - rule 117617 - U5Cobra4M][GTZC] default value MPCBB3 and MPCBB5 - Privileged memory - MPCBB1 is applicable
2024-11-07 23:15:22,709 [INFO] Rule:228 - rule 117617 - U5Cobra4M][GTZC] default value MPCBB3 and MPCBB5 - Privileged memory - MPCBB2 is applicable
2024-11-07 23:15:22,709 [INFO] Rule:228 - rule 117617 - U5Cobra4M][GTZC] default value MPCBB3 and MPCBB5 - Privileged memory - MPCBB3 is applicable
2024-11-07 23:15:22,709 [INFO] Rule:228 - rule 117617 - U5Cobra4M][GTZC] default value MPCBB3 and MPCBB5 - Privileged memory - MPCBB4 is applicable
2024-11-07 23:15:22,709 [INFO] Rule:228 - rule 117617 - U5Cobra4M][GTZC] default value MPCBB3 and MPCBB5 - Not Privileged memory - MPCBB1 is applicable
2024-11-07 23:15:22,709 [INFO] Rule:228 - rule 117617 - U5Cobra4M][GTZC] default value MPCBB3 and MPCBB5 - Not Privileged memory - MPCBB2 is applicable
2024-11-07 23:15:22,709 [INFO] Rule:228 - rule 117617 - U5Cobra4M][GTZC] default value MPCBB3 and MPCBB5 - Not Privileged memory - MPCBB3 is applicable
2024-11-07 23:15:22,709 [INFO] Rule:228 - rule 117617 - U5Cobra4M][GTZC] default value MPCBB3 and MPCBB5 - Not Privileged memory - MPCBB4 is applicable
2024-11-07 23:15:22,709 [INFO] Rule:228 - rule 117617 - U5Cobra4M][GTZC] default value MPCBB3 and MPCBB5 - Privileged memory - MPCBB1 is applicable
2024-11-07 23:15:22,709 [INFO] Rule:228 - rule 117617 - U5Cobra4M][GTZC] default value MPCBB3 and MPCBB5 - Privileged memory - MPCBB2 is applicable
2024-11-07 23:15:22,709 [INFO] Rule:228 - rule 117617 - U5Cobra4M][GTZC] default value MPCBB3 and MPCBB5 - Privileged memory - MPCBB3 is applicable
2024-11-07 23:15:22,709 [INFO] Rule:228 - rule 117617 - U5Cobra4M][GTZC] default value MPCBB3 and MPCBB5 - Privileged memory - MPCBB4 is applicable
2024-11-07 23:15:22,710 [INFO] Rule:228 - rule Rename SubGHz_Phy SUBGHZ_APPLICATION SUBGHZ_PINGPONG to SUBGHZ_ADV_APPLICATION is applicable
2024-11-07 23:15:22,710 [INFO] Rule:228 - rule Rename Enabled to IBEACON is applicable
2024-11-07 23:15:22,710 [INFO] Rule:228 - rule GTZC_S instance for project manager is applicable
2024-11-07 23:15:22,710 [INFO] Rule:228 - rule GTZC_S instance for context M33S is applicable
2024-11-07 23:15:22,710 [INFO] Rule:228 - rule GTZC_S instance value for IP GTZC is applicable
2024-11-07 23:15:22,710 [INFO] Rule:228 - rule GTZC_S instance for mcu.IP is applicable
2024-11-07 23:15:22,710 [INFO] Rule:228 - rule GTZC_S instance for VP is applicable
2024-11-07 23:15:22,710 [INFO] Rule:228 - rule GTZC_S instance for signal is applicable
2024-11-07 23:15:22,710 [INFO] Rule:228 - rule GTZC_S instance for mcu.Pin is applicable
2024-11-07 23:15:22,710 [INFO] Rule:228 - rule GTZC_S instance for VP is applicable
2024-11-07 23:15:22,710 [INFO] Rule:228 - rule GTZC_S instance for signal is applicable
2024-11-07 23:15:22,710 [INFO] Rule:228 - rule GTZC_S instance for mcu is applicable
2024-11-07 23:15:22,710 [INFO] Rule:228 - rule GTZC_S instance for mcu.Pin is applicable
2024-11-07 23:15:22,710 [INFO] Rule:228 - rule GTZC_S instance value for IP GTZC is applicable
2024-11-07 23:15:22,710 [INFO] Rule:228 - rule GTZC_S instance for project manager is applicable
2024-11-07 23:15:22,711 [INFO] Rule:228 - rule GTZC_S instance for context M33S is applicable
2024-11-07 23:15:22,711 [INFO] Rule:228 - rule GTZC_S instance for VP is applicable
2024-11-07 23:15:22,711 [INFO] Rule:228 - rule GTZC_S instance for signal is applicable
2024-11-07 23:15:22,711 [INFO] Rule:228 - rule SPDIFRX instance for mcu is applicable
2024-11-07 23:15:22,711 [INFO] Rule:228 - rule Rename Tracer Mode is applicable
2024-11-07 23:15:22,711 [INFO] Rule:228 - rule SPDIFRX instance value for IP SPDIFRX is applicable
2024-11-07 23:15:22,711 [INFO] Rule:228 - rule SPDIFRX instance for signal is applicable
2024-11-07 23:15:22,711 [INFO] Rule:228 - rule SPDIFRX instance for project manager is applicable
2024-11-07 23:15:22,711 [INFO] Rule:228 - rule SPDIFRX instance for project manager is applicable
2024-11-07 23:15:22,711 [INFO] Rule:228 - rule ADC Scan  fix with FW F7 is applicable
2024-11-07 23:15:22,711 [INFO] Rule:228 - rule ADC Scan  fix with FW F7 is applicable
2024-11-07 23:15:22,711 [INFO] Rule:228 - rule WakeUp0 Mode is applicable
2024-11-07 23:15:22,711 [INFO] Rule:228 - rule WakeUp0 SIGNAL is applicable
2024-11-07 23:15:22,711 [INFO] Rule:228 - rule WakeUp1 Mode is applicable
2024-11-07 23:15:22,711 [INFO] Rule:228 - rule WakeUp1 SIGNAL is applicable
2024-11-07 23:15:22,711 [INFO] Rule:228 - rule WakeUp2 Mode is applicable
2024-11-07 23:15:22,711 [INFO] Rule:228 - rule WakeUp2 SIGNAL is applicable
2024-11-07 23:15:22,711 [INFO] Rule:228 - rule WakeUp4 Mode is applicable
2024-11-07 23:15:22,711 [INFO] Rule:228 - rule WakeUp4 SIGNAL is applicable
2024-11-07 23:15:22,711 [INFO] Rule:228 - rule WakeUp5 Mode is applicable
2024-11-07 23:15:22,711 [INFO] Rule:228 - rule WakeUp5 SIGNAL is applicable
2024-11-07 23:15:22,711 [INFO] Rule:228 - rule Add RTC Activate Clock Source is applicable
2024-11-07 23:15:22,712 [INFO] Rule:228 - rule Add RTC Activate Calendar 1 is applicable
2024-11-07 23:15:22,712 [INFO] Rule:228 - rule Add RTC Activate Calendar 2 is applicable
2024-11-07 23:15:22,712 [INFO] Rule:228 - rule Add RTC Activate Calendar 3 is applicable
2024-11-07 23:15:22,712 [INFO] Rule:228 - rule UART/USART TX Mode is applicable
2024-11-07 23:15:22,712 [INFO] Rule:228 - rule UART/USART RX Mode is applicable
2024-11-07 23:15:22,712 [INFO] Rule:228 - rule UART/USART RX TX Mode is applicable
2024-11-07 23:15:22,712 [INFO] Rule:228 - rule UART/USART PARITY NONE is applicable
2024-11-07 23:15:22,712 [INFO] Rule:228 - rule UART/USART PARITY EVEN is applicable
2024-11-07 23:15:22,712 [INFO] Rule:228 - rule UART/USART PARITY ODD is applicable
2024-11-07 23:15:22,712 [INFO] Rule:228 - rule USART StopBits 1 is applicable
2024-11-07 23:15:22,712 [INFO] Rule:228 - rule USART StopBits 2 is applicable
2024-11-07 23:15:22,712 [INFO] Rule:228 - rule USART StopBits 1.5 is applicable
2024-11-07 23:15:22,712 [INFO] Rule:228 - rule USART StopBits 0.5 is applicable
2024-11-07 23:15:22,712 [INFO] Rule:228 - rule UART/USART WORD LENGTH 7 is applicable
2024-11-07 23:15:22,712 [INFO] Rule:228 - rule UART/USART WORD LENGTH 8 is applicable
2024-11-07 23:15:22,712 [INFO] Rule:228 - rule UART/USART WORD LENGTH 9 is applicable
2024-11-07 23:15:22,712 [INFO] Rule:228 - rule Rename FMC NAND NCE signal is applicable
2024-11-07 23:15:22,712 [INFO] Rule:228 - rule Rename FMC NAND INT signal is applicable
2024-11-07 23:15:22,712 [INFO] Rule:228 - rule Change Default Value for LSE Drive Capability for WB family is applicable
2024-11-07 23:15:22,712 [INFO] Rule:228 - rule Change Default Value for ADC Clock Prescaler G0 family is applicable
2024-11-07 23:15:22,712 [INFO] Rule:228 - rule Change Default Value for ADC ExternalTrigConv L4 family is applicable
2024-11-07 23:15:22,712 [INFO] Rule:228 - rule Change Default Value for ADC ExternalTrigInjecConv L4 family is applicable
2024-11-07 23:15:22,712 [INFO] Rule:228 - rule Change Default Value for ADC ExternalTrigConv F3 family is applicable
2024-11-07 23:15:22,712 [INFO] Rule:228 - rule Change Default Value for ADC ExternalTrigInjecConv F3 family is applicable
2024-11-07 23:15:22,712 [INFO] Rule:228 - rule Change Default Value for ADC ExternalTrigConv Goldfish serie is applicable
2024-11-07 23:15:22,712 [INFO] Rule:228 - rule Change Default Value for ADC ExternalTrigInjecConv Goldfish serie is applicable
2024-11-07 23:15:22,712 [INFO] Rule:228 - rule Change Default Value for ADC ExternalTrigConv L0 family is applicable
2024-11-07 23:15:22,712 [INFO] Rule:228 - rule Change Default Value for ADC ExternalTrigConv F0 family is applicable
2024-11-07 23:15:22,713 [INFO] Rule:228 - rule Change Default Value for ADC ExternalTrigConvn L1 family is applicable
2024-11-07 23:15:22,713 [INFO] Rule:228 - rule Change Default Value for ADC ExternalTrigInjecConv L1 family is applicable
2024-11-07 23:15:22,713 [INFO] Rule:228 - rule Change Default Value for ADC ExternalTrigConv F1 family is applicable
2024-11-07 23:15:22,713 [INFO] Rule:228 - rule Change Default Value for ADC ExternalTrigInjecConv F1 family is applicable
2024-11-07 23:15:22,713 [INFO] Rule:228 - rule Change Default Value for ADC ExternalTrigConv F7 family is applicable
2024-11-07 23:15:22,713 [INFO] Rule:228 - rule Change Default Value for ADC ExternalTrigInjecConv F7 family is applicable
2024-11-07 23:15:22,713 [INFO] Rule:228 - rule Change Default Value for ADC ExternalTrigConv F4 and F2 family is applicable
2024-11-07 23:15:22,713 [INFO] Rule:228 - rule Change Default Value for ADC ExternalTrigInjecConv F4 and F2 family is applicable
2024-11-07 23:15:22,713 [INFO] Rule:228 - rule ADC SamplingTime fix with FW L0  is applicable
2024-11-07 23:15:22,713 [INFO] Rule:228 - rule ADC SamplingTime fix with FW L0  is applicable
2024-11-07 23:15:22,713 [INFO] Rule:228 - rule ADC SamplingTime fix with FW L0 is applicable
2024-11-07 23:15:22,713 [INFO] Rule:228 - rule ADC SamplingTime fix with FW L0 is applicable
2024-11-07 23:15:22,713 [INFO] Rule:228 - rule ADC SamplingTime fix with FW L0  is applicable
2024-11-07 23:15:22,713 [INFO] Rule:228 - rule ADC SamplingTime fix with FW L0 is applicable
2024-11-07 23:15:22,713 [INFO] Rule:228 - rule Rename USB_OE Signal is applicable
2024-11-07 23:15:22,713 [INFO] Rule:228 - rule Rename Activate_OE Mode is applicable
2024-11-07 23:15:22,713 [INFO] Rule:228 - rule Rename DIE462/DIE415 pin PC14/OSC32_IN -> PC14-OSC32_IN (PC14) is applicable
2024-11-07 23:15:22,713 [INFO] Rule:228 - rule Rename DIE462/DIE415 pin PC15/OSC32_OUT -> PC15-OSC32_OUT (PC15) is applicable
2024-11-07 23:15:22,713 [INFO] Rule:228 - rule Rename DIE462/DIE415 pin PH0/OSC_IN -> PH0-OSC_IN (PH0) is applicable
2024-11-07 23:15:22,713 [INFO] Rule:228 - rule Rename DIE462/DIE415 pin PH1/OSC_OUT -> PH1-OSC_OUT (PH1) is applicable
2024-11-07 23:15:22,713 [INFO] Rule:228 - rule Rename DIE462 pin PA13 -> PA13 (JTMS/SWDIO) is applicable
2024-11-07 23:15:22,713 [INFO] Rule:228 - rule Rename DIE415 pin PA13 -> PA13 (JTMS/SWDIO) is applicable
2024-11-07 23:15:22,713 [INFO] Rule:228 - rule Rename DIE462 pin PA14 -> PA14 (JTCK/SWCLK) is applicable
2024-11-07 23:15:22,713 [INFO] Rule:228 - rule Rename DIE415 pin PA14 -> PA14 (JTCK/SWCLK) is applicable
2024-11-07 23:15:22,713 [INFO] Rule:228 - rule Rename DIE462/DIE415 pin PA15 -> PA15 (JTDI) is applicable
2024-11-07 23:15:22,713 [INFO] Rule:228 - rule Rename DIE462 pin PB3 -> PB3 (JTD0/TRACESWO) is applicable
2024-11-07 23:15:22,713 [INFO] Rule:228 - rule Rename DIE415 pin PB3 -> PB3 (JTD0-TRACESWO) is applicable
2024-11-07 23:15:22,713 [INFO] Rule:228 - rule Rename DIE462/DIE415 pin PB4 -> PB4 (NJTRST) is applicable
2024-11-07 23:15:22,713 [INFO] Rule:228 - rule Rename DIE462 pin PH3/BOOT0 -> PH3-BOOT0 (BOOT0) is applicable
2024-11-07 23:15:22,713 [INFO] Rule:228 - rule Rename CRYP DataEncryptionTypesList to Algorithm is applicable
2024-11-07 23:15:22,714 [INFO] Rule:228 - rule Rename AES DataEncryptionTypesList to Algorithm is applicable
2024-11-07 23:15:22,714 [INFO] Rule:228 - rule Rename TDESECB to CRYP_TDES_ECB is applicable
2024-11-07 23:15:22,714 [INFO] Rule:228 - rule Rename TDESCBC to CRYP_TDES_CBC is applicable
2024-11-07 23:15:22,714 [INFO] Rule:228 - rule Rename DESECB to CRYP_DES_ECB is applicable
2024-11-07 23:15:22,714 [INFO] Rule:228 - rule Rename DESCBC to CRYP_DES_CBC is applicable
2024-11-07 23:15:22,714 [INFO] Rule:228 - rule Rename AESECB to CRYP_AES_ECB is applicable
2024-11-07 23:15:22,714 [INFO] Rule:228 - rule Rename AESCBC to CRYP_AES_CBC is applicable
2024-11-07 23:15:22,714 [INFO] Rule:228 - rule Rename AESCTR to CRYP_AES_CTR is applicable
2024-11-07 23:15:22,714 [INFO] Rule:228 - rule Rename AESGCM to CRYP_AES_GCM is applicable
2024-11-07 23:15:22,714 [INFO] Rule:228 - rule Rename AESCCM to CRYP_AES_CCM is applicable
2024-11-07 23:15:22,714 [INFO] Rule:228 - rule Rename CAN TimeSeg1 to BS1 is applicable
2024-11-07 23:15:22,714 [INFO] Rule:228 - rule Rename CAN TimeSeg2 to BS2 is applicable
2024-11-07 23:15:22,714 [INFO] Rule:228 - rule Rename CAN SyncJumpWidth to SJW is applicable
2024-11-07 23:15:22,714 [INFO] Rule:228 - rule TimeTriggeredMode to TTCM is applicable
2024-11-07 23:15:22,714 [INFO] Rule:228 - rule Rename CAN AutoBusOff to ABOM is applicable
2024-11-07 23:15:22,714 [INFO] Rule:228 - rule Rename CAN AutoWakeUp to AWUM is applicable
2024-11-07 23:15:22,714 [INFO] Rule:228 - rule Rename CAN AutoRetransmission to NART is applicable
2024-11-07 23:15:22,714 [INFO] Rule:228 - rule Rename CAN ReceiveFifoLocked to RFLM is applicable
2024-11-07 23:15:22,714 [INFO] Rule:228 - rule Rename CAN TransmitFifoPriority to TXFP is applicable
2024-11-07 23:15:22,715 [INFO] Rule:228 - rule Rename HRTIMER HRTIM_OUTPUTFAULTLEVEL_HIGH in HRTIMER HRTIM_OUTPUTFAULTLEVEL_HIGHZ is applicable
2024-11-07 23:15:22,715 [INFO] Rule:228 - rule Rename TIMER TIM_CLEARINPUTSOURCE_OCREFCLR in  TIMER TIM_CLEARINPUTSOURCE_NONE for F7 family is applicable
2024-11-07 23:15:22,715 [INFO] Rule:228 - rule FDCAN_R1 - Rename FDCAN mode Master into Classic is applicable
2024-11-07 23:15:22,715 [INFO] Rule:228 - rule FDCAN_R2 - Rename FDCAN mode Slave into Classic is applicable
2024-11-07 23:15:22,715 [INFO] Rule:228 - rule FDCAN1_R3 - if PA10.Mode=FullDuplex, add Pin PA12 is applicable
2024-11-07 23:15:22,715 [INFO] Rule:228 - rule FDCAN1_R3 - if PA9.Mode=FullDuplex, add Pin PA11 is applicable
2024-11-07 23:15:22,715 [INFO] Rule:228 - rule FDCAN1_R3 - Alternatepin_1 - if PE1.Mode=FullDuplex, add Pin PB9 is applicable
2024-11-07 23:15:22,715 [INFO] Rule:228 - rule FDCAN1_R3 - Alternatepin_1 - if PE0.Mode=FullDuplex, add Pin PB8 is applicable
2024-11-07 23:15:22,715 [INFO] Rule:228 - rule FDCAN1_R3 - Alternatepin_2 - if PD5.Mode=FullDuplex, add Pin PD1 is applicable
2024-11-07 23:15:22,715 [INFO] Rule:228 - rule FDCAN1_R3 - Alternatepin_2 - if PD4.Mode=FullDuplex, add Pin PD0 is applicable
2024-11-07 23:15:22,715 [INFO] Rule:228 - rule FDCAN1_R4 - Rename Mode FullDuplex into Enable FDCAN_TXFD for pin PA10 is applicable
2024-11-07 23:15:22,715 [INFO] Rule:228 - rule FDCAN1_R4 - Rename Mode FullDuplex into Enable FDCAN_TXFD for pin PA9 is applicable
2024-11-07 23:15:22,715 [INFO] Rule:228 - rule FDCAN1_R4 - Alternatepin_1 - Rename Mode FullDuplex into Enable FDCAN_TXFD for pin PE1 is applicable
2024-11-07 23:15:22,715 [INFO] Rule:228 - rule FDCAN1_R4 - Alternatepin_1 - Rename Mode FullDuplex into Enable FDCAN_TXFD for pin PE0 is applicable
2024-11-07 23:15:22,715 [INFO] Rule:228 - rule FDCAN1_R4 - Alternatepin_2 - Rename Mode FullDuplex into Enable FDCAN_TXFD for pin PD5 is applicable
2024-11-07 23:15:22,716 [INFO] Rule:228 - rule FDCAN1_R4 - Alternatepin_2 - Rename Mode FullDuplex into Enable FDCAN_TXFD for pin PD4 is applicable
2024-11-07 23:15:22,716 [INFO] Rule:228 - rule FDCAN2_R3 - if PD10.Mode=FullDuplex, add Pin PB13 is applicable
2024-11-07 23:15:22,716 [INFO] Rule:228 - rule FDCAN2_R3 - if PD9.Mode=FullDuplex, add Pin PB12 is applicable
2024-11-07 23:15:22,717 [INFO] Rule:228 - rule FDCAN2_R3 - Alternatepin_1 - if PB7.Mode=FullDuplex, add Pin PB6 is applicable
2024-11-07 23:15:22,717 [INFO] Rule:228 - rule FDCAN2_R3 - Alternatepin_1 - if PD9.Mode=FullDuplex, add Pin PB12 is applicable
2024-11-07 23:15:22,717 [INFO] Rule:228 - rule FDCAN2_R4 - Rename Mode FullDuplex into Enable FDCAN_TXFD for pin PD10 is applicable
2024-11-07 23:15:22,717 [INFO] Rule:228 - rule FDCAN2_R4 - Rename Mode FullDuplex into Enable FDCAN_TXFD for pin PD9 is applicable
2024-11-07 23:15:22,717 [INFO] Rule:228 - rule FDCAN2_R4 - Alternatepin_1 - Rename Mode FullDuplex into Enable FDCAN_TXFD for pin PB7 is applicable
2024-11-07 23:15:22,717 [INFO] Rule:228 - rule FDCAN2_R4 - Alternatepin_1 - Rename Mode FullDuplex into Enable FDCAN_TXFD for pin PD6 is applicable
2024-11-07 23:15:22,717 [INFO] Rule:228 - rule USART TxPinLevelInvertParam Mode is applicable
2024-11-07 23:15:22,717 [INFO] Rule:228 - rule USART RxPinLevelInvertParam Mode is applicable
2024-11-07 23:15:22,717 [INFO] Rule:228 - rule USART DataInvertParam Mode is applicable
2024-11-07 23:15:22,717 [INFO] Rule:228 - rule USART SwapParam Mode is applicable
2024-11-07 23:15:22,717 [INFO] Rule:228 - rule USART OverrunDisableParam Mode is applicable
2024-11-07 23:15:22,717 [INFO] Rule:228 - rule USART DMADisableonRxErrorParam Mode is applicable
2024-11-07 23:15:22,717 [INFO] Rule:228 - rule USART MSBFirstParam Mode is applicable
2024-11-07 23:15:22,717 [INFO] Rule:228 - rule Update MwName for USB_DEVICE is applicable
2024-11-07 23:15:22,718 [INFO] Rule:228 - rule Change PWR_Regulator_Voltage_Scale Default Value for RCC  H7 family is applicable
2024-11-07 23:15:22,718 [INFO] Rule:228 - rule UART/USART IPParameter rename Prescaler parameter to ClockPrescaler is applicable
2024-11-07 23:15:22,718 [INFO] Rule:228 - rule UART/USART Prescaler rename Prescaler parameter to ClockPrescaler is applicable
2024-11-07 23:15:22,718 [INFO] Rule:228 - rule TIM1CLockSelection is applicable
2024-11-07 23:15:22,718 [INFO] Rule:228 - rule TIM15CLockSelection is applicable
2024-11-07 23:15:22,718 [INFO] Rule:228 - rule align RCC SDMMC3CLockSelection default value on MP1 is applicable
2024-11-07 23:15:22,718 [INFO] Rule:228 - rule align RCC SDMMC12CLockSelection default value on MP1 is applicable
2024-11-07 23:15:22,718 [INFO] Rule:228 - rule align RCC QSPICLockSelection default value on MP1 is applicable
2024-11-07 23:15:22,718 [INFO] Rule:228 - rule align RCC QSPICLockSelection default value on MP1 is applicable
2024-11-07 23:15:22,718 [INFO] Rule:228 - rule align RCC SPI6CLockSelection default value on MP1 is applicable
2024-11-07 23:15:22,718 [INFO] Rule:228 - rule align RCC LPTIM23CLockSelection default value on MP1 is applicable
2024-11-07 23:15:22,718 [INFO] Rule:228 - rule align RCC LPTIM1CLockSelection default value on MP1 is applicable
2024-11-07 23:15:22,718 [INFO] Rule:228 - rule align RCC USART1CLockSelection default value on MP1 is applicable
2024-11-07 23:15:22,719 [INFO] Rule:228 - rule align RCC USART24CLockSelection default value on MP1 is applicable
2024-11-07 23:15:22,719 [INFO] Rule:228 - rule align RCC USART6CLockSelection default value on MP1 is applicable
2024-11-07 23:15:22,719 [INFO] Rule:228 - rule align RCC UART78CLockSelection default value on MP1 is applicable
2024-11-07 23:15:22,719 [INFO] Rule:228 - rule align RCC USART35CLockSelection default value on MP1 is applicable
2024-11-07 23:15:22,719 [INFO] Rule:228 - rule align RCC SPI45CLockSelection default value on MP1 is applicable
2024-11-07 23:15:22,719 [INFO] Rule:228 - rule align RCC I2C46CLockSelection BCLK value on MP1 is applicable
2024-11-07 23:15:22,719 [INFO] Rule:228 - rule align RCC SPI45CLockSelection default value on MP1 is applicable
2024-11-07 23:15:22,719 [INFO] Rule:228 - rule align RCC I2C12CLockSelection default value on MP1 is applicable
2024-11-07 23:15:22,719 [INFO] Rule:228 - rule align RCC I2C35CLockSelection default value on MP1 is applicable
2024-11-07 23:15:22,719 [INFO] Rule:228 - rule align RCC LPTIM45CLockSelection default value on MP1 is applicable
2024-11-07 23:15:22,719 [INFO] Rule:228 - rule Rename DCMI PIXCK signal is applicable
2024-11-07 23:15:22,719 [INFO] Rule:228 - rule Change Default Value for I2C46CLockSelection MP1 family is applicable
2024-11-07 23:15:22,719 [INFO] Rule:228 - rule Change Default Value for UART for G4, G0 and WB families is applicable
2024-11-07 23:15:22,719 [INFO] Rule:228 - rule Change Default Value for USART for G4, G0 and WB families is applicable
2024-11-07 23:15:22,719 [INFO] Rule:228 - rule Change Default Value for USART for G4 family is applicable
2024-11-07 23:15:22,719 [INFO] Rule:228 - rule Change USART1CLockSelection refparam name for MP1 is applicable
2024-11-07 23:15:22,719 [INFO] Rule:228 - rule Change USART2CLockSelection refparam name for MP1 is applicable
2024-11-07 23:15:22,719 [INFO] Rule:228 - rule Change USART3CLockSelection refparam name for MP1 is applicable
2024-11-07 23:15:22,719 [INFO] Rule:228 - rule Change UART4CLockSelection refparam name for MP1 is applicable
2024-11-07 23:15:22,719 [INFO] Rule:228 - rule Change UART5CLockSelection refparam name for MP1 is applicable
2024-11-07 23:15:22,719 [INFO] Rule:228 - rule Change LPUART1CLockSelection refparam name for MP1 is applicable
2024-11-07 23:15:22,719 [INFO] Rule:228 - rule Change LPTIM1CLockSelection refparam name for MP1 is applicable
2024-11-07 23:15:22,719 [INFO] Rule:228 - rule Change LPTIM2CLockSelection refparam name for MP1 is applicable
2024-11-07 23:15:22,719 [INFO] Rule:228 - rule Change RCC_MCO1Source refparam name for MP1 is applicable
2024-11-07 23:15:22,719 [INFO] Rule:228 - rule Change LSCOSource1 refparam name for MP1 is applicable
2024-11-07 23:15:22,719 [INFO] Rule:228 - rule Change SMPSCLockSelection refparam name for MP1 is applicable
2024-11-07 23:15:22,719 [INFO] Rule:228 - rule Change LPTIM3CLockSelection refparam name for MP1 is applicable
2024-11-07 23:15:22,719 [INFO] Rule:228 - rule Change MPCBB* Default Template Mode to Parameters is applicable
2024-11-07 23:15:22,720 [INFO] Rule:228 - rule Change MPCWM* or MPCBB* Secure Mode to Parameters is applicable
2024-11-07 23:15:22,720 [INFO] Rule:228 - rule Change MPCWM* or MPCBB* No Secure Mode to Parameters is applicable
2024-11-07 23:15:22,720 [INFO] Rule:228 - rule Change TZSC IP Secure Mode to Parameters is applicable
2024-11-07 23:15:22,720 [INFO] Rule:228 - rule Change TZSC IP No Secure Mode to Parameters is applicable
2024-11-07 23:15:22,720 [INFO] Rule:228 - rule Change TZSC IP Privilege Mode to Parameters is applicable
2024-11-07 23:15:22,720 [INFO] Rule:228 - rule Change TZSC IP No Privilege Mode to Parameters is applicable
2024-11-07 23:15:22,720 [INFO] Rule:228 - rule Change TZIC IT Secure Mode to Parameters is applicable
2024-11-07 23:15:22,720 [INFO] Rule:228 - rule Change TZIC IT No Secure Mode to Parameters is applicable
2024-11-07 23:15:22,720 [INFO] Rule:228 - rule Add MPCBB1_NonSecureArea_Start_Address value with referenced to MPCBB1_NonSecureArea_Start value is applicable
2024-11-07 23:15:22,720 [INFO] Rule:228 - rule Add MPCBB2_NonSecureArea_Start_Address value with referenced to MPCBB2_NonSecureArea_Start value is applicable
2024-11-07 23:15:22,720 [INFO] Rule:228 - rule Add MPCWM1_NonSecureArea*_Start_Address value with referenced to MPCWM1_NonSecureArea*_Start value is applicable
2024-11-07 23:15:22,720 [INFO] Rule:228 - rule Add MPCWM2_NonSecureArea*_Start_Address value with referenced to MPCWM2_NonSecureArea*_Start value is applicable
2024-11-07 23:15:22,720 [INFO] Rule:228 - rule Add MPCWM3_NonSecureArea_Start_Address value with referenced to MPCWM3_NonSecureArea_Start value is applicable
2024-11-07 23:15:22,720 [INFO] Rule:228 - rule Change Default Value for PLL1UserDefinedConfig is applicable
2024-11-07 23:15:22,720 [INFO] Rule:228 - rule Change GPIO_PuPd Default Value for USART in async mode is applicable
2024-11-07 23:15:22,720 [INFO] Rule:228 - rule Change SMPSDivider Default Value is applicable
2024-11-07 23:15:22,720 [INFO] Rule:228 - rule OPAMP is applicable
2024-11-07 23:15:22,720 [INFO] Rule:228 - rule LPUART IPParameter rename Prescaler parameter to ClockPrescaler for STM32H7 is applicable
2024-11-07 23:15:22,720 [INFO] Rule:228 - rule LPUART IPParameter rename Prescaler parameter to ClockPrescaler for STM32H7 is applicable
2024-11-07 23:15:22,720 [INFO] Rule:228 - rule LPUART IPParameter rename Prescaler parameter to ClockPrescaler for STM32WB is applicable
2024-11-07 23:15:22,720 [INFO] Rule:228 - rule LPUART IPParameter rename Prescaler parameter to ClockPrescaler for STM32WB is applicable
2024-11-07 23:15:22,720 [INFO] Rule:228 - rule LPUART IPParameter rename Prescaler parameter to ClockPrescaler for STM32G4 is applicable
2024-11-07 23:15:22,720 [INFO] Rule:228 - rule LPUART IPParameter rename Prescaler parameter to ClockPrescaler for STM32G4 is applicable
2024-11-07 23:15:22,721 [INFO] Rule:228 - rule LPUART IPParameter rename Prescaler parameter to ClockPrescaler for STM32L5 is applicable
2024-11-07 23:15:22,721 [INFO] Rule:228 - rule LPUART IPParameter rename Prescaler parameter to ClockPrescaler for STM32L5 is applicable
2024-11-07 23:15:22,721 [INFO] Rule:228 - rule LPUART IPParameter rename Prescaler parameter to ClockPrescaler for STM32G4 is applicable
2024-11-07 23:15:22,721 [INFO] Rule:228 - rule LPUART IPParameter rename Prescaler parameter to ClockPrescaler for STM32G4 is applicable
2024-11-07 23:15:22,721 [INFO] Rule:228 - rule USB device lib V2.5.3 for L0 rename USBD_SUPPORT_USER_STRING parameter to USBD_SUPPORT_USER_STRING_DESC4 is applicable
2024-11-07 23:15:22,721 [INFO] Rule:228 - rule I2SCLockSelection clock entry align is applicable
2024-11-07 23:15:22,721 [INFO] Rule:228 - rule Assign TIMx context if used as SYS timebase is applicable
2024-11-07 23:15:22,721 [INFO] Rule:228 - rule Change GPIO_Pu Default Value for I2C is applicable
2024-11-07 23:15:22,721 [INFO] Rule:228 - rule Change GPIO_Pu Default Value for SMBus is applicable
2024-11-07 23:15:22,721 [INFO] Rule:228 - rule change FDCAN default value is applicable
2024-11-07 23:15:22,721 [INFO] Rule:228 - rule Change mode sai is applicable
2024-11-07 23:15:22,721 [INFO] Rule:228 - rule **Change sai mode is applicable
2024-11-07 23:15:22,721 [INFO] Rule:228 - rule Rename STM32WPAN CFG_BLE_IRK to CFG_BLE_IR is applicable
2024-11-07 23:15:22,721 [INFO] Rule:228 - rule Rename STM32WPAN CFG_BLE_ERK to CFG_BLE_ER is applicable
2024-11-07 23:15:22,721 [INFO] Rule:228 - rule Rename STM32WPAN CFG_BLE_IRK_HEX to CFG_BLE_IR_HEX is applicable
2024-11-07 23:15:22,721 [INFO] Rule:228 - rule Rename STM32WPAN CFG_BLE_ERK_HEX to CFG_BLE_ER_HEX is applicable
2024-11-07 23:15:22,759 [INFO] DbConfProperties:307 - Apply Compatibility (50/262 Rules)
2024-11-07 23:15:22,775 [INFO] ImportTextPane:205 - (OptionalMessage_ERROR) Unable to find key (Mcu.ThirdPartyNb) in loaded IOC file
2024-11-07 23:15:23,222 [INFO] RtosManager:555 - Registered RTOS mode: class=CMSIS, group=RTOS, mode=CMSIS_V1, owner=FREERTOS
2024-11-07 23:15:23,222 [INFO] RtosManager:555 - Registered RTOS mode: class=CMSIS, group=RTOS2, mode=CMSIS_V2, owner=FREERTOS
2024-11-07 23:15:23,222 [INFO] RtosManager:555 - Registered RTOS mode: class=RTOS, group=Core, mode=CMSIS_V1, owner=FREERTOS
2024-11-07 23:15:23,222 [INFO] RtosManager:555 - Registered RTOS mode: class=RTOS, group=Core, mode=CMSIS_V2, owner=FREERTOS
2024-11-07 23:15:23,222 [WARN] ModelIntegratedComponent:184 - Missing modes for component STMicroelectronics:FreeRTOS:0.0.1:STMicroelectronics:RTOS:FreeRTOS:Core:::10.2.0:
2024-11-07 23:15:23,226 [WARN] ModelIntegratedComponent:63 - No mode defined for component null
2024-11-07 23:15:23,226 [WARN] ModelIntegratedComponent:63 - No mode defined for component null
2024-11-07 23:15:23,226 [WARN] ModelIntegratedComponent:63 - No mode defined for component null
2024-11-07 23:15:23,226 [WARN] ModelIntegratedComponent:63 - No mode defined for component null
2024-11-07 23:15:23,226 [WARN] ModelIntegratedComponent:63 - No mode defined for component null
2024-11-07 23:15:23,226 [WARN] ModelIntegratedComponent:63 - No mode defined for component null
2024-11-07 23:15:23,226 [WARN] ModelIntegratedComponent:63 - No mode defined for component null
2024-11-07 23:15:23,226 [WARN] ModelIntegratedComponent:63 - No mode defined for component null
2024-11-07 23:15:23,226 [WARN] ModelIntegratedComponent:63 - No mode defined for component null
2024-11-07 23:15:23,226 [WARN] ModelIntegratedComponent:63 - No mode defined for component null
2024-11-07 23:15:23,226 [WARN] ModelIntegratedComponent:63 - No mode defined for component null
2024-11-07 23:15:23,226 [WARN] ModelIntegratedComponent:63 - No mode defined for component null
2024-11-07 23:15:23,226 [WARN] ModelIntegratedComponent:63 - No mode defined for component null
2024-11-07 23:15:23,226 [WARN] ModelIntegratedComponent:63 - No mode defined for component null
2024-11-07 23:15:23,226 [WARN] ModelIntegratedComponent:63 - No mode defined for component null
2024-11-07 23:15:23,226 [WARN] ModelIntegratedComponent:63 - No mode defined for component null
2024-11-07 23:15:23,226 [WARN] ModelIntegratedComponent:63 - No mode defined for component null
2024-11-07 23:15:23,226 [WARN] ModelIntegratedComponent:63 - No mode defined for component null
2024-11-07 23:15:23,226 [WARN] ModelIntegratedComponent:63 - No mode defined for component null
2024-11-07 23:15:23,226 [WARN] ModelIntegratedComponent:63 - No mode defined for component null
2024-11-07 23:15:23,226 [WARN] ModelIntegratedComponent:63 - No mode defined for component null
2024-11-07 23:15:23,227 [WARN] ModelIntegratedComponent:63 - No mode defined for component null
2024-11-07 23:15:23,227 [WARN] ModelIntegratedComponent:63 - No mode defined for component null
2024-11-07 23:15:23,227 [WARN] ModelIntegratedComponent:63 - No mode defined for component null
2024-11-07 23:15:23,227 [WARN] ModelIntegratedComponent:63 - No mode defined for component null
2024-11-07 23:15:23,227 [WARN] ModelIntegratedComponent:63 - No mode defined for component null
2024-11-07 23:15:23,227 [WARN] ModelIntegratedComponent:63 - No mode defined for component null
2024-11-07 23:15:23,227 [WARN] ModelIntegratedComponent:63 - No mode defined for component null
2024-11-07 23:15:23,227 [WARN] ModelIntegratedComponent:63 - No mode defined for component null
2024-11-07 23:15:23,227 [WARN] ModelIntegratedComponent:63 - No mode defined for component null
2024-11-07 23:15:23,227 [WARN] ModelIntegratedComponent:63 - No mode defined for component null
2024-11-07 23:15:23,227 [WARN] ModelIntegratedComponent:63 - No mode defined for component null
2024-11-07 23:15:23,227 [WARN] ModelIntegratedComponent:63 - No mode defined for component null
2024-11-07 23:15:23,227 [WARN] ModelIntegratedComponent:63 - No mode defined for component null
2024-11-07 23:15:23,227 [WARN] ModelIntegratedComponent:63 - No mode defined for component null
2024-11-07 23:15:23,227 [WARN] ModelPack:524 - Component already loaded: STMicroelectronics:HAL Drivers:0.0.0:STMicroelectronics:Device:STMicro_Driver:XSPI:HAL::0.0.1:HAL_XSPI
2024-11-07 23:15:23,402 [INFO] ThirdPartyModel:298 - Start build external matchings
2024-11-07 23:15:26,301 [INFO] ThirdPartyModel:316 - End build external matchings
2024-11-07 23:15:26,340 [INFO] ImportTextPane:205 - (OptionalMessage_ERROR) IP (RCC) : Parameter (RTCHSEDivFreq_Value) has invalid value (4000000)
2024-11-07 23:15:26,699 [INFO] UtilMem:75 - End LoadConfig() Used Memory: 918680720 Bytes (1073741824)
2024-11-07 23:15:27,024 [WARN] ThirdParty:833 - waiting for thirdparty lock release [change project]
2024-11-07 23:15:27,024 [INFO] ThirdParty:835 - entering critical section [change project]
2024-11-07 23:15:27,024 [INFO] ThirdParty:1030 - CMSIS Pack Vendor :STMicroelectronics USBPD 4.1
2024-11-07 23:15:27,025 [INFO] ThirdParty:1030 - CMSIS Pack Vendor :STMicroelectronics X-CUBE-GNSS1 6.0.0
2024-11-07 23:15:27,025 [INFO] ThirdParty:1030 - CMSIS Pack Vendor :STMicroelectronics USB_HOST 2.0.0
2024-11-07 23:15:27,025 [INFO] ThirdParty:1030 - CMSIS Pack Vendor :STMicroelectronics FP-SNS-MOTENVWB1 1.4.0
2024-11-07 23:15:27,025 [INFO] ThirdParty:1030 - CMSIS Pack Vendor :STMicroelectronics X-CUBE-AZRTOS-F4 1.1.0
2024-11-07 23:15:27,025 [INFO] ThirdParty:1030 - CMSIS Pack Vendor :STMicroelectronics LIBJPEG 8.0.0
2024-11-07 23:15:27,025 [INFO] ThirdParty:1030 - CMSIS Pack Vendor :wolfSSL I-CUBE-wolfSSL 5.6.3
2024-11-07 23:15:27,025 [INFO] ThirdParty:1030 - CMSIS Pack Vendor :STMicroelectronics X-CUBE-SMBUS 2.1.0
2024-11-07 23:15:27,025 [INFO] ThirdParty:1030 - CMSIS Pack Vendor :STMicroelectronics X-CUBE-WB05N 1.1.0
2024-11-07 23:15:27,025 [INFO] ThirdParty:1030 - CMSIS Pack Vendor :STMicroelectronics X-CUBE-ISPU 2.1.0
2024-11-07 23:15:27,025 [INFO] ThirdParty:1030 - CMSIS Pack Vendor :STMicroelectronics X-CUBE-FREERTOS 1.2.0
2024-11-07 23:15:27,025 [INFO] ThirdParty:1030 - CMSIS Pack Vendor :STMicroelectronics X-CUBE-TOUCHGFX 4.23.0
2024-11-07 23:15:27,025 [INFO] ThirdParty:1030 - CMSIS Pack Vendor :STMicroelectronics X-CUBE-TOUCHGFX 4.23.2
2024-11-07 23:15:27,025 [INFO] ThirdParty:1030 - CMSIS Pack Vendor :STMicroelectronics X-CUBE-AZRTOS-F7 1.1.0
2024-11-07 23:15:27,025 [INFO] ThirdParty:1030 - CMSIS Pack Vendor :STMicroelectronics X-CUBE-AZRTOS-L5 2.0.0
2024-11-07 23:15:27,025 [INFO] ThirdParty:1030 - CMSIS Pack Vendor :STMicroelectronics USB_DEVICE 2.0.0
2024-11-07 23:15:27,025 [INFO] ThirdParty:1030 - CMSIS Pack Vendor :STMicroelectronics X-CUBE-MEMS1 9.6.0
2024-11-07 23:15:27,025 [INFO] ThirdParty:1030 - CMSIS Pack Vendor :STMicroelectronics X-CUBE-EEPRMA1 4.2.0
2024-11-07 23:15:27,025 [INFO] ThirdParty:1030 - CMSIS Pack Vendor :STMicroelectronics X-CUBE-NFC6 3.1.0
2024-11-07 23:15:27,025 [INFO] ThirdParty:1030 - CMSIS Pack Vendor :ITTIA_DB I-CUBE-ITTIADB 8.8.0
2024-11-07 23:15:27,025 [INFO] ThirdParty:1030 - CMSIS Pack Vendor :STMicroelectronics FP-SNS-MOTENV1 4.3.2
2024-11-07 23:15:27,025 [INFO] ThirdParty:1030 - CMSIS Pack Vendor :STMicroelectronics FP-SNS-FLIGHT1 5.0.1
2024-11-07 23:15:27,026 [INFO] ThirdParty:1030 - CMSIS Pack Vendor :STMicroelectronics X-CUBE-MEMS1 11.0.0
2024-11-07 23:15:27,026 [INFO] ThirdParty:1030 - CMSIS Pack Vendor :STMicroelectronics X-CUBE-BLE1 6.2.4
2024-11-07 23:15:27,026 [INFO] ThirdParty:1030 - CMSIS Pack Vendor :STMicroelectronics FreeRTOS 0.0.1
2024-11-07 23:15:27,026 [INFO] ThirdParty:1030 - CMSIS Pack Vendor :STMicroelectronics X-CUBE-BLEMGR 2.0.0
2024-11-07 23:15:27,026 [INFO] ThirdParty:1030 - CMSIS Pack Vendor :STMicroelectronics X-CUBE-DPower 1.2.0
2024-11-07 23:15:27,026 [INFO] ThirdParty:1030 - CMSIS Pack Vendor :STMicroelectronics FP-SNS-FLIGHT1 5.0.2
2024-11-07 23:15:27,026 [INFO] ThirdParty:1030 - CMSIS Pack Vendor :STMicroelectronics X-CUBE-AI 9.0.0
2024-11-07 23:15:27,026 [INFO] ThirdParty:1030 - CMSIS Pack Vendor :STMicroelectronics X-CUBE-AZRTOS-H7 3.1.0
2024-11-07 23:15:27,026 [INFO] ThirdParty:1030 - CMSIS Pack Vendor :STMicroelectronics PDM2PCM 3.3.0
2024-11-07 23:15:27,026 [INFO] ThirdParty:1030 - CMSIS Pack Vendor :STMicroelectronics X-CUBE-DISPLAY 3.0.0
2024-11-07 23:15:27,026 [INFO] ThirdParty:1030 - CMSIS Pack Vendor :STMicroelectronics X-CUBE-BLE1 7.0.0
2024-11-07 23:15:27,026 [INFO] ThirdParty:1030 - CMSIS Pack Vendor :STMicroelectronics X-CUBE-NFC10 1.0.0
2024-11-07 23:15:27,026 [INFO] ThirdParty:1030 - CMSIS Pack Vendor :STMicroelectronics HAL Drivers 0.0.0
2024-11-07 23:15:27,026 [INFO] ThirdParty:1030 - CMSIS Pack Vendor :emotas I-CUBE-CANOPEN 1.3.0
2024-11-07 23:15:27,026 [INFO] ThirdParty:1030 - CMSIS Pack Vendor :STMicroelectronics X-CUBE-TOUCHGFX 4.22.0
2024-11-07 23:15:27,026 [INFO] ThirdParty:1030 - CMSIS Pack Vendor :STMicroelectronics X-CUBE-NFC7 1.0.1
2024-11-07 23:15:27,026 [INFO] ThirdParty:1030 - CMSIS Pack Vendor :STMicroelectronics MBEDTLS 2.14.1
2024-11-07 23:15:27,026 [INFO] ThirdParty:1030 - CMSIS Pack Vendor :STMicroelectronics X-CUBE-TOUCHGFX 4.22.1
2024-11-07 23:15:27,027 [INFO] ThirdParty:1030 - CMSIS Pack Vendor :STMicroelectronics X-CUBE-NFC6 3.0.0
2024-11-07 23:15:27,027 [INFO] ThirdParty:1030 - CMSIS Pack Vendor :STMicroelectronics X-CUBE-EEPRMA1 4.1.0
2024-11-07 23:15:27,027 [INFO] ThirdParty:1030 - CMSIS Pack Vendor :STMicroelectronics X-CUBE-BLEMGR 3.1.0
2024-11-07 23:15:27,027 [INFO] ThirdParty:1030 - CMSIS Pack Vendor :STMicroelectronics FP-SNS-SMARTAG2 1.2.0
2024-11-07 23:15:27,027 [INFO] ThirdParty:1030 - CMSIS Pack Vendor :STMicroelectronics X-CUBE-AZRTOS-WL 2.0.0
2024-11-07 23:15:27,027 [INFO] ThirdParty:1030 - CMSIS Pack Vendor :STMicroelectronics FP-SNS-MOTENV1 5.0.0
2024-11-07 23:15:27,027 [INFO] ThirdParty:1030 - CMSIS Pack Vendor :STMicroelectronics USB_DEVICE 1.0.0
2024-11-07 23:15:27,027 [INFO] ThirdParty:1030 - CMSIS Pack Vendor :STMicroelectronics X-CUBE-AI 8.1.0
2024-11-07 23:15:27,027 [INFO] ThirdParty:1030 - CMSIS Pack Vendor :wolfSSL I-CUBE-wolfMQTT 1.19.0
2024-11-07 23:15:27,027 [INFO] ThirdParty:1030 - CMSIS Pack Vendor :STMicroelectronics X-CUBE-AZRTOS-L4 2.0.0
2024-11-07 23:15:27,027 [INFO] ThirdParty:1030 - CMSIS Pack Vendor :STMicroelectronics ThreadX 0.0.2
2024-11-07 23:15:27,027 [INFO] ThirdParty:1030 - CMSIS Pack Vendor :WES I-CUBE-Cesium 1.3.0
2024-11-07 23:15:27,027 [INFO] ThirdParty:1030 - CMSIS Pack Vendor :STMicroelectronics lwIP 2.1.2
2024-11-07 23:15:27,027 [INFO] ThirdParty:1030 - CMSIS Pack Vendor :STMicroelectronics X-CUBE-SFXS2LP1 4.0.0
2024-11-07 23:15:27,027 [INFO] ThirdParty:1030 - CMSIS Pack Vendor :STMicroelectronics X-CUBE-BLE2 3.3.0
2024-11-07 23:15:27,027 [INFO] ThirdParty:1030 - CMSIS Pack Vendor :STMicroelectronics PDM2PCM 3.2.0
2024-11-07 23:15:27,027 [INFO] ThirdParty:1030 - CMSIS Pack Vendor :STMicroelectronics X-CUBE-ISPU 1.1.0
2024-11-07 23:15:27,027 [INFO] ThirdParty:1030 - CMSIS Pack Vendor :STMicroelectronics X-CUBE-AZRTOS-H7 3.3.0
2024-11-07 23:15:27,027 [INFO] ThirdParty:1030 - CMSIS Pack Vendor :STMicroelectronics X-CUBE-NFC9 1.0.0
2024-11-07 23:15:27,027 [INFO] ThirdParty:1030 - CMSIS Pack Vendor :STMicroelectronics USB_DEVICE 3.0.0
2024-11-07 23:15:27,027 [INFO] ThirdParty:1030 - CMSIS Pack Vendor :STMicroelectronics X-CUBE-TCPP 4.1.0
2024-11-07 23:15:27,027 [INFO] ThirdParty:1030 - CMSIS Pack Vendor :STMicroelectronics X-CUBE-IPS 3.0.0
2024-11-07 23:15:27,028 [INFO] ThirdParty:1030 - CMSIS Pack Vendor :STMicroelectronics X-CUBE-AZRTOS-WB 2.0.0
2024-11-07 23:15:27,028 [INFO] ThirdParty:1030 - CMSIS Pack Vendor :STMicroelectronics X-CUBE-FREERTOS 1.0.1
2024-11-07 23:15:27,028 [INFO] ThirdParty:1030 - CMSIS Pack Vendor :STMicroelectronics X-CUBE-GNSS1 7.0.0
2024-11-07 23:15:27,028 [INFO] ThirdParty:1030 - CMSIS Pack Vendor :STMicroelectronics FP-SNS-STBOX1 2.0.0
2024-11-07 23:15:27,028 [INFO] ThirdParty:1030 - CMSIS Pack Vendor :STMicroelectronics X-CUBE-ALGOBUILD 1.3.0
2024-11-07 23:15:27,028 [INFO] ThirdParty:1030 - CMSIS Pack Vendor :STMicroelectronics X-CUBE-AZRTOS-L5 1.1.0
2024-11-07 23:15:27,028 [INFO] ThirdParty:1030 - CMSIS Pack Vendor :STMicroelectronics X-CUBE-AZRTOS-G0 1.1.0
2024-11-07 23:15:27,028 [INFO] ThirdParty:1030 - CMSIS Pack Vendor :STMicroelectronics X-CUBE-AI 8.0.1
2024-11-07 23:15:27,028 [INFO] ThirdParty:1030 - CMSIS Pack Vendor :STMicroelectronics X-CUBE-SAFEA1 1.2.2
2024-11-07 23:15:27,028 [INFO] ThirdParty:1030 - CMSIS Pack Vendor :STMicroelectronics X-CUBE-NFC4 3.0.0
2024-11-07 23:15:27,028 [INFO] ThirdParty:1030 - CMSIS Pack Vendor :STMicroelectronics X-CUBE-SUBG2 5.0.0
2024-11-07 23:15:27,028 [INFO] ThirdParty:1030 - CMSIS Pack Vendor :STMicroelectronics STM32_WPAN 1.0.0
2024-11-07 23:15:27,028 [INFO] ThirdParty:1030 - CMSIS Pack Vendor :wolfSSL I-CUBE-wolfMQTT 1.18.0
2024-11-07 23:15:27,028 [INFO] ThirdParty:1030 - CMSIS Pack Vendor :EmbeddedOffice I-CUBE-FS-RTOS 1.0.1
2024-11-07 23:15:27,028 [INFO] ThirdParty:1030 - CMSIS Pack Vendor :STMicroelectronics lwIP 2.0.3
2024-11-07 23:15:27,028 [INFO] ThirdParty:1030 - CMSIS Pack Vendor :Cesanta I-CUBE-Mongoose 7.13.0
2024-11-07 23:15:27,028 [INFO] ThirdParty:1030 - CMSIS Pack Vendor :STMicroelectronics USB_HOST 1.0.0
2024-11-07 23:15:27,028 [INFO] ThirdParty:1030 - CMSIS Pack Vendor :STMicroelectronics X-CUBE-TOF1 3.3.1
2024-11-07 23:15:27,028 [INFO] ThirdParty:1030 - CMSIS Pack Vendor :STMicroelectronics X-CUBE-AZRTOS-G4 2.0.0
2024-11-07 23:15:27,028 [INFO] ThirdParty:1030 - CMSIS Pack Vendor :STMicroelectronics PDM2PCM 3.1.0
2024-11-07 23:15:27,028 [INFO] ThirdParty:1030 - CMSIS Pack Vendor :Infineon AIROC-Wi-Fi-Bluetooth-STM32 1.5.1
2024-11-07 23:15:27,029 [INFO] ThirdParty:1030 - CMSIS Pack Vendor :STMicroelectronics X-CUBE-BLEMGR 3.0.0
2024-11-07 23:15:27,029 [INFO] ThirdParty:1030 - CMSIS Pack Vendor :STMicroelectronics FP-SNS-MOTENVWB1 1.3.0
2024-11-07 23:15:27,029 [INFO] ThirdParty:1030 - CMSIS Pack Vendor :RealThread X-CUBE-RT-Thread_Nano 4.1.1
2024-11-07 23:15:27,029 [INFO] ThirdParty:1030 - CMSIS Pack Vendor :STMicroelectronics FP-SNS-MOTENVWB1 1.3.1
2024-11-07 23:15:27,029 [INFO] ThirdParty:1030 - CMSIS Pack Vendor :STMicroelectronics FP-ATR-SIGFOX1 3.2.0
2024-11-07 23:15:27,029 [INFO] ThirdParty:1030 - CMSIS Pack Vendor :STMicroelectronics X-CUBE-ISPU 2.0.0
2024-11-07 23:15:27,029 [INFO] ThirdParty:1030 - CMSIS Pack Vendor :STMicroelectronics X-CUBE-EEPRMA1 5.1.0
2024-11-07 23:15:27,029 [INFO] ThirdParty:1030 - CMSIS Pack Vendor :STMicroelectronics MBEDTLS 2.16.2
2024-11-07 23:15:27,029 [INFO] ThirdParty:1030 - CMSIS Pack Vendor :STMicroelectronics X-CUBE-ALS 1.0.2
2024-11-07 23:15:27,029 [INFO] ThirdParty:1030 - CMSIS Pack Vendor :STMicroelectronics X-CUBE-MEMS1 10.0.0
2024-11-07 23:15:27,029 [INFO] ThirdParty:1030 - CMSIS Pack Vendor :STMicroelectronics X-CUBE-FREERTOS 1.1.0
2024-11-07 23:15:27,029 [INFO] ThirdParty:1030 - CMSIS Pack Vendor :STMicroelectronics X-CUBE-TOUCHGFX 4.24.1
2024-11-07 23:15:27,029 [INFO] ThirdParty:1030 - CMSIS Pack Vendor :wolfSSL I-CUBE-wolfTPM 3.4.0
2024-11-07 23:15:27,029 [INFO] ThirdParty:1030 - CMSIS Pack Vendor :portGmbH I-Cube-SoM-uGOAL 1.1.0
2024-11-07 23:15:27,029 [INFO] ThirdParty:1030 - CMSIS Pack Vendor :STMicroelectronics X-CUBE-ALS 1.0.1
2024-11-07 23:15:27,029 [INFO] ThirdParty:1030 - CMSIS Pack Vendor :STMicroelectronics ThreadX 1.0.0
2024-11-07 23:15:27,029 [INFO] ThirdParty:1030 - CMSIS Pack Vendor :STMicroelectronics X-CUBE-AZRTOS-WB 1.1.0
2024-11-07 23:15:27,029 [INFO] ThirdParty:1030 - CMSIS Pack Vendor :SEGGER I-CUBE-embOS 1.3.1
2024-11-07 23:15:27,029 [INFO] ThirdParty:1030 - CMSIS Pack Vendor :STMicroelectronics X-CUBE-ALGOBUILD 1.4.0
2024-11-07 23:15:27,029 [INFO] ThirdParty:1030 - CMSIS Pack Vendor :STMicroelectronics X-CUBE-AZRTOS-H7RS 1.0.0
2024-11-07 23:15:27,029 [INFO] ThirdParty:1030 - CMSIS Pack Vendor :STMicroelectronics FP-ATR-ASTRA1 2.0.0
2024-11-07 23:15:27,030 [INFO] ThirdParty:1030 - CMSIS Pack Vendor :STMicroelectronics X-CUBE-TOF1 3.4.2
2024-11-07 23:15:27,030 [INFO] ThirdParty:1030 - CMSIS Pack Vendor :STMicroelectronics X-CUBE-AI 9.1.0
2024-11-07 23:15:27,030 [INFO] ThirdParty:1030 - CMSIS Pack Vendor :STMicroelectronics X-CUBE-TOF1 3.4.0
2024-11-07 23:15:27,030 [INFO] ThirdParty:1030 - CMSIS Pack Vendor :STMicroelectronics X-CUBE-TOF1 3.4.1
2024-11-07 23:15:27,030 [INFO] ThirdParty:1030 - CMSIS Pack Vendor :STMicroelectronics X-CUBE-AZRTOS-H7 3.2.0
2024-11-07 23:15:27,030 [INFO] ThirdParty:1030 - CMSIS Pack Vendor :wolfSSL I-CUBE-wolfSSH 1.4.17
2024-11-07 23:15:27,030 [INFO] ThirdParty:841 - exiting critical section [change project]
2024-11-07 23:15:27,298 [INFO] PinOutPanel:1561 - setPackage(No Configuration,No Configuration)
2024-11-07 23:15:27,300 [INFO] PinOutPanel:1561 - setPackage(STM32F407VGTx,LQFP100)
2024-11-07 23:15:27,556 [INFO] UtilMem:75 - Before build in PCC Used Memory: 716591776 Bytes (1073741824)
2024-11-07 23:15:27,794 [INFO] UtilMem:75 - After build in PCC Used Memory: 761253376 Bytes (1073741824)
2024-11-07 23:15:27,801 [INFO] ApiDbMcu:508 - Load IP Config File for USB_HOST
2024-11-07 23:15:27,802 [INFO] Middleware:617 - instanceName : USB_HOST bspName : Drive_VBUS_FS check condition success for : SW_VBUS_DRIVE_AUDIO_FS = false
2024-11-07 23:15:27,802 [INFO] Middleware:617 - instanceName : USB_HOST bspName : Drive_VBUS_FS check condition success for : SW_VBUS_DRIVE_AUDIO_FS = false
2024-11-07 23:15:27,802 [INFO] Middleware:617 - instanceName : USB_HOST bspName : Drive_VBUS_HS check condition success for : SW_VBUS_DRIVE_AUDIO_HS = false
2024-11-07 23:15:27,802 [INFO] Middleware:617 - instanceName : USB_HOST bspName : Drive_VBUS_HS check condition success for : SW_VBUS_DRIVE_AUDIO_HS = false
2024-11-07 23:15:27,802 [INFO] Middleware:617 - instanceName : USB_HOST bspName : Drive_VBUS_FS check condition success for : SW_VBUS_DRIVE_CDC_FS = false
2024-11-07 23:15:27,802 [INFO] Middleware:617 - instanceName : USB_HOST bspName : Drive_VBUS_FS check condition success for : SW_VBUS_DRIVE_CDC_FS = false
2024-11-07 23:15:27,802 [INFO] Middleware:617 - instanceName : USB_HOST bspName : Drive_VBUS_FS check condition success for : SW_VBUS_DRIVE_CDC_FS = false
2024-11-07 23:15:27,802 [INFO] Middleware:617 - instanceName : USB_HOST bspName : Drive_VBUS_HS check condition success for : SW_VBUS_DRIVE_CDC_HS = false
2024-11-07 23:15:27,802 [INFO] Middleware:617 - instanceName : USB_HOST bspName : Drive_VBUS_HS check condition success for : SW_VBUS_DRIVE_CDC_HS = false
2024-11-07 23:15:27,802 [INFO] Middleware:617 - instanceName : USB_HOST bspName : Drive_VBUS_FS check condition success for : SW_VBUS_DRIVE_HID_FS = false
2024-11-07 23:15:27,802 [INFO] Middleware:617 - instanceName : USB_HOST bspName : Drive_VBUS_FS check condition success for : SW_VBUS_DRIVE_HID_FS = false
2024-11-07 23:15:27,802 [INFO] Middleware:617 - instanceName : USB_HOST bspName : Drive_VBUS_HS check condition success for : SW_VBUS_DRIVE_HID_HS = false
2024-11-07 23:15:27,803 [INFO] Middleware:617 - instanceName : USB_HOST bspName : Drive_VBUS_HS check condition success for : SW_VBUS_DRIVE_HID_HS = false
2024-11-07 23:15:27,803 [INFO] Middleware:617 - instanceName : USB_HOST bspName : Drive_VBUS_FS check condition success for : SW_VBUS_DRIVE_MSC_FS = false
2024-11-07 23:15:27,803 [INFO] Middleware:617 - instanceName : USB_HOST bspName : Drive_VBUS_FS check condition success for : SW_VBUS_DRIVE_MSC_FS = false
2024-11-07 23:15:27,803 [INFO] Middleware:617 - instanceName : USB_HOST bspName : Drive_VBUS_HS check condition success for : SW_VBUS_DRIVE_MSC_HS = false
2024-11-07 23:15:27,803 [INFO] Middleware:617 - instanceName : USB_HOST bspName : Drive_VBUS_HS check condition success for : SW_VBUS_DRIVE_MSC_HS = false
2024-11-07 23:15:27,803 [INFO] Middleware:617 - instanceName : USB_HOST bspName : Drive_VBUS_FS check condition success for : ALL_SW_VBUS_DRIVE_FS = false
2024-11-07 23:15:27,803 [INFO] Middleware:617 - instanceName : USB_HOST bspName : Drive_VBUS_FS check condition success for : ALL_SW_VBUS_DRIVE_FS = false
2024-11-07 23:15:27,803 [INFO] Middleware:617 - instanceName : USB_HOST bspName : Drive_VBUS_HS check condition success for : ALL_SW_VBUS_DRIVE_HS = false
2024-11-07 23:15:27,803 [INFO] Middleware:617 - instanceName : USB_HOST bspName : Drive_VBUS_HS check condition success for : ALL_SW_VBUS_DRIVE_HS = false
2024-11-07 23:15:27,803 [INFO] Middleware:617 - instanceName : USB_HOST bspName : Drive_VBUS_FS check condition success for : SW_VBUS_DRIVE_MTP_FS = false
2024-11-07 23:15:27,803 [INFO] Middleware:617 - instanceName : USB_HOST bspName : Drive_VBUS_FS check condition success for : SW_VBUS_DRIVE_MTP_FS = false
2024-11-07 23:15:27,803 [INFO] Middleware:617 - instanceName : USB_HOST bspName : Drive_VBUS_HS check condition success for : SW_VBUS_DRIVE_MTP_HS = false
2024-11-07 23:15:27,804 [INFO] Middleware:617 - instanceName : USB_HOST bspName : Drive_VBUS_HS check condition success for : SW_VBUS_DRIVE_MTP_HS = false
2024-11-07 23:15:27,805 [WARN] BspModel:444 - BSP dependency skipped because of component: name='IOExpander', api='Unknown'
2024-11-07 23:15:27,876 [INFO] IPUIPlugin:80 - create IPUIPlugin
2024-11-07 23:15:27,876 [INFO] IPUIPlugin:80 - create IPUIPlugin
2024-11-07 23:15:27,877 [INFO] IPUIPlugin:80 - create IPUIPlugin
2024-11-07 23:15:27,877 [INFO] IPUIPlugin:80 - create IPUIPlugin
2024-11-07 23:15:27,877 [INFO] IPUIPlugin:80 - create IPUIPlugin
2024-11-07 23:15:27,877 [INFO] IPUIPlugin:80 - create IPUIPlugin
2024-11-07 23:15:27,877 [INFO] IPUIPlugin:80 - create IPUIPlugin
2024-11-07 23:15:27,877 [INFO] IPUIPlugin:80 - create IPUIPlugin
2024-11-07 23:15:27,877 [INFO] IPUIPlugin:80 - create IPUIPlugin
2024-11-07 23:15:27,878 [INFO] IPUIPlugin:80 - create IPUIPlugin
2024-11-07 23:15:27,878 [INFO] IPUIPlugin:80 - create IPUIPlugin
2024-11-07 23:15:27,878 [INFO] IPUIPlugin:80 - create IPUIPlugin
2024-11-07 23:15:27,878 [INFO] IPUIPlugin:80 - create IPUIPlugin
2024-11-07 23:15:27,878 [INFO] IPUIPlugin:80 - create IPUIPlugin
2024-11-07 23:15:27,878 [INFO] IPUIPlugin:80 - create IPUIPlugin
2024-11-07 23:15:27,878 [INFO] IPUIPlugin:80 - create IPUIPlugin
2024-11-07 23:15:27,879 [INFO] IPUIPlugin:80 - create IPUIPlugin
2024-11-07 23:15:27,879 [INFO] IPUIPlugin:80 - create IPUIPlugin
2024-11-07 23:15:27,879 [INFO] IPUIPlugin:80 - create IPUIPlugin
2024-11-07 23:15:27,879 [INFO] IPUIPlugin:80 - create IPUIPlugin
2024-11-07 23:15:27,880 [INFO] IPUIPlugin:80 - create IPUIPlugin
2024-11-07 23:15:27,880 [INFO] IPUIPlugin:80 - create IPUIPlugin
2024-11-07 23:15:27,880 [INFO] IPUIPlugin:80 - create IPUIPlugin
2024-11-07 23:15:27,880 [INFO] IPUIPlugin:80 - create IPUIPlugin
2024-11-07 23:15:27,881 [INFO] IPUIPlugin:80 - create IPUIPlugin
2024-11-07 23:15:27,882 [INFO] IPUIPlugin:80 - create IPUIPlugin
2024-11-07 23:15:27,882 [INFO] IPUIPlugin:80 - create IPUIPlugin
2024-11-07 23:15:27,883 [INFO] IPUIPlugin:80 - create IPUIPlugin
2024-11-07 23:15:27,884 [INFO] IPUIPlugin:80 - create IPUIPlugin
2024-11-07 23:15:27,884 [INFO] IPUIPlugin:80 - create IPUIPlugin
2024-11-07 23:15:27,884 [INFO] IPUIPlugin:80 - create IPUIPlugin
2024-11-07 23:15:27,885 [INFO] IPUIPlugin:80 - create IPUIPlugin
2024-11-07 23:15:27,885 [INFO] IPUIPlugin:80 - create IPUIPlugin
2024-11-07 23:15:27,885 [INFO] IPUIPlugin:80 - create IPUIPlugin
2024-11-07 23:15:27,886 [INFO] IPUIPlugin:80 - create IPUIPlugin
2024-11-07 23:15:27,886 [INFO] IPUIPlugin:80 - create IPUIPlugin
2024-11-07 23:15:27,886 [INFO] IPUIPlugin:80 - create IPUIPlugin
2024-11-07 23:15:27,887 [INFO] IPUIPlugin:80 - create IPUIPlugin
2024-11-07 23:15:27,887 [INFO] IPUIPlugin:80 - create IPUIPlugin
2024-11-07 23:15:27,887 [INFO] IPUIPlugin:80 - create IPUIPlugin
2024-11-07 23:15:27,888 [INFO] IPUIPlugin:80 - create IPUIPlugin
2024-11-07 23:15:27,888 [INFO] IPUIPlugin:80 - create IPUIPlugin
2024-11-07 23:15:27,888 [INFO] IPUIPlugin:80 - create IPUIPlugin
2024-11-07 23:15:27,889 [INFO] IPUIPlugin:80 - create IPUIPlugin
2024-11-07 23:15:27,889 [INFO] IPUIPlugin:80 - create IPUIPlugin
2024-11-07 23:15:27,890 [INFO] IPUIPlugin:80 - create IPUIPlugin
2024-11-07 23:15:27,890 [INFO] IPUIPlugin:80 - create IPUIPlugin
2024-11-07 23:15:27,891 [INFO] IPUIPlugin:80 - create IPUIPlugin
2024-11-07 23:15:27,891 [INFO] IPUIPlugin:80 - create IPUIPlugin
2024-11-07 23:15:27,892 [INFO] IPUIPlugin:80 - create IPUIPlugin
2024-11-07 23:15:27,893 [INFO] IPUIPlugin:80 - create IPUIPlugin
2024-11-07 23:15:27,893 [INFO] IPUIPlugin:80 - create IPUIPlugin
2024-11-07 23:15:27,893 [INFO] IPUIPlugin:80 - create IPUIPlugin
2024-11-07 23:15:27,894 [INFO] IPUIPlugin:80 - create IPUIPlugin
2024-11-07 23:15:27,894 [INFO] IPUIPlugin:80 - create IPUIPlugin
2024-11-07 23:15:27,895 [INFO] IPUIPlugin:80 - create IPUIPlugin
2024-11-07 23:15:27,896 [INFO] IPUIPlugin:80 - create IPUIPlugin
2024-11-07 23:15:27,897 [INFO] IPUIPlugin:80 - create IPUIPlugin
2024-11-07 23:15:27,902 [INFO] ApiDbMcu:508 - Load IP Config File for PDM2PCM
2024-11-07 23:15:27,903 [WARN] IP:2191 - I2C_Coeff_DF not found: check if there is a RefParameter without a condition.
2024-11-07 23:15:27,903 [WARN] IP:2191 - Analog_Filter not found: check if there is a RefParameter without a condition.
2024-11-07 23:15:27,917 [INFO] I2sManager:658 - 9.6E7
2024-11-07 23:15:27,918 [INFO] I2sManager:195 - I2S Clock Value : 9.6E7
2024-11-07 23:15:27,919 [INFO] I2sManager:553 - AudioClock : 93750Divider : 2Odd : 0
2024-11-07 23:15:28,040 [INFO] CADModel:165 - CPN selected for project levelSTM32F407VGT6
2024-11-07 23:15:28,040 [INFO] CADModel:114 - Register for checkConnection events
2024-11-07 23:15:28,079 [INFO] OpenFileManager:363 - Restore cursor
2024-11-07 23:15:28,320 [WARN] IP:2191 - I2C_Coeff_DF not found: check if there is a RefParameter without a condition.
2024-11-07 23:15:28,321 [WARN] IP:2191 - Analog_Filter not found: check if there is a RefParameter without a condition.
2024-11-07 23:15:28,321 [WARN] IP:2191 - I2C_Coeff_DF not found: check if there is a RefParameter without a condition.
2024-11-07 23:15:28,322 [WARN] IP:2191 - Analog_Filter not found: check if there is a RefParameter without a condition.
2024-11-07 23:15:28,342 [INFO] Middleware:617 - instanceName : USB_HOST bspName : Drive_VBUS_FS check condition success for : SW_VBUS_DRIVE_AUDIO_FS = false
2024-11-07 23:15:28,343 [INFO] Middleware:617 - instanceName : USB_HOST bspName : Drive_VBUS_FS check condition success for : SW_VBUS_DRIVE_AUDIO_FS = false
2024-11-07 23:15:28,343 [INFO] Middleware:617 - instanceName : USB_HOST bspName : Drive_VBUS_HS check condition success for : SW_VBUS_DRIVE_AUDIO_HS = false
2024-11-07 23:15:28,343 [INFO] Middleware:617 - instanceName : USB_HOST bspName : Drive_VBUS_HS check condition success for : SW_VBUS_DRIVE_AUDIO_HS = false
2024-11-07 23:15:28,343 [INFO] Middleware:617 - instanceName : USB_HOST bspName : Drive_VBUS_FS check condition success for : SW_VBUS_DRIVE_CDC_FS = false
2024-11-07 23:15:28,343 [INFO] Middleware:617 - instanceName : USB_HOST bspName : Drive_VBUS_FS check condition success for : SW_VBUS_DRIVE_CDC_FS = false
2024-11-07 23:15:28,343 [INFO] Middleware:617 - instanceName : USB_HOST bspName : Drive_VBUS_FS check condition success for : SW_VBUS_DRIVE_CDC_FS = false
2024-11-07 23:15:28,343 [INFO] Middleware:617 - instanceName : USB_HOST bspName : Drive_VBUS_HS check condition success for : SW_VBUS_DRIVE_CDC_HS = false
2024-11-07 23:15:28,343 [INFO] Middleware:617 - instanceName : USB_HOST bspName : Drive_VBUS_HS check condition success for : SW_VBUS_DRIVE_CDC_HS = false
2024-11-07 23:15:28,343 [INFO] Middleware:617 - instanceName : USB_HOST bspName : Drive_VBUS_FS check condition success for : SW_VBUS_DRIVE_HID_FS = false
2024-11-07 23:15:28,343 [INFO] Middleware:617 - instanceName : USB_HOST bspName : Drive_VBUS_FS check condition success for : SW_VBUS_DRIVE_HID_FS = false
2024-11-07 23:15:28,343 [INFO] Middleware:617 - instanceName : USB_HOST bspName : Drive_VBUS_HS check condition success for : SW_VBUS_DRIVE_HID_HS = false
2024-11-07 23:15:28,343 [INFO] Middleware:617 - instanceName : USB_HOST bspName : Drive_VBUS_HS check condition success for : SW_VBUS_DRIVE_HID_HS = false
2024-11-07 23:15:28,343 [INFO] Middleware:617 - instanceName : USB_HOST bspName : Drive_VBUS_FS check condition success for : SW_VBUS_DRIVE_MSC_FS = false
2024-11-07 23:15:28,343 [INFO] Middleware:617 - instanceName : USB_HOST bspName : Drive_VBUS_FS check condition success for : SW_VBUS_DRIVE_MSC_FS = false
2024-11-07 23:15:28,343 [INFO] Middleware:617 - instanceName : USB_HOST bspName : Drive_VBUS_HS check condition success for : SW_VBUS_DRIVE_MSC_HS = false
2024-11-07 23:15:28,344 [INFO] Middleware:617 - instanceName : USB_HOST bspName : Drive_VBUS_HS check condition success for : SW_VBUS_DRIVE_MSC_HS = false
2024-11-07 23:15:28,344 [INFO] Middleware:617 - instanceName : USB_HOST bspName : Drive_VBUS_FS check condition success for : ALL_SW_VBUS_DRIVE_FS = false
2024-11-07 23:15:28,344 [INFO] Middleware:617 - instanceName : USB_HOST bspName : Drive_VBUS_FS check condition success for : ALL_SW_VBUS_DRIVE_FS = false
2024-11-07 23:15:28,344 [INFO] Middleware:617 - instanceName : USB_HOST bspName : Drive_VBUS_HS check condition success for : ALL_SW_VBUS_DRIVE_HS = false
2024-11-07 23:15:28,344 [INFO] Middleware:617 - instanceName : USB_HOST bspName : Drive_VBUS_HS check condition success for : ALL_SW_VBUS_DRIVE_HS = false
2024-11-07 23:15:28,344 [INFO] Middleware:617 - instanceName : USB_HOST bspName : Drive_VBUS_FS check condition success for : SW_VBUS_DRIVE_MTP_FS = false
2024-11-07 23:15:28,344 [INFO] Middleware:617 - instanceName : USB_HOST bspName : Drive_VBUS_FS check condition success for : SW_VBUS_DRIVE_MTP_FS = false
2024-11-07 23:15:28,344 [INFO] Middleware:617 - instanceName : USB_HOST bspName : Drive_VBUS_HS check condition success for : SW_VBUS_DRIVE_MTP_HS = false
2024-11-07 23:15:28,344 [INFO] Middleware:617 - instanceName : USB_HOST bspName : Drive_VBUS_HS check condition success for : SW_VBUS_DRIVE_MTP_HS = false
2024-11-07 23:15:28,655 [INFO] UtilMem:75 - End SaveConfig() Used Memory: 900003680 Bytes (1073741824)
2024-11-07 23:15:28,889 [INFO] UtilMem:75 - End SaveConfig() Used Memory: 922304544 Bytes (1073741824)
2024-11-07 23:15:29,190 [INFO] BlockDiagram:2766 - set Specific Code input for plugin: SPI
2024-11-07 23:15:29,190 [INFO] BlockDiagram:2766 - set Specific Code input for plugin: I2S
2024-11-07 23:15:29,190 [INFO] BlockDiagram:2766 - set Specific Code input for plugin: SYS
2024-11-07 23:15:29,190 [INFO] BlockDiagram:2766 - set Specific Code input for plugin: RCC
2024-11-07 23:15:29,190 [INFO] BlockDiagram:2766 - set Specific Code input for plugin: I2C
2024-11-07 23:15:29,190 [INFO] BlockDiagram:2766 - set Specific Code input for plugin: USB_OTG_FS
2024-11-07 23:15:29,190 [INFO] BlockDiagram:2766 - set Specific Code input for plugin: NVIC
2024-11-07 23:15:29,190 [INFO] BlockDiagram:2766 - set Specific Code input for plugin: USB_HOST
2024-11-07 23:15:29,190 [INFO] BlockDiagram:2766 - set Specific Code input for plugin: GPIO
2024-11-07 23:15:29,191 [INFO] CodeGenerator:807 - code generatio: config db path: C:\ST\STM32CubeIDE_1.9.0\STM32CubeIDE\plugins\com.st.stm32cube.common.mx_6.12.1.202409122256\\db\
2024-11-07 23:15:29,204 [WARN] IP:2191 - I2C_Coeff_DF not found: check if there is a RefParameter without a condition.
2024-11-07 23:15:29,204 [WARN] IP:2191 - Analog_Filter not found: check if there is a RefParameter without a condition.
2024-11-07 23:15:29,342 [INFO] CodeEngine:255 - oldGeneratedFile, C:\learning\MasterRTOS\RTOS_workspace\008Queues_n_timers\MXTmpFiles\license.tmp_save
2024-11-07 23:15:29,476 [INFO] CodeEngine:279 - Generated code: C:\learning\MasterRTOS\RTOS_workspace\008Queues_n_timers\MXTmpFiles\license.tmp
2024-11-07 23:15:29,543 [INFO] CodeEngine:255 - oldGeneratedFile, C:\learning\MasterRTOS\RTOS_workspace\008Queues_n_timers\MXTmpFiles\gpio.tmp_save
2024-11-07 23:15:29,664 [INFO] CodeEngine:279 - Generated code: C:\learning\MasterRTOS\RTOS_workspace\008Queues_n_timers\MXTmpFiles\gpio.tmp
2024-11-07 23:15:29,771 [WARN] IPConfigManager:3005 - Warning: the RefConfig PWREx_EnableUSBVoltageDetector is not available in your config.xml file
2024-11-07 23:15:29,786 [INFO] CodeEngine:255 - oldGeneratedFile, C:\learning\MasterRTOS\RTOS_workspace\008Queues_n_timers\MXTmpFiles\usb_otg_fs_vars.tmp_save
2024-11-07 23:15:29,881 [INFO] CodeEngine:279 - Generated code: C:\learning\MasterRTOS\RTOS_workspace\008Queues_n_timers\MXTmpFiles\usb_otg_fs_vars.tmp
2024-11-07 23:15:29,888 [INFO] CodeEngine:255 - oldGeneratedFile, C:\learning\MasterRTOS\RTOS_workspace\008Queues_n_timers\MXTmpFiles\usb_otg_fs_inc.tmp_save
2024-11-07 23:15:29,987 [INFO] CodeEngine:279 - Generated code: C:\learning\MasterRTOS\RTOS_workspace\008Queues_n_timers\MXTmpFiles\usb_otg_fs_inc.tmp
2024-11-07 23:15:29,995 [INFO] CodeEngine:255 - oldGeneratedFile, C:\learning\MasterRTOS\RTOS_workspace\008Queues_n_timers\MXTmpFiles\usb_otg_fs_HalInit.tmp_save
2024-11-07 23:15:30,165 [INFO] CodeEngine:279 - Generated code: C:\learning\MasterRTOS\RTOS_workspace\008Queues_n_timers\MXTmpFiles\usb_otg_fs_HalInit.tmp
2024-11-07 23:15:30,172 [INFO] CodeEngine:255 - oldGeneratedFile, C:\learning\MasterRTOS\RTOS_workspace\008Queues_n_timers\MXTmpFiles\usb_otg_fs_Msp.tmp_save
2024-11-07 23:15:30,315 [INFO] CodeEngine:279 - Generated code: C:\learning\MasterRTOS\RTOS_workspace\008Queues_n_timers\MXTmpFiles\usb_otg_fs_Msp.tmp
2024-11-07 23:15:30,646 [INFO] CodeEngine:255 - oldGeneratedFile, C:\learning\MasterRTOS\RTOS_workspace\008Queues_n_timers\USB_HOST\App\usb_host.c_save
2024-11-07 23:15:30,768 [INFO] CodeEngine:279 - Generated code: C:\learning\MasterRTOS\RTOS_workspace\008Queues_n_timers\USB_HOST\App\usb_host.c
2024-11-07 23:15:30,777 [INFO] CodeEngine:255 - oldGeneratedFile, C:\learning\MasterRTOS\RTOS_workspace\008Queues_n_timers\USB_HOST\App\usb_host.h_save
2024-11-07 23:15:30,886 [INFO] CodeEngine:279 - Generated code: C:\learning\MasterRTOS\RTOS_workspace\008Queues_n_timers\USB_HOST\App\usb_host.h
2024-11-07 23:15:30,894 [INFO] CodeEngine:255 - oldGeneratedFile, C:\learning\MasterRTOS\RTOS_workspace\008Queues_n_timers\USB_HOST\Target\usbh_conf.h_save
2024-11-07 23:15:31,005 [INFO] CodeEngine:279 - Generated code: C:\learning\MasterRTOS\RTOS_workspace\008Queues_n_timers\USB_HOST\Target\usbh_conf.h
2024-11-07 23:15:31,013 [INFO] CodeEngine:255 - oldGeneratedFile, C:\learning\MasterRTOS\RTOS_workspace\008Queues_n_timers\USB_HOST\Target\usbh_conf.c_save
2024-11-07 23:15:31,123 [INFO] CodeEngine:279 - Generated code: C:\learning\MasterRTOS\RTOS_workspace\008Queues_n_timers\USB_HOST\Target\usbh_conf.c
2024-11-07 23:15:31,131 [INFO] CodeEngine:255 - oldGeneratedFile, C:\learning\MasterRTOS\RTOS_workspace\008Queues_n_timers\USB_HOST\Target\usbh_platform.c_save
2024-11-07 23:15:31,267 [INFO] CodeEngine:279 - Generated code: C:\learning\MasterRTOS\RTOS_workspace\008Queues_n_timers\USB_HOST\Target\usbh_platform.c
2024-11-07 23:15:31,276 [INFO] CodeEngine:255 - oldGeneratedFile, C:\learning\MasterRTOS\RTOS_workspace\008Queues_n_timers\USB_HOST\Target\usbh_platform.h_save
2024-11-07 23:15:31,384 [INFO] CodeEngine:279 - Generated code: C:\learning\MasterRTOS\RTOS_workspace\008Queues_n_timers\USB_HOST\Target\usbh_platform.h
2024-11-07 23:15:31,411 [INFO] CodeEngine:255 - oldGeneratedFile, C:\learning\MasterRTOS\RTOS_workspace\008Queues_n_timers\Core\Src\stm32f4xx_it.c_save
2024-11-07 23:15:31,629 [INFO] CodeEngine:279 - Generated code: C:\learning\MasterRTOS\RTOS_workspace\008Queues_n_timers\Core\Src\stm32f4xx_it.c
2024-11-07 23:15:31,638 [INFO] CodeEngine:255 - oldGeneratedFile, C:\learning\MasterRTOS\RTOS_workspace\008Queues_n_timers\Core\Inc\stm32f4xx_it.h_save
2024-11-07 23:15:31,714 [INFO] CodeEngine:279 - Generated code: C:\learning\MasterRTOS\RTOS_workspace\008Queues_n_timers\Core\Inc\stm32f4xx_it.h
2024-11-07 23:15:31,741 [INFO] CodeEngine:255 - oldGeneratedFile, C:\learning\MasterRTOS\RTOS_workspace\008Queues_n_timers\Core\Src\stm32f4xx_hal_msp.c_save
2024-11-07 23:15:31,845 [INFO] CodeEngine:279 - Generated code: C:\learning\MasterRTOS\RTOS_workspace\008Queues_n_timers\Core\Src\stm32f4xx_hal_msp.c
2024-11-07 23:15:31,851 [INFO] CodeEngine:255 - oldGeneratedFile, C:\learning\MasterRTOS\RTOS_workspace\008Queues_n_timers\MXTmpFiles\system.tmp_save
2024-11-07 23:15:31,918 [INFO] CodeEngine:279 - Generated code: C:\learning\MasterRTOS\RTOS_workspace\008Queues_n_timers\MXTmpFiles\system.tmp
2024-11-07 23:15:31,934 [INFO] CodeEngine:311 - oldGeneratedFile, C:\learning\MasterRTOS\RTOS_workspace\008Queues_n_timers\Core\Inc\stm32f4xx_hal_conf.h_save
2024-11-07 23:15:32,046 [INFO] CodeEngine:335 - Generated code: C:\learning\MasterRTOS\RTOS_workspace\008Queues_n_timers\Core\Inc\stm32f4xx_hal_conf.h
2024-11-07 23:15:32,088 [INFO] CodeEngine:255 - oldGeneratedFile, C:\learning\MasterRTOS\RTOS_workspace\008Queues_n_timers\Core\Inc\main.h_save
2024-11-07 23:15:32,187 [INFO] CodeEngine:279 - Generated code: C:\learning\MasterRTOS\RTOS_workspace\008Queues_n_timers\Core\Inc\main.h
2024-11-07 23:15:32,193 [INFO] CodeEngine:255 - oldGeneratedFile, C:\learning\MasterRTOS\RTOS_workspace\008Queues_n_timers\Core\Src\main.c_save
2024-11-07 23:15:32,339 [INFO] CodeEngine:279 - Generated code: C:\learning\MasterRTOS\RTOS_workspace\008Queues_n_timers\Core\Src\main.c
2024-11-07 23:15:33,040 [INFO] ProjectBuilder:3249 - Time for Copy HAL[1] : 445mS.
2024-11-07 23:15:33,054 [INFO] ProjectBuilder:4828 - Project Generator version: 4.5.0-B34
2024-11-07 23:15:33,178 [INFO] ConfigFileManager:1531 - The Die is : DIE413
2024-11-07 23:15:33,180 [INFO] ApiDbMcu:508 - Load IP Config File for FATFS
2024-11-07 23:15:33,185 [INFO] ApiDbMcu:508 - Load IP Config File for FREERTOS
2024-11-07 23:15:33,187 [INFO] ApiDbMcu:508 - Load IP Config File for LIBJPEG
2024-11-07 23:15:33,194 [INFO] ApiDbMcu:508 - Load IP Config File for LWIP
2024-11-07 23:15:33,200 [INFO] ApiDbMcu:508 - Load IP Config File for MBEDTLS
2024-11-07 23:15:33,207 [INFO] ApiDbMcu:508 - Load IP Config File for USB_DEVICE
2024-11-07 23:15:34,995 [INFO] WebApp:189 - Connection lost
2024-11-07 23:15:35,155 [INFO] WebApp:186 - Connection restablished
2024-11-07 23:15:38,020 [INFO] ProjectBuilder:5097 - Time for Generating toolchain IDE Files: 4965mS.
2024-11-07 23:15:38,021 [INFO] ProjectBuilder:3107 - Time for Copy CMSIS : 1mS.
2024-11-07 23:15:38,030 [INFO] ProjectBuilder:3107 - Time for Copy CMSIS : 0mS.
2024-11-07 23:15:38,537 [INFO] McuFinderGlobals:76 - Set McuFinderConnectedMode to true
2024-11-07 23:15:38,539 [INFO] ApiDb:448 - Save user favorites file C:\Users\hsuankai.chang/.stm32cubeide/favorites.mcus.txt: 0 item(s)
2024-11-07 23:15:38,540 [INFO] ApiDb:452 - User favorites MCUs=[]
2024-11-07 23:15:38,541 [INFO] ApiDb:448 - Save user favorites file C:\Users\hsuankai.chang/.stm32cubeide/favorites.boards.txt: 2 item(s)
2024-11-07 23:15:38,541 [INFO] ApiDb:452 - User favorites Boards=[B-L462E-CELL1, B-L475E-IOT01A2]
2024-11-07 23:15:45,171 [INFO] Gpio:277 - dependency for GPIO [I2C1, I2S3, RCC, SPI1, SYS, USB_OTG_FS]
2024-11-07 23:15:45,969 [INFO] WebApp:189 - Connection lost
2024-11-07 23:15:46,078 [INFO] WebApp:186 - Connection restablished
2024-11-07 23:16:50,471 [INFO] WebApp:189 - Connection lost
2024-11-07 23:16:50,608 [INFO] WebApp:186 - Connection restablished
2024-11-07 23:17:01,479 [INFO] WebApp:189 - Connection lost
2024-11-07 23:17:01,589 [INFO] WebApp:186 - Connection restablished
2024-11-07 23:18:05,997 [INFO] WebApp:189 - Connection lost
2024-11-07 23:18:06,188 [INFO] WebApp:186 - Connection restablished
2024-11-07 23:18:18,893 [INFO] Gpio:277 - dependency for GPIO [I2C1, I2S3, RCC, SPI1, SYS, USB_OTG_FS]
2024-11-07 23:18:22,427 [INFO] Middleware:617 - instanceName : USB_HOST bspName : Drive_VBUS_FS check condition success for : SW_VBUS_DRIVE_AUDIO_FS = false
2024-11-07 23:18:22,427 [INFO] Middleware:617 - instanceName : USB_HOST bspName : Drive_VBUS_FS check condition success for : SW_VBUS_DRIVE_AUDIO_FS = false
2024-11-07 23:18:22,427 [INFO] Middleware:617 - instanceName : USB_HOST bspName : Drive_VBUS_HS check condition success for : SW_VBUS_DRIVE_AUDIO_HS = false
2024-11-07 23:18:22,427 [INFO] Middleware:617 - instanceName : USB_HOST bspName : Drive_VBUS_HS check condition success for : SW_VBUS_DRIVE_AUDIO_HS = false
2024-11-07 23:18:22,427 [INFO] Middleware:617 - instanceName : USB_HOST bspName : Drive_VBUS_FS check condition success for : SW_VBUS_DRIVE_CDC_FS = false
2024-11-07 23:18:22,428 [INFO] Middleware:617 - instanceName : USB_HOST bspName : Drive_VBUS_FS check condition success for : SW_VBUS_DRIVE_CDC_FS = false
2024-11-07 23:18:22,428 [INFO] Middleware:617 - instanceName : USB_HOST bspName : Drive_VBUS_FS check condition success for : SW_VBUS_DRIVE_CDC_FS = false
2024-11-07 23:18:22,428 [INFO] Middleware:617 - instanceName : USB_HOST bspName : Drive_VBUS_HS check condition success for : SW_VBUS_DRIVE_CDC_HS = false
2024-11-07 23:18:22,428 [INFO] Middleware:617 - instanceName : USB_HOST bspName : Drive_VBUS_HS check condition success for : SW_VBUS_DRIVE_CDC_HS = false
2024-11-07 23:18:22,428 [INFO] Middleware:617 - instanceName : USB_HOST bspName : Drive_VBUS_FS check condition success for : SW_VBUS_DRIVE_HID_FS = false
2024-11-07 23:18:22,428 [INFO] Middleware:617 - instanceName : USB_HOST bspName : Drive_VBUS_FS check condition success for : SW_VBUS_DRIVE_HID_FS = false
2024-11-07 23:18:22,428 [INFO] Middleware:617 - instanceName : USB_HOST bspName : Drive_VBUS_HS check condition success for : SW_VBUS_DRIVE_HID_HS = false
2024-11-07 23:18:22,428 [INFO] Middleware:617 - instanceName : USB_HOST bspName : Drive_VBUS_HS check condition success for : SW_VBUS_DRIVE_HID_HS = false
2024-11-07 23:18:22,428 [INFO] Middleware:617 - instanceName : USB_HOST bspName : Drive_VBUS_FS check condition success for : SW_VBUS_DRIVE_MSC_FS = false
2024-11-07 23:18:22,428 [INFO] Middleware:617 - instanceName : USB_HOST bspName : Drive_VBUS_FS check condition success for : SW_VBUS_DRIVE_MSC_FS = false
2024-11-07 23:18:22,428 [INFO] Middleware:617 - instanceName : USB_HOST bspName : Drive_VBUS_HS check condition success for : SW_VBUS_DRIVE_MSC_HS = false
2024-11-07 23:18:22,428 [INFO] Middleware:617 - instanceName : USB_HOST bspName : Drive_VBUS_HS check condition success for : SW_VBUS_DRIVE_MSC_HS = false
2024-11-07 23:18:22,428 [INFO] Middleware:617 - instanceName : USB_HOST bspName : Drive_VBUS_FS check condition success for : ALL_SW_VBUS_DRIVE_FS = false
2024-11-07 23:18:22,428 [INFO] Middleware:617 - instanceName : USB_HOST bspName : Drive_VBUS_FS check condition success for : ALL_SW_VBUS_DRIVE_FS = false
2024-11-07 23:18:22,428 [INFO] Middleware:617 - instanceName : USB_HOST bspName : Drive_VBUS_HS check condition success for : ALL_SW_VBUS_DRIVE_HS = false
2024-11-07 23:18:22,428 [INFO] Middleware:617 - instanceName : USB_HOST bspName : Drive_VBUS_HS check condition success for : ALL_SW_VBUS_DRIVE_HS = false
2024-11-07 23:18:22,428 [INFO] Middleware:617 - instanceName : USB_HOST bspName : Drive_VBUS_FS check condition success for : SW_VBUS_DRIVE_MTP_FS = false
2024-11-07 23:18:22,428 [INFO] Middleware:617 - instanceName : USB_HOST bspName : Drive_VBUS_FS check condition success for : SW_VBUS_DRIVE_MTP_FS = false
2024-11-07 23:18:22,428 [INFO] Middleware:617 - instanceName : USB_HOST bspName : Drive_VBUS_HS check condition success for : SW_VBUS_DRIVE_MTP_HS = false
2024-11-07 23:18:22,429 [INFO] Middleware:617 - instanceName : USB_HOST bspName : Drive_VBUS_HS check condition success for : SW_VBUS_DRIVE_MTP_HS = false
2024-11-07 23:18:22,429 [WARN] BspModel:444 - BSP dependency skipped because of component: name='IOExpander', api='Unknown'
2024-11-07 23:18:22,587 [INFO] Middleware:617 - instanceName : USB_HOST bspName : Drive_VBUS_FS check condition success for : SW_VBUS_DRIVE_AUDIO_FS = false
2024-11-07 23:18:22,587 [INFO] Middleware:617 - instanceName : USB_HOST bspName : Drive_VBUS_FS check condition success for : SW_VBUS_DRIVE_AUDIO_FS = false
2024-11-07 23:18:22,587 [INFO] Middleware:617 - instanceName : USB_HOST bspName : Drive_VBUS_HS check condition success for : SW_VBUS_DRIVE_AUDIO_HS = false
2024-11-07 23:18:22,587 [INFO] Middleware:617 - instanceName : USB_HOST bspName : Drive_VBUS_HS check condition success for : SW_VBUS_DRIVE_AUDIO_HS = false
2024-11-07 23:18:22,587 [INFO] Middleware:617 - instanceName : USB_HOST bspName : Drive_VBUS_FS check condition success for : SW_VBUS_DRIVE_CDC_FS = false
2024-11-07 23:18:22,587 [INFO] Middleware:617 - instanceName : USB_HOST bspName : Drive_VBUS_FS check condition success for : SW_VBUS_DRIVE_CDC_FS = false
2024-11-07 23:18:22,587 [INFO] Middleware:617 - instanceName : USB_HOST bspName : Drive_VBUS_FS check condition success for : SW_VBUS_DRIVE_CDC_FS = false
2024-11-07 23:18:22,587 [INFO] Middleware:617 - instanceName : USB_HOST bspName : Drive_VBUS_HS check condition success for : SW_VBUS_DRIVE_CDC_HS = false
2024-11-07 23:18:22,587 [INFO] Middleware:617 - instanceName : USB_HOST bspName : Drive_VBUS_HS check condition success for : SW_VBUS_DRIVE_CDC_HS = false
2024-11-07 23:18:22,587 [INFO] Middleware:617 - instanceName : USB_HOST bspName : Drive_VBUS_FS check condition success for : SW_VBUS_DRIVE_HID_FS = false
2024-11-07 23:18:22,588 [INFO] Middleware:617 - instanceName : USB_HOST bspName : Drive_VBUS_FS check condition success for : SW_VBUS_DRIVE_HID_FS = false
2024-11-07 23:18:22,588 [INFO] Middleware:617 - instanceName : USB_HOST bspName : Drive_VBUS_HS check condition success for : SW_VBUS_DRIVE_HID_HS = false
2024-11-07 23:18:22,588 [INFO] Middleware:617 - instanceName : USB_HOST bspName : Drive_VBUS_HS check condition success for : SW_VBUS_DRIVE_HID_HS = false
2024-11-07 23:18:22,588 [INFO] Middleware:617 - instanceName : USB_HOST bspName : Drive_VBUS_FS check condition success for : SW_VBUS_DRIVE_MSC_FS = false
2024-11-07 23:18:22,588 [INFO] Middleware:617 - instanceName : USB_HOST bspName : Drive_VBUS_FS check condition success for : SW_VBUS_DRIVE_MSC_FS = false
2024-11-07 23:18:22,588 [INFO] Middleware:617 - instanceName : USB_HOST bspName : Drive_VBUS_HS check condition success for : SW_VBUS_DRIVE_MSC_HS = false
2024-11-07 23:18:22,588 [INFO] Middleware:617 - instanceName : USB_HOST bspName : Drive_VBUS_HS check condition success for : SW_VBUS_DRIVE_MSC_HS = false
2024-11-07 23:18:22,588 [INFO] Middleware:617 - instanceName : USB_HOST bspName : Drive_VBUS_FS check condition success for : ALL_SW_VBUS_DRIVE_FS = false
2024-11-07 23:18:22,588 [INFO] Middleware:617 - instanceName : USB_HOST bspName : Drive_VBUS_FS check condition success for : ALL_SW_VBUS_DRIVE_FS = false
2024-11-07 23:18:22,588 [INFO] Middleware:617 - instanceName : USB_HOST bspName : Drive_VBUS_HS check condition success for : ALL_SW_VBUS_DRIVE_HS = false
2024-11-07 23:18:22,588 [INFO] Middleware:617 - instanceName : USB_HOST bspName : Drive_VBUS_HS check condition success for : ALL_SW_VBUS_DRIVE_HS = false
2024-11-07 23:18:22,588 [INFO] Middleware:617 - instanceName : USB_HOST bspName : Drive_VBUS_FS check condition success for : SW_VBUS_DRIVE_MTP_FS = false
2024-11-07 23:18:22,588 [INFO] Middleware:617 - instanceName : USB_HOST bspName : Drive_VBUS_FS check condition success for : SW_VBUS_DRIVE_MTP_FS = false
2024-11-07 23:18:22,589 [INFO] Middleware:617 - instanceName : USB_HOST bspName : Drive_VBUS_HS check condition success for : SW_VBUS_DRIVE_MTP_HS = false
2024-11-07 23:18:22,589 [INFO] Middleware:617 - instanceName : USB_HOST bspName : Drive_VBUS_HS check condition success for : SW_VBUS_DRIVE_MTP_HS = false
2024-11-07 23:18:22,589 [WARN] BspModel:444 - BSP dependency skipped because of component: name='IOExpander', api='Unknown'
2024-11-07 23:18:42,045 [INFO] NvicIntPanel:101 - NVIC parent = com.st.microxplorer.plugins.ip.nvic.MultiNvicIntPanel[,0,0,557x442,layout=javax.swing.BoxLayout,alignmentX=0.0,alignmentY=0.0,border=,flags=9,maximumSize=,minimumSize=,preferredSize=]
2024-11-07 23:18:44,033 [INFO] NvicIntPanel:101 - NVIC parent = com.st.microxplorer.plugins.ip.nvic.MultiNvicIntPanel[,0,0,0x0,invalid,layout=javax.swing.BoxLayout,alignmentX=0.0,alignmentY=0.0,border=,flags=9,maximumSize=,minimumSize=,preferredSize=]
2024-11-07 23:19:09,263 [INFO] Middleware:617 - instanceName : USB_HOST bspName : Drive_VBUS_FS check condition success for : SW_VBUS_DRIVE_AUDIO_FS = false
2024-11-07 23:19:09,263 [INFO] Middleware:617 - instanceName : USB_HOST bspName : Drive_VBUS_FS check condition success for : SW_VBUS_DRIVE_AUDIO_FS = false
2024-11-07 23:19:09,263 [INFO] Middleware:617 - instanceName : USB_HOST bspName : Drive_VBUS_HS check condition success for : SW_VBUS_DRIVE_AUDIO_HS = false
2024-11-07 23:19:09,263 [INFO] Middleware:617 - instanceName : USB_HOST bspName : Drive_VBUS_HS check condition success for : SW_VBUS_DRIVE_AUDIO_HS = false
2024-11-07 23:19:09,263 [INFO] Middleware:617 - instanceName : USB_HOST bspName : Drive_VBUS_FS check condition success for : SW_VBUS_DRIVE_CDC_FS = false
2024-11-07 23:19:09,263 [INFO] Middleware:617 - instanceName : USB_HOST bspName : Drive_VBUS_FS check condition success for : SW_VBUS_DRIVE_CDC_FS = false
2024-11-07 23:19:09,263 [INFO] Middleware:617 - instanceName : USB_HOST bspName : Drive_VBUS_FS check condition success for : SW_VBUS_DRIVE_CDC_FS = false
2024-11-07 23:19:09,263 [INFO] Middleware:617 - instanceName : USB_HOST bspName : Drive_VBUS_HS check condition success for : SW_VBUS_DRIVE_CDC_HS = false
2024-11-07 23:19:09,263 [INFO] Middleware:617 - instanceName : USB_HOST bspName : Drive_VBUS_HS check condition success for : SW_VBUS_DRIVE_CDC_HS = false
2024-11-07 23:19:09,263 [INFO] Middleware:617 - instanceName : USB_HOST bspName : Drive_VBUS_FS check condition success for : SW_VBUS_DRIVE_HID_FS = false
2024-11-07 23:19:09,263 [INFO] Middleware:617 - instanceName : USB_HOST bspName : Drive_VBUS_FS check condition success for : SW_VBUS_DRIVE_HID_FS = false
2024-11-07 23:19:09,263 [INFO] Middleware:617 - instanceName : USB_HOST bspName : Drive_VBUS_HS check condition success for : SW_VBUS_DRIVE_HID_HS = false
2024-11-07 23:19:09,263 [INFO] Middleware:617 - instanceName : USB_HOST bspName : Drive_VBUS_HS check condition success for : SW_VBUS_DRIVE_HID_HS = false
2024-11-07 23:19:09,263 [INFO] Middleware:617 - instanceName : USB_HOST bspName : Drive_VBUS_FS check condition success for : SW_VBUS_DRIVE_MSC_FS = false
2024-11-07 23:19:09,263 [INFO] Middleware:617 - instanceName : USB_HOST bspName : Drive_VBUS_FS check condition success for : SW_VBUS_DRIVE_MSC_FS = false
2024-11-07 23:19:09,263 [INFO] Middleware:617 - instanceName : USB_HOST bspName : Drive_VBUS_HS check condition success for : SW_VBUS_DRIVE_MSC_HS = false
2024-11-07 23:19:09,263 [INFO] Middleware:617 - instanceName : USB_HOST bspName : Drive_VBUS_HS check condition success for : SW_VBUS_DRIVE_MSC_HS = false
2024-11-07 23:19:09,264 [INFO] Middleware:617 - instanceName : USB_HOST bspName : Drive_VBUS_FS check condition success for : ALL_SW_VBUS_DRIVE_FS = false
2024-11-07 23:19:09,264 [INFO] Middleware:617 - instanceName : USB_HOST bspName : Drive_VBUS_FS check condition success for : ALL_SW_VBUS_DRIVE_FS = false
2024-11-07 23:19:09,264 [INFO] Middleware:617 - instanceName : USB_HOST bspName : Drive_VBUS_HS check condition success for : ALL_SW_VBUS_DRIVE_HS = false
2024-11-07 23:19:09,264 [INFO] Middleware:617 - instanceName : USB_HOST bspName : Drive_VBUS_HS check condition success for : ALL_SW_VBUS_DRIVE_HS = false
2024-11-07 23:19:09,264 [INFO] Middleware:617 - instanceName : USB_HOST bspName : Drive_VBUS_FS check condition success for : SW_VBUS_DRIVE_MTP_FS = false
2024-11-07 23:19:09,264 [INFO] Middleware:617 - instanceName : USB_HOST bspName : Drive_VBUS_FS check condition success for : SW_VBUS_DRIVE_MTP_FS = false
2024-11-07 23:19:09,264 [INFO] Middleware:617 - instanceName : USB_HOST bspName : Drive_VBUS_HS check condition success for : SW_VBUS_DRIVE_MTP_HS = false
2024-11-07 23:19:09,264 [INFO] Middleware:617 - instanceName : USB_HOST bspName : Drive_VBUS_HS check condition success for : SW_VBUS_DRIVE_MTP_HS = false
2024-11-07 23:19:09,264 [WARN] BspModel:444 - BSP dependency skipped because of component: name='IOExpander', api='Unknown'
2024-11-07 23:19:11,030 [INFO] WebApp:189 - Connection lost
2024-11-07 23:19:11,175 [INFO] WebApp:186 - Connection restablished
2024-11-07 23:20:16,960 [INFO] WebApp:189 - Connection lost
2024-11-07 23:20:17,107 [INFO] WebApp:186 - Connection restablished
2024-11-07 23:20:27,974 [INFO] WebApp:189 - Connection lost
2024-11-07 23:20:28,181 [INFO] WebApp:186 - Connection restablished
2024-11-07 23:20:31,596 [INFO] Middleware:617 - instanceName : USB_HOST bspName : Drive_VBUS_FS check condition success for : SW_VBUS_DRIVE_AUDIO_FS = false
2024-11-07 23:20:31,596 [INFO] Middleware:617 - instanceName : USB_HOST bspName : Drive_VBUS_FS check condition success for : SW_VBUS_DRIVE_AUDIO_FS = false
2024-11-07 23:20:31,596 [INFO] Middleware:617 - instanceName : USB_HOST bspName : Drive_VBUS_HS check condition success for : SW_VBUS_DRIVE_AUDIO_HS = false
2024-11-07 23:20:31,596 [INFO] Middleware:617 - instanceName : USB_HOST bspName : Drive_VBUS_HS check condition success for : SW_VBUS_DRIVE_AUDIO_HS = false
2024-11-07 23:20:31,596 [INFO] Middleware:617 - instanceName : USB_HOST bspName : Drive_VBUS_FS check condition success for : SW_VBUS_DRIVE_CDC_FS = false
2024-11-07 23:20:31,596 [INFO] Middleware:617 - instanceName : USB_HOST bspName : Drive_VBUS_FS check condition success for : SW_VBUS_DRIVE_CDC_FS = false
2024-11-07 23:20:31,596 [INFO] Middleware:617 - instanceName : USB_HOST bspName : Drive_VBUS_FS check condition success for : SW_VBUS_DRIVE_CDC_FS = false
2024-11-07 23:20:31,596 [INFO] Middleware:617 - instanceName : USB_HOST bspName : Drive_VBUS_HS check condition success for : SW_VBUS_DRIVE_CDC_HS = false
2024-11-07 23:20:31,596 [INFO] Middleware:617 - instanceName : USB_HOST bspName : Drive_VBUS_HS check condition success for : SW_VBUS_DRIVE_CDC_HS = false
2024-11-07 23:20:31,596 [INFO] Middleware:617 - instanceName : USB_HOST bspName : Drive_VBUS_FS check condition success for : SW_VBUS_DRIVE_HID_FS = false
2024-11-07 23:20:31,597 [INFO] Middleware:617 - instanceName : USB_HOST bspName : Drive_VBUS_FS check condition success for : SW_VBUS_DRIVE_HID_FS = false
2024-11-07 23:20:31,597 [INFO] Middleware:617 - instanceName : USB_HOST bspName : Drive_VBUS_HS check condition success for : SW_VBUS_DRIVE_HID_HS = false
2024-11-07 23:20:31,597 [INFO] Middleware:617 - instanceName : USB_HOST bspName : Drive_VBUS_HS check condition success for : SW_VBUS_DRIVE_HID_HS = false
2024-11-07 23:20:31,597 [INFO] Middleware:617 - instanceName : USB_HOST bspName : Drive_VBUS_FS check condition success for : SW_VBUS_DRIVE_MSC_FS = false
2024-11-07 23:20:31,597 [INFO] Middleware:617 - instanceName : USB_HOST bspName : Drive_VBUS_FS check condition success for : SW_VBUS_DRIVE_MSC_FS = false
2024-11-07 23:20:31,597 [INFO] Middleware:617 - instanceName : USB_HOST bspName : Drive_VBUS_HS check condition success for : SW_VBUS_DRIVE_MSC_HS = false
2024-11-07 23:20:31,597 [INFO] Middleware:617 - instanceName : USB_HOST bspName : Drive_VBUS_HS check condition success for : SW_VBUS_DRIVE_MSC_HS = false
2024-11-07 23:20:31,597 [INFO] Middleware:617 - instanceName : USB_HOST bspName : Drive_VBUS_FS check condition success for : ALL_SW_VBUS_DRIVE_FS = false
2024-11-07 23:20:31,597 [INFO] Middleware:617 - instanceName : USB_HOST bspName : Drive_VBUS_FS check condition success for : ALL_SW_VBUS_DRIVE_FS = false
2024-11-07 23:20:31,597 [INFO] Middleware:617 - instanceName : USB_HOST bspName : Drive_VBUS_HS check condition success for : ALL_SW_VBUS_DRIVE_HS = false
2024-11-07 23:20:31,597 [INFO] Middleware:617 - instanceName : USB_HOST bspName : Drive_VBUS_HS check condition success for : ALL_SW_VBUS_DRIVE_HS = false
2024-11-07 23:20:31,597 [INFO] Middleware:617 - instanceName : USB_HOST bspName : Drive_VBUS_FS check condition success for : SW_VBUS_DRIVE_MTP_FS = false
2024-11-07 23:20:31,597 [INFO] Middleware:617 - instanceName : USB_HOST bspName : Drive_VBUS_FS check condition success for : SW_VBUS_DRIVE_MTP_FS = false
2024-11-07 23:20:31,597 [INFO] Middleware:617 - instanceName : USB_HOST bspName : Drive_VBUS_HS check condition success for : SW_VBUS_DRIVE_MTP_HS = false
2024-11-07 23:20:31,597 [INFO] Middleware:617 - instanceName : USB_HOST bspName : Drive_VBUS_HS check condition success for : SW_VBUS_DRIVE_MTP_HS = false
2024-11-07 23:20:31,597 [WARN] BspModel:444 - BSP dependency skipped because of component: name='IOExpander', api='Unknown'
2024-11-07 23:20:54,670 [INFO] UtilMem:75 - End SaveConfig() Used Memory: 887027464 Bytes (1073741824)
2024-11-07 23:20:56,336 [INFO] UtilMem:75 - End SaveConfig() Used Memory: 910618376 Bytes (1073741824)
2024-11-07 23:20:57,122 [INFO] UtilMem:75 - End SaveConfig() Used Memory: 949420896 Bytes (1073741824)
2024-11-07 23:20:57,454 [INFO] BlockDiagram:2766 - set Specific Code input for plugin: SPI
2024-11-07 23:20:57,454 [INFO] BlockDiagram:2766 - set Specific Code input for plugin: I2S
2024-11-07 23:20:57,454 [INFO] BlockDiagram:2766 - set Specific Code input for plugin: SYS
2024-11-07 23:20:57,454 [INFO] BlockDiagram:2766 - set Specific Code input for plugin: RCC
2024-11-07 23:20:57,454 [INFO] BlockDiagram:2766 - set Specific Code input for plugin: I2C
2024-11-07 23:20:57,454 [INFO] BlockDiagram:2766 - set Specific Code input for plugin: RTC
2024-11-07 23:20:57,454 [INFO] BlockDiagram:2766 - set Specific Code input for plugin: USB_OTG_FS
2024-11-07 23:20:57,454 [INFO] BlockDiagram:2766 - set Specific Code input for plugin: NVIC
2024-11-07 23:20:57,454 [INFO] BlockDiagram:2766 - set Specific Code input for plugin: USB_HOST
2024-11-07 23:20:57,454 [INFO] BlockDiagram:2766 - set Specific Code input for plugin: USART
2024-11-07 23:20:57,455 [INFO] BlockDiagram:2766 - set Specific Code input for plugin: GPIO
2024-11-07 23:20:57,457 [INFO] CodeGenerator:807 - code generatio: config db path: C:\ST\STM32CubeIDE_1.9.0\STM32CubeIDE\plugins\com.st.stm32cube.common.mx_6.12.1.202409122256\\db\
2024-11-07 23:20:57,459 [WARN] IP:2191 - I2C_Coeff_DF not found: check if there is a RefParameter without a condition.
2024-11-07 23:20:57,459 [WARN] IP:2191 - Analog_Filter not found: check if there is a RefParameter without a condition.
2024-11-07 23:20:57,597 [INFO] CodeEngine:255 - oldGeneratedFile, C:\learning\MasterRTOS\RTOS_workspace\008Queues_n_timers\MXTmpFiles\license.tmp_save
2024-11-07 23:20:57,716 [INFO] CodeEngine:279 - Generated code: C:\learning\MasterRTOS\RTOS_workspace\008Queues_n_timers\MXTmpFiles\license.tmp
2024-11-07 23:20:57,761 [INFO] CodeEngine:255 - oldGeneratedFile, C:\learning\MasterRTOS\RTOS_workspace\008Queues_n_timers\MXTmpFiles\gpio.tmp_save
2024-11-07 23:20:57,852 [INFO] CodeEngine:279 - Generated code: C:\learning\MasterRTOS\RTOS_workspace\008Queues_n_timers\MXTmpFiles\gpio.tmp
2024-11-07 23:20:57,921 [WARN] IPConfigManager:3005 - Warning: the RefConfig PWREx_EnableUSBVoltageDetector is not available in your config.xml file
2024-11-07 23:20:57,934 [INFO] CodeEngine:255 - oldGeneratedFile, C:\learning\MasterRTOS\RTOS_workspace\008Queues_n_timers\MXTmpFiles\usb_otg_fs_vars.tmp_save
2024-11-07 23:20:58,021 [INFO] CodeEngine:279 - Generated code: C:\learning\MasterRTOS\RTOS_workspace\008Queues_n_timers\MXTmpFiles\usb_otg_fs_vars.tmp
2024-11-07 23:20:58,028 [INFO] CodeEngine:255 - oldGeneratedFile, C:\learning\MasterRTOS\RTOS_workspace\008Queues_n_timers\MXTmpFiles\usb_otg_fs_inc.tmp_save
2024-11-07 23:20:58,111 [INFO] CodeEngine:279 - Generated code: C:\learning\MasterRTOS\RTOS_workspace\008Queues_n_timers\MXTmpFiles\usb_otg_fs_inc.tmp
2024-11-07 23:20:58,118 [INFO] CodeEngine:255 - oldGeneratedFile, C:\learning\MasterRTOS\RTOS_workspace\008Queues_n_timers\MXTmpFiles\usb_otg_fs_HalInit.tmp_save
2024-11-07 23:20:58,204 [INFO] CodeEngine:279 - Generated code: C:\learning\MasterRTOS\RTOS_workspace\008Queues_n_timers\MXTmpFiles\usb_otg_fs_HalInit.tmp
2024-11-07 23:20:58,210 [INFO] CodeEngine:255 - oldGeneratedFile, C:\learning\MasterRTOS\RTOS_workspace\008Queues_n_timers\MXTmpFiles\usb_otg_fs_Msp.tmp_save
2024-11-07 23:20:58,309 [INFO] CodeEngine:279 - Generated code: C:\learning\MasterRTOS\RTOS_workspace\008Queues_n_timers\MXTmpFiles\usb_otg_fs_Msp.tmp
2024-11-07 23:20:58,630 [INFO] CodeEngine:255 - oldGeneratedFile, C:\learning\MasterRTOS\RTOS_workspace\008Queues_n_timers\USB_HOST\App\usb_host.c_save
2024-11-07 23:20:58,731 [INFO] CodeEngine:279 - Generated code: C:\learning\MasterRTOS\RTOS_workspace\008Queues_n_timers\USB_HOST\App\usb_host.c
2024-11-07 23:20:58,745 [INFO] CodeEngine:255 - oldGeneratedFile, C:\learning\MasterRTOS\RTOS_workspace\008Queues_n_timers\USB_HOST\App\usb_host.h_save
2024-11-07 23:20:58,851 [INFO] CodeEngine:279 - Generated code: C:\learning\MasterRTOS\RTOS_workspace\008Queues_n_timers\USB_HOST\App\usb_host.h
2024-11-07 23:20:58,860 [INFO] CodeEngine:255 - oldGeneratedFile, C:\learning\MasterRTOS\RTOS_workspace\008Queues_n_timers\USB_HOST\Target\usbh_conf.h_save
2024-11-07 23:20:58,943 [INFO] CodeEngine:279 - Generated code: C:\learning\MasterRTOS\RTOS_workspace\008Queues_n_timers\USB_HOST\Target\usbh_conf.h
2024-11-07 23:20:58,953 [INFO] CodeEngine:255 - oldGeneratedFile, C:\learning\MasterRTOS\RTOS_workspace\008Queues_n_timers\USB_HOST\Target\usbh_conf.c_save
2024-11-07 23:20:59,040 [INFO] CodeEngine:279 - Generated code: C:\learning\MasterRTOS\RTOS_workspace\008Queues_n_timers\USB_HOST\Target\usbh_conf.c
2024-11-07 23:20:59,051 [INFO] CodeEngine:255 - oldGeneratedFile, C:\learning\MasterRTOS\RTOS_workspace\008Queues_n_timers\USB_HOST\Target\usbh_platform.c_save
2024-11-07 23:20:59,159 [INFO] CodeEngine:279 - Generated code: C:\learning\MasterRTOS\RTOS_workspace\008Queues_n_timers\USB_HOST\Target\usbh_platform.c
2024-11-07 23:20:59,168 [INFO] CodeEngine:255 - oldGeneratedFile, C:\learning\MasterRTOS\RTOS_workspace\008Queues_n_timers\USB_HOST\Target\usbh_platform.h_save
2024-11-07 23:20:59,263 [INFO] CodeEngine:279 - Generated code: C:\learning\MasterRTOS\RTOS_workspace\008Queues_n_timers\USB_HOST\Target\usbh_platform.h
2024-11-07 23:20:59,289 [INFO] CodeEngine:255 - oldGeneratedFile, C:\learning\MasterRTOS\RTOS_workspace\008Queues_n_timers\Core\Src\stm32f4xx_it.c_save
2024-11-07 23:20:59,427 [INFO] CodeEngine:279 - Generated code: C:\learning\MasterRTOS\RTOS_workspace\008Queues_n_timers\Core\Src\stm32f4xx_it.c
2024-11-07 23:20:59,439 [INFO] CodeEngine:255 - oldGeneratedFile, C:\learning\MasterRTOS\RTOS_workspace\008Queues_n_timers\Core\Inc\stm32f4xx_it.h_save
2024-11-07 23:20:59,543 [INFO] CodeEngine:279 - Generated code: C:\learning\MasterRTOS\RTOS_workspace\008Queues_n_timers\Core\Inc\stm32f4xx_it.h
2024-11-07 23:20:59,575 [INFO] CodeEngine:255 - oldGeneratedFile, C:\learning\MasterRTOS\RTOS_workspace\008Queues_n_timers\Core\Src\stm32f4xx_hal_msp.c_save
2024-11-07 23:20:59,748 [INFO] CodeEngine:279 - Generated code: C:\learning\MasterRTOS\RTOS_workspace\008Queues_n_timers\Core\Src\stm32f4xx_hal_msp.c
2024-11-07 23:20:59,759 [INFO] CodeEngine:255 - oldGeneratedFile, C:\learning\MasterRTOS\RTOS_workspace\008Queues_n_timers\MXTmpFiles\system.tmp_save
2024-11-07 23:20:59,841 [INFO] CodeEngine:279 - Generated code: C:\learning\MasterRTOS\RTOS_workspace\008Queues_n_timers\MXTmpFiles\system.tmp
2024-11-07 23:20:59,848 [INFO] CodeEngine:255 - oldGeneratedFile, C:\learning\MasterRTOS\RTOS_workspace\008Queues_n_timers\Core\Src\stm32f4xx_hal_timebase_tim.c_save
2024-11-07 23:20:59,981 [INFO] CodeEngine:279 - Generated code: C:\learning\MasterRTOS\RTOS_workspace\008Queues_n_timers\Core\Src\stm32f4xx_hal_timebase_tim.c
2024-11-07 23:21:00,000 [INFO] CodeEngine:311 - oldGeneratedFile, C:\learning\MasterRTOS\RTOS_workspace\008Queues_n_timers\Core\Inc\stm32f4xx_hal_conf.h_save
2024-11-07 23:21:00,123 [INFO] CodeEngine:335 - Generated code: C:\learning\MasterRTOS\RTOS_workspace\008Queues_n_timers\Core\Inc\stm32f4xx_hal_conf.h
2024-11-07 23:21:00,173 [INFO] CodeEngine:255 - oldGeneratedFile, C:\learning\MasterRTOS\RTOS_workspace\008Queues_n_timers\Core\Inc\main.h_save
2024-11-07 23:21:00,309 [INFO] CodeEngine:279 - Generated code: C:\learning\MasterRTOS\RTOS_workspace\008Queues_n_timers\Core\Inc\main.h
2024-11-07 23:21:00,319 [INFO] CodeEngine:255 - oldGeneratedFile, C:\learning\MasterRTOS\RTOS_workspace\008Queues_n_timers\Core\Src\main.c_save
2024-11-07 23:21:00,470 [INFO] CodeEngine:279 - Generated code: C:\learning\MasterRTOS\RTOS_workspace\008Queues_n_timers\Core\Src\main.c
2024-11-07 23:21:01,215 [INFO] ProjectBuilder:3249 - Time for Copy HAL[1] : 486mS.
2024-11-07 23:21:01,225 [INFO] ProjectBuilder:4828 - Project Generator version: 4.5.0-B34
2024-11-07 23:21:01,341 [INFO] ConfigFileManager:1531 - The Die is : DIE413
2024-11-07 23:21:02,450 [INFO] ProjectBuilder:5097 - Time for Generating toolchain IDE Files: 1225mS.
2024-11-07 23:21:02,453 [INFO] ProjectBuilder:3107 - Time for Copy CMSIS : 2mS.
2024-11-07 23:21:02,464 [INFO] ProjectBuilder:3107 - Time for Copy CMSIS : 0mS.
2024-11-07 23:22:03,993 [INFO] WebApp:189 - Connection lost
2024-11-07 23:22:04,155 [INFO] WebApp:186 - Connection restablished
2024-11-07 23:22:16,961 [INFO] WebApp:189 - Connection lost
2024-11-07 23:22:18,173 [INFO] WebApp:186 - Connection restablished
2024-11-07 23:23:19,478 [INFO] WebApp:189 - Connection lost
2024-11-07 23:23:19,629 [INFO] WebApp:186 - Connection restablished
2024-11-07 23:24:23,973 [INFO] WebApp:189 - Connection lost
2024-11-07 23:24:24,131 [INFO] WebApp:186 - Connection restablished
2024-11-07 23:25:29,041 [INFO] WebApp:189 - Connection lost
2024-11-07 23:25:29,171 [INFO] WebApp:186 - Connection restablished
2024-11-07 23:26:33,974 [INFO] WebApp:189 - Connection lost
2024-11-07 23:26:34,154 [INFO] WebApp:186 - Connection restablished
2024-11-07 23:29:39,488 [INFO] WebApp:189 - Connection lost
2024-11-07 23:29:39,630 [INFO] WebApp:186 - Connection restablished
2024-11-07 23:30:40,000 [INFO] WebApp:189 - Connection lost
2024-11-07 23:30:40,136 [INFO] WebApp:186 - Connection restablished
2024-11-07 23:30:50,979 [INFO] WebApp:189 - Connection lost
2024-11-07 23:30:51,084 [INFO] WebApp:186 - Connection restablished
2024-11-07 23:33:53,487 [INFO] WebApp:189 - Connection lost
2024-11-07 23:33:53,632 [INFO] WebApp:186 - Connection restablished
2024-11-07 23:34:58,493 [INFO] WebApp:189 - Connection lost
2024-11-07 23:34:58,623 [INFO] WebApp:186 - Connection restablished
2024-11-07 23:36:03,482 [INFO] WebApp:189 - Connection lost
2024-11-07 23:36:03,596 [INFO] WebApp:186 - Connection restablished
2024-11-07 23:37:07,970 [INFO] WebApp:189 - Connection lost
2024-11-07 23:37:08,109 [INFO] WebApp:186 - Connection restablished
2024-11-07 23:37:18,986 [INFO] WebApp:189 - Connection lost
2024-11-07 23:37:19,081 [INFO] WebApp:186 - Connection restablished
2024-11-07 23:39:33,993 [INFO] WebApp:189 - Connection lost
2024-11-07 23:39:34,240 [INFO] WebApp:186 - Connection restablished
2024-11-07 23:39:44,492 [INFO] WebApp:189 - Connection lost
2024-11-07 23:39:44,605 [INFO] WebApp:186 - Connection restablished
2024-11-07 23:40:50,970 [INFO] WebApp:189 - Connection lost
2024-11-07 23:40:51,138 [INFO] WebApp:186 - Connection restablished
2024-11-07 23:41:54,487 [INFO] WebApp:189 - Connection lost
2024-11-07 23:41:54,674 [INFO] WebApp:186 - Connection restablished
2024-11-07 23:42:59,490 [INFO] WebApp:189 - Connection lost
2024-11-07 23:42:59,635 [INFO] WebApp:186 - Connection restablished
2024-11-07 23:44:03,991 [INFO] WebApp:189 - Connection lost
2024-11-07 23:44:04,173 [INFO] WebApp:186 - Connection restablished
2024-11-07 23:45:08,985 [INFO] WebApp:189 - Connection lost
2024-11-07 23:45:09,133 [INFO] WebApp:186 - Connection restablished
2024-11-07 23:46:14,016 [INFO] WebApp:189 - Connection lost
2024-11-07 23:46:14,163 [INFO] WebApp:186 - Connection restablished
2024-11-07 23:47:18,990 [INFO] WebApp:189 - Connection lost
2024-11-07 23:47:19,129 [INFO] WebApp:186 - Connection restablished
2024-11-07 23:48:23,979 [INFO] WebApp:189 - Connection lost
2024-11-07 23:48:24,124 [INFO] WebApp:186 - Connection restablished
2024-11-07 23:48:35,016 [INFO] WebApp:189 - Connection lost
2024-11-07 23:48:35,119 [INFO] WebApp:186 - Connection restablished
2024-11-07 23:49:43,995 [INFO] WebApp:189 - Connection lost
2024-11-07 23:49:44,140 [INFO] WebApp:186 - Connection restablished
2024-11-07 23:51:56,977 [INFO] WebApp:189 - Connection lost
2024-11-07 23:51:57,177 [INFO] WebApp:186 - Connection restablished
2024-11-07 23:52:07,486 [INFO] WebApp:189 - Connection lost
2024-11-07 23:52:07,612 [INFO] WebApp:186 - Connection restablished
2024-11-07 23:53:12,484 [INFO] WebApp:189 - Connection lost
2024-11-07 23:53:12,657 [INFO] WebApp:186 - Connection restablished
2024-11-07 23:54:17,483 [INFO] WebApp:189 - Connection lost
2024-11-07 23:54:17,627 [INFO] WebApp:186 - Connection restablished
2024-11-07 23:55:22,525 [INFO] WebApp:189 - Connection lost
2024-11-07 23:55:22,695 [INFO] WebApp:186 - Connection restablished
2024-11-07 23:55:33,514 [INFO] WebApp:189 - Connection lost
2024-11-07 23:55:33,650 [INFO] WebApp:186 - Connection restablished
2024-11-07 23:56:38,487 [INFO] WebApp:189 - Connection lost
2024-11-07 23:56:38,668 [INFO] WebApp:186 - Connection restablished
2024-11-07 23:57:42,999 [INFO] WebApp:189 - Connection lost
2024-11-07 23:57:43,185 [INFO] WebApp:186 - Connection restablished
2024-11-07 23:58:47,992 [INFO] WebApp:189 - Connection lost
2024-11-07 23:58:48,171 [INFO] WebApp:186 - Connection restablished
2024-11-07 23:59:52,991 [INFO] WebApp:189 - Connection lost
2024-11-07 23:59:53,245 [INFO] WebApp:186 - Connection restablished
