2024-11-11 11:03:22,183 [INFO] LogOutputStream:77 - [STDOUT_REDIRECT] StartTraceHandler.execute(), success : Collect=true
2024-11-11 11:30:25,147 [INFO] MainUpdater:2873 - connection check result : 10
2024-11-11 11:30:25,253 [INFO] McuFinderGlobals:76 - Set McuFinderConnectedMode to true
2024-11-11 11:30:25,254 [INFO] MultiScanPanel:200 - Auto-refresh data requested => check proxy status ongoing
2024-11-11 11:30:25,254 [INFO] FinderPluginLoader:95 - Searching for filters in installed packs
2024-11-11 11:30:25,899 [INFO] LoadUrlFilesThread:185 - End of LoadServerUrlFiles without Thread
2024-11-11 11:30:25,899 [INFO] DetailPanel:341 - Set advertising image to C:/Users/hsuankai.chang/STM32Cube/Repository/\en.prom-stm32c071-usb-memories-mcu-finder.png
2024-11-11 11:30:30,490 [INFO] MultiScanPanel:200 - Auto-refresh data requested => check proxy status ongoing
2024-11-11 11:30:30,533 [INFO] LoadUrlFilesThread:185 - End of LoadServerUrlFiles without Thread
2024-11-11 11:30:30,533 [INFO] DetailPanel:341 - Set advertising image to C:/Users/hsuankai.chang/STM32Cube/Repository/\en.prom-stm32c071-usb-memories-mcu-finder.png
2024-11-11 11:30:31,954 [INFO] ApiDb:581 - Connected to CubeFinder SQLite database (C:\Users\hsuankai.chang\.stmcufinder\plugins\mcufinder\mcu\cube-finder-db.db)
2024-11-11 11:30:59,009 [INFO] MainUpdater:2873 - connection check result : 10
2024-11-11 11:30:59,010 [INFO] MainUpdater:2873 - connection check result : 10
2024-11-11 11:30:59,022 [INFO] I2sManager:658 - 9.6E7
2024-11-11 11:30:59,022 [INFO] I2sManager:195 - I2S Clock Value : 9.6E7
2024-11-11 11:30:59,022 [INFO] I2sManager:553 - AudioClock : 93750Divider : 2Odd : 0
2024-11-11 11:30:59,026 [INFO] MicroXplorer:468 - Change Database Path : 
2024-11-11 11:30:59,026 [INFO] MicroXplorer:498 - Change Database Version : DB.6.0.121
2024-11-11 11:30:59,034 [ERROR] ProjectManagerView:394 - 
java.lang.NullPointerException: Cannot invoke "javax.swing.JTextField.getText()" because the return value of "java.util.List.get(int)" is null
	at com.st.microxplorer.plugins.projectmanager.gui.ProjectChoiceTab$10.caretUpdate(ProjectChoiceTab.java:2622) ~[filemanager.jar:?]
	at javax.swing.text.JTextComponent.fireCaretUpdate(JTextComponent.java:412) ~[?:?]
	at javax.swing.text.JTextComponent$MutableCaretEvent.fire(JTextComponent.java:4491) ~[?:?]
	at javax.swing.text.JTextComponent$MutableCaretEvent.stateChanged(JTextComponent.java:4513) ~[?:?]
	at javax.swing.text.DefaultCaret.fireStateChanged(DefaultCaret.java:842) ~[?:?]
	at javax.swing.text.DefaultCaret.changeCaretPosition(DefaultCaret.java:1313) ~[?:?]
	at javax.swing.text.DefaultCaret.handleSetDot(DefaultCaret.java:1212) ~[?:?]
	at javax.swing.text.DefaultCaret.setDot(DefaultCaret.java:1193) ~[?:?]
	at javax.swing.text.DefaultCaret$Handler.insertUpdate(DefaultCaret.java:1789) ~[?:?]
	at javax.swing.text.AbstractDocument.fireInsertUpdate(AbstractDocument.java:226) ~[?:?]
	at javax.swing.text.AbstractDocument.handleInsertString(AbstractDocument.java:780) ~[?:?]
	at javax.swing.text.AbstractDocument.insertString(AbstractDocument.java:739) ~[?:?]
	at javax.swing.text.PlainDocument.insertString(PlainDocument.java:131) ~[?:?]
	at javax.swing.text.AbstractDocument.replace(AbstractDocument.java:698) ~[?:?]
	at javax.swing.text.JTextComponent.setText(JTextComponent.java:1729) ~[?:?]
	at com.st.microxplorer.plugins.projectmanager.gui.ProjectChoiceTab.createHeapStackFields(ProjectChoiceTab.java:972) ~[filemanager.jar:?]
	at com.st.microxplorer.plugins.projectmanager.gui.ProjectChoiceTab.buildLinkSettingsPanel(ProjectChoiceTab.java:3597) ~[filemanager.jar:?]
	at com.st.microxplorer.plugins.projectmanager.gui.ProjectChoiceTab.defineWindowsFields(ProjectChoiceTab.java:1940) ~[filemanager.jar:?]
	at com.st.microxplorer.plugins.projectmanager.gui.ProjectChoiceTab.updateSettings(ProjectChoiceTab.java:550) ~[filemanager.jar:?]
	at com.st.microxplorer.plugins.projectmanager.gui.ProjectSettingsPanel.UpdateDialog(ProjectSettingsPanel.java:245) ~[filemanager.jar:?]
	at com.st.microxplorer.plugins.projectmanager.ProjectManagerView.propertyChange(ProjectManagerView.java:391) ~[filemanager.jar:?]
	at java.beans.PropertyChangeSupport.fire(PropertyChangeSupport.java:343) ~[?:?]
	at java.beans.PropertyChangeSupport.firePropertyChange(PropertyChangeSupport.java:335) ~[?:?]
	at java.beans.PropertyChangeSupport.firePropertyChange(PropertyChangeSupport.java:268) ~[?:?]
	at com.st.microxplorer.util.MXPropertyChangeSupport.firePropertyChange(MXPropertyChangeSupport.java:54) ~[STM32CubeMX.jar:?]
	at com.st.microxplorer.mxsystem.MxSystem.closeConfig(MxSystem.java:900) ~[STM32CubeMX.jar:?]
	at com.st.microxplorer.maingui.MainPanel.closeConfig(MainPanel.java:781) ~[STM32CubeMX.jar:?]
	at com.st.microxplorer.plugins.filemanager.engine.OpenFileManager.loadConfigurationFile(OpenFileManager.java:265) ~[filemanager.jar:?]
	at com.st.microxplorer.plugins.filemanager.engine.MainFileManager.userLoadConfig(MainFileManager.java:352) ~[filemanager.jar:?]
	at com.st.microxplorer.plugins.filemanager.FileManagerView.getSpecificTask(FileManagerView.java:250) ~[filemanager.jar:?]
	at com.st.stm32cube.common.mx.editor.CubeMxEditor.getMxTabbedPaneInstance(CubeMxEditor.java:1191) ~[com.st.stm32cube.common.mx_6.12.1.202409122256/:?]
	at com.st.stm32cube.common.mx.editor.CubeMxEditor$12$1.createSwingComponent(CubeMxEditor.java:1068) ~[com.st.stm32cube.common.mx_6.12.1.202409122256/:?]
	at com.st.stm32cube.common.mx.oss.core.awtswtbridge.EmbeddedSwingComposite.doComponentCreation(EmbeddedSwingComposite.java:492) ~[com.st.stm32cube.common.mx.oss_6.12.1.202409122256/:?]
	at com.st.stm32cube.common.mx.oss.core.awtswtbridge.EmbeddedSwingComposite$4.run(EmbeddedSwingComposite.java:291) ~[com.st.stm32cube.common.mx.oss_6.12.1.202409122256/:?]
	at com.st.stm32cube.common.mx.oss.core.awtswtbridge.AwtEnvironment$2.run(AwtEnvironment.java:166) ~[com.st.stm32cube.common.mx.oss_6.12.1.202409122256/:?]
	at java.awt.event.InvocationEvent.dispatch(InvocationEvent.java:318) ~[?:?]
	at java.awt.EventQueue.dispatchEventImpl(EventQueue.java:773) ~[?:?]
	at java.awt.EventQueue$4.run(EventQueue.java:720) ~[?:?]
	at java.awt.EventQueue$4.run(EventQueue.java:714) ~[?:?]
	at java.security.AccessController.doPrivileged(AccessController.java:399) ~[?:?]
	at java.security.ProtectionDomain$JavaSecurityAccessImpl.doIntersectionPrivilege(ProtectionDomain.java:86) ~[?:?]
	at java.awt.EventQueue.dispatchEvent(EventQueue.java:742) ~[?:?]
	at java.awt.EventDispatchThread.pumpOneEventForFilters(EventDispatchThread.java:203) ~[?:?]
	at java.awt.EventDispatchThread.pumpEventsForFilter(EventDispatchThread.java:124) ~[?:?]
	at java.awt.EventDispatchThread.pumpEventsForHierarchy(EventDispatchThread.java:113) ~[?:?]
	at java.awt.EventDispatchThread.pumpEvents(EventDispatchThread.java:109) ~[?:?]
	at java.awt.EventDispatchThread.pumpEvents(EventDispatchThread.java:101) ~[?:?]
	at java.awt.EventDispatchThread.run(EventDispatchThread.java:90) ~[?:?]
2024-11-11 11:30:59,035 [WARN] ThirdParty:871 - waiting for thirdparty lock release [close project]
2024-11-11 11:30:59,035 [INFO] ThirdParty:873 - entering critical section [close project]
2024-11-11 11:30:59,035 [INFO] ThirdParty:883 - exiting critical section [close project]
2024-11-11 11:30:59,037 [INFO] PinOutPanel:1561 - setPackage(No Configuration,No Configuration)
2024-11-11 11:30:59,045 [WARN] IpParametersView:151 - Warning: This peripheral hasn't parameters
2024-11-11 11:30:59,048 [WARN] MainPanel:284 - <html><b><center>Warning: This peripheral has no parameters to be configured<br></b></html>
2024-11-11 11:30:59,051 [INFO] UtilMem:75 - Begin LoadConfig() Used Memory: 572926760 Bytes (1073741824)
2024-11-11 11:30:59,052 [INFO] OpenFileManager:332 - Change cursor
2024-11-11 11:30:59,069 [INFO] RulesReader:64 - Compatibility file has been processed (297 Rules)
2024-11-11 11:30:59,071 [INFO] ProjectFactory:442 - No CPN specified for board STM32F407G-DISC1 => set CPN to STM32F407VGT6
2024-11-11 11:30:59,071 [INFO] Mcu:2032 - Initializing MCU STM32F407V(E-G)Tx STM32F407VGTx STM32F407VGT6
2024-11-11 11:31:00,517 [INFO] Context:742 - Trying to add GPIOservice into a context  which must be forbidden
2024-11-11 11:31:00,772 [INFO] Rule:228 - rule 117617 - U5Cobra4M][GTZC] default value MPCBB3 and MPCBB5 - Not Secured memory - MPCBB1 is applicable
2024-11-11 11:31:00,772 [INFO] Rule:228 - rule 117617 - U5Cobra4M][GTZC] default value MPCBB3 and MPCBB5 - Not Secured memory - MPCBB1 is applicable
2024-11-11 11:31:00,772 [INFO] Rule:228 - rule 117617 - U5Cobra4M][GTZC] default value MPCBB3 and MPCBB5 - Not Secured memory - MPCBB2 is applicable
2024-11-11 11:31:00,772 [INFO] Rule:228 - rule 117617 - U5Cobra4M][GTZC] default value MPCBB3 and MPCBB5 - Not Secured memory - MPCBB2 is applicable
2024-11-11 11:31:00,772 [INFO] Rule:228 - rule 117617 - U5Cobra4M][GTZC] default value MPCBB3 and MPCBB5 - Not Secured memory - MPCBB3 is applicable
2024-11-11 11:31:00,772 [INFO] Rule:228 - rule 117617 - U5Cobra4M][GTZC] default value MPCBB3 and MPCBB5 - Not Secured memory - MPCBB3 is applicable
2024-11-11 11:31:00,772 [INFO] Rule:228 - rule 117617 - U5Cobra4M][GTZC] default value MPCBB3 and MPCBB5 - Not Secured memory - MPCBB4 is applicable
2024-11-11 11:31:00,772 [INFO] Rule:228 - rule 117617 - U5Cobra4M][GTZC] default value MPCBB3 and MPCBB5 - Not Secured memory - MPCBB4 is applicable
2024-11-11 11:31:00,772 [INFO] Rule:228 - rule 117617 - U5Cobra4M][GTZC] default value MPCBB3 and MPCBB5 - Secured memory - MPCBB1 is applicable
2024-11-11 11:31:00,772 [INFO] Rule:228 - rule 117617 - U5Cobra4M][GTZC] default value MPCBB3 and MPCBB5 - Secured memory - MPCBB2 is applicable
2024-11-11 11:31:00,772 [INFO] Rule:228 - rule 117617 - U5Cobra4M][GTZC] default value MPCBB3 and MPCBB5 - Secured memory - MPCBB3 is applicable
2024-11-11 11:31:00,772 [INFO] Rule:228 - rule 117617 - U5Cobra4M][GTZC] default value MPCBB3 and MPCBB5 - Secured memory - MPCBB4 is applicable
2024-11-11 11:31:00,772 [INFO] Rule:228 - rule 117617 - U5Cobra4M][GTZC] default value MPCBB3 and MPCBB5 - Privileged memory - MPCBB1 is applicable
2024-11-11 11:31:00,772 [INFO] Rule:228 - rule 117617 - U5Cobra4M][GTZC] default value MPCBB3 and MPCBB5 - Privileged memory - MPCBB2 is applicable
2024-11-11 11:31:00,772 [INFO] Rule:228 - rule 117617 - U5Cobra4M][GTZC] default value MPCBB3 and MPCBB5 - Privileged memory - MPCBB3 is applicable
2024-11-11 11:31:00,772 [INFO] Rule:228 - rule 117617 - U5Cobra4M][GTZC] default value MPCBB3 and MPCBB5 - Privileged memory - MPCBB4 is applicable
2024-11-11 11:31:00,772 [INFO] Rule:228 - rule 117617 - U5Cobra4M][GTZC] default value MPCBB3 and MPCBB5 - Not Privileged memory - MPCBB1 is applicable
2024-11-11 11:31:00,772 [INFO] Rule:228 - rule 117617 - U5Cobra4M][GTZC] default value MPCBB3 and MPCBB5 - Not Privileged memory - MPCBB2 is applicable
2024-11-11 11:31:00,772 [INFO] Rule:228 - rule 117617 - U5Cobra4M][GTZC] default value MPCBB3 and MPCBB5 - Not Privileged memory - MPCBB3 is applicable
2024-11-11 11:31:00,772 [INFO] Rule:228 - rule 117617 - U5Cobra4M][GTZC] default value MPCBB3 and MPCBB5 - Not Privileged memory - MPCBB4 is applicable
2024-11-11 11:31:00,772 [INFO] Rule:228 - rule 117617 - U5Cobra4M][GTZC] default value MPCBB3 and MPCBB5 - Privileged memory - MPCBB1 is applicable
2024-11-11 11:31:00,772 [INFO] Rule:228 - rule 117617 - U5Cobra4M][GTZC] default value MPCBB3 and MPCBB5 - Privileged memory - MPCBB2 is applicable
2024-11-11 11:31:00,772 [INFO] Rule:228 - rule 117617 - U5Cobra4M][GTZC] default value MPCBB3 and MPCBB5 - Privileged memory - MPCBB3 is applicable
2024-11-11 11:31:00,772 [INFO] Rule:228 - rule 117617 - U5Cobra4M][GTZC] default value MPCBB3 and MPCBB5 - Privileged memory - MPCBB4 is applicable
2024-11-11 11:31:00,772 [INFO] Rule:228 - rule 117617 - U5Cobra4M][GTZC] default value MPCBB3 and MPCBB5 - Privileged memory - MPCBB1 is applicable
2024-11-11 11:31:00,772 [INFO] Rule:228 - rule 117617 - U5Cobra4M][GTZC] default value MPCBB3 and MPCBB5 - Privileged memory - MPCBB2 is applicable
2024-11-11 11:31:00,772 [INFO] Rule:228 - rule 117617 - U5Cobra4M][GTZC] default value MPCBB3 and MPCBB5 - Privileged memory - MPCBB3 is applicable
2024-11-11 11:31:00,772 [INFO] Rule:228 - rule 117617 - U5Cobra4M][GTZC] default value MPCBB3 and MPCBB5 - Privileged memory - MPCBB4 is applicable
2024-11-11 11:31:00,773 [INFO] Rule:228 - rule 117617 - U5Cobra4M][GTZC] default value MPCBB3 and MPCBB5 - Not Privileged memory - MPCBB1 is applicable
2024-11-11 11:31:00,773 [INFO] Rule:228 - rule 117617 - U5Cobra4M][GTZC] default value MPCBB3 and MPCBB5 - Not Privileged memory - MPCBB2 is applicable
2024-11-11 11:31:00,773 [INFO] Rule:228 - rule 117617 - U5Cobra4M][GTZC] default value MPCBB3 and MPCBB5 - Not Privileged memory - MPCBB3 is applicable
2024-11-11 11:31:00,773 [INFO] Rule:228 - rule 117617 - U5Cobra4M][GTZC] default value MPCBB3 and MPCBB5 - Not Privileged memory - MPCBB4 is applicable
2024-11-11 11:31:00,773 [INFO] Rule:228 - rule 117617 - U5Cobra4M][GTZC] default value MPCBB3 and MPCBB5 - Privileged memory - MPCBB1 is applicable
2024-11-11 11:31:00,773 [INFO] Rule:228 - rule 117617 - U5Cobra4M][GTZC] default value MPCBB3 and MPCBB5 - Privileged memory - MPCBB2 is applicable
2024-11-11 11:31:00,773 [INFO] Rule:228 - rule 117617 - U5Cobra4M][GTZC] default value MPCBB3 and MPCBB5 - Privileged memory - MPCBB3 is applicable
2024-11-11 11:31:00,773 [INFO] Rule:228 - rule 117617 - U5Cobra4M][GTZC] default value MPCBB3 and MPCBB5 - Privileged memory - MPCBB4 is applicable
2024-11-11 11:31:00,773 [INFO] Rule:228 - rule Rename SubGHz_Phy SUBGHZ_APPLICATION SUBGHZ_PINGPONG to SUBGHZ_ADV_APPLICATION is applicable
2024-11-11 11:31:00,773 [INFO] Rule:228 - rule Rename Enabled to IBEACON is applicable
2024-11-11 11:31:00,773 [INFO] Rule:228 - rule GTZC_S instance for project manager is applicable
2024-11-11 11:31:00,773 [INFO] Rule:228 - rule GTZC_S instance for context M33S is applicable
2024-11-11 11:31:00,773 [INFO] Rule:228 - rule GTZC_S instance value for IP GTZC is applicable
2024-11-11 11:31:00,773 [INFO] Rule:228 - rule GTZC_S instance for mcu.IP is applicable
2024-11-11 11:31:00,773 [INFO] Rule:228 - rule GTZC_S instance for VP is applicable
2024-11-11 11:31:00,773 [INFO] Rule:228 - rule GTZC_S instance for signal is applicable
2024-11-11 11:31:00,773 [INFO] Rule:228 - rule GTZC_S instance for mcu.Pin is applicable
2024-11-11 11:31:00,773 [INFO] Rule:228 - rule GTZC_S instance for VP is applicable
2024-11-11 11:31:00,773 [INFO] Rule:228 - rule GTZC_S instance for signal is applicable
2024-11-11 11:31:00,773 [INFO] Rule:228 - rule GTZC_S instance for mcu is applicable
2024-11-11 11:31:00,773 [INFO] Rule:228 - rule GTZC_S instance for mcu.Pin is applicable
2024-11-11 11:31:00,773 [INFO] Rule:228 - rule GTZC_S instance value for IP GTZC is applicable
2024-11-11 11:31:00,773 [INFO] Rule:228 - rule GTZC_S instance for project manager is applicable
2024-11-11 11:31:00,773 [INFO] Rule:228 - rule GTZC_S instance for context M33S is applicable
2024-11-11 11:31:00,773 [INFO] Rule:228 - rule GTZC_S instance for VP is applicable
2024-11-11 11:31:00,773 [INFO] Rule:228 - rule GTZC_S instance for signal is applicable
2024-11-11 11:31:00,773 [INFO] Rule:228 - rule SPDIFRX instance for mcu is applicable
2024-11-11 11:31:00,773 [INFO] Rule:228 - rule Rename Tracer Mode is applicable
2024-11-11 11:31:00,773 [INFO] Rule:228 - rule SPDIFRX instance value for IP SPDIFRX is applicable
2024-11-11 11:31:00,773 [INFO] Rule:228 - rule SPDIFRX instance for signal is applicable
2024-11-11 11:31:00,773 [INFO] Rule:228 - rule SPDIFRX instance for project manager is applicable
2024-11-11 11:31:00,773 [INFO] Rule:228 - rule SPDIFRX instance for project manager is applicable
2024-11-11 11:31:00,773 [INFO] Rule:228 - rule ADC Scan  fix with FW F7 is applicable
2024-11-11 11:31:00,773 [INFO] Rule:228 - rule ADC Scan  fix with FW F7 is applicable
2024-11-11 11:31:00,774 [INFO] Rule:228 - rule WakeUp0 Mode is applicable
2024-11-11 11:31:00,774 [INFO] Rule:228 - rule WakeUp0 SIGNAL is applicable
2024-11-11 11:31:00,774 [INFO] Rule:228 - rule WakeUp1 Mode is applicable
2024-11-11 11:31:00,774 [INFO] Rule:228 - rule WakeUp1 SIGNAL is applicable
2024-11-11 11:31:00,774 [INFO] Rule:228 - rule WakeUp2 Mode is applicable
2024-11-11 11:31:00,774 [INFO] Rule:228 - rule WakeUp2 SIGNAL is applicable
2024-11-11 11:31:00,774 [INFO] Rule:228 - rule WakeUp4 Mode is applicable
2024-11-11 11:31:00,774 [INFO] Rule:228 - rule WakeUp4 SIGNAL is applicable
2024-11-11 11:31:00,774 [INFO] Rule:228 - rule WakeUp5 Mode is applicable
2024-11-11 11:31:00,774 [INFO] Rule:228 - rule WakeUp5 SIGNAL is applicable
2024-11-11 11:31:00,774 [INFO] Rule:228 - rule Add RTC Activate Clock Source is applicable
2024-11-11 11:31:00,774 [INFO] Rule:228 - rule Add RTC Activate Calendar 1 is applicable
2024-11-11 11:31:00,774 [INFO] Rule:228 - rule Add RTC Activate Calendar 2 is applicable
2024-11-11 11:31:00,774 [INFO] Rule:228 - rule Add RTC Activate Calendar 3 is applicable
2024-11-11 11:31:00,774 [INFO] Rule:228 - rule UART/USART TX Mode is applicable
2024-11-11 11:31:00,774 [INFO] Rule:228 - rule UART/USART RX Mode is applicable
2024-11-11 11:31:00,774 [INFO] Rule:228 - rule UART/USART RX TX Mode is applicable
2024-11-11 11:31:00,774 [INFO] Rule:228 - rule UART/USART PARITY NONE is applicable
2024-11-11 11:31:00,774 [INFO] Rule:228 - rule UART/USART PARITY EVEN is applicable
2024-11-11 11:31:00,774 [INFO] Rule:228 - rule UART/USART PARITY ODD is applicable
2024-11-11 11:31:00,774 [INFO] Rule:228 - rule USART StopBits 1 is applicable
2024-11-11 11:31:00,775 [INFO] Rule:228 - rule USART StopBits 2 is applicable
2024-11-11 11:31:00,775 [INFO] Rule:228 - rule USART StopBits 1.5 is applicable
2024-11-11 11:31:00,775 [INFO] Rule:228 - rule USART StopBits 0.5 is applicable
2024-11-11 11:31:00,775 [INFO] Rule:228 - rule UART/USART WORD LENGTH 7 is applicable
2024-11-11 11:31:00,775 [INFO] Rule:228 - rule UART/USART WORD LENGTH 8 is applicable
2024-11-11 11:31:00,775 [INFO] Rule:228 - rule UART/USART WORD LENGTH 9 is applicable
2024-11-11 11:31:00,775 [INFO] Rule:228 - rule Rename FMC NAND NCE signal is applicable
2024-11-11 11:31:00,775 [INFO] Rule:228 - rule Rename FMC NAND INT signal is applicable
2024-11-11 11:31:00,775 [INFO] Rule:228 - rule Change Default Value for LSE Drive Capability for WB family is applicable
2024-11-11 11:31:00,775 [INFO] Rule:228 - rule Change Default Value for ADC Clock Prescaler G0 family is applicable
2024-11-11 11:31:00,775 [INFO] Rule:228 - rule Change Default Value for ADC ExternalTrigConv L4 family is applicable
2024-11-11 11:31:00,775 [INFO] Rule:228 - rule Change Default Value for ADC ExternalTrigInjecConv L4 family is applicable
2024-11-11 11:31:00,775 [INFO] Rule:228 - rule Change Default Value for ADC ExternalTrigConv F3 family is applicable
2024-11-11 11:31:00,775 [INFO] Rule:228 - rule Change Default Value for ADC ExternalTrigInjecConv F3 family is applicable
2024-11-11 11:31:00,775 [INFO] Rule:228 - rule Change Default Value for ADC ExternalTrigConv Goldfish serie is applicable
2024-11-11 11:31:00,775 [INFO] Rule:228 - rule Change Default Value for ADC ExternalTrigInjecConv Goldfish serie is applicable
2024-11-11 11:31:00,775 [INFO] Rule:228 - rule Change Default Value for ADC ExternalTrigConv L0 family is applicable
2024-11-11 11:31:00,775 [INFO] Rule:228 - rule Change Default Value for ADC ExternalTrigConv F0 family is applicable
2024-11-11 11:31:00,775 [INFO] Rule:228 - rule Change Default Value for ADC ExternalTrigConvn L1 family is applicable
2024-11-11 11:31:00,775 [INFO] Rule:228 - rule Change Default Value for ADC ExternalTrigInjecConv L1 family is applicable
2024-11-11 11:31:00,775 [INFO] Rule:228 - rule Change Default Value for ADC ExternalTrigConv F1 family is applicable
2024-11-11 11:31:00,775 [INFO] Rule:228 - rule Change Default Value for ADC ExternalTrigInjecConv F1 family is applicable
2024-11-11 11:31:00,775 [INFO] Rule:228 - rule Change Default Value for ADC ExternalTrigConv F7 family is applicable
2024-11-11 11:31:00,775 [INFO] Rule:228 - rule Change Default Value for ADC ExternalTrigInjecConv F7 family is applicable
2024-11-11 11:31:00,775 [INFO] Rule:228 - rule Change Default Value for ADC ExternalTrigConv F4 and F2 family is applicable
2024-11-11 11:31:00,775 [INFO] Rule:228 - rule Change Default Value for ADC ExternalTrigInjecConv F4 and F2 family is applicable
2024-11-11 11:31:00,775 [INFO] Rule:228 - rule ADC SamplingTime fix with FW L0  is applicable
2024-11-11 11:31:00,776 [INFO] Rule:228 - rule ADC SamplingTime fix with FW L0  is applicable
2024-11-11 11:31:00,776 [INFO] Rule:228 - rule ADC SamplingTime fix with FW L0 is applicable
2024-11-11 11:31:00,776 [INFO] Rule:228 - rule ADC SamplingTime fix with FW L0 is applicable
2024-11-11 11:31:00,776 [INFO] Rule:228 - rule ADC SamplingTime fix with FW L0  is applicable
2024-11-11 11:31:00,776 [INFO] Rule:228 - rule ADC SamplingTime fix with FW L0 is applicable
2024-11-11 11:31:00,776 [INFO] Rule:228 - rule Rename USB_OE Signal is applicable
2024-11-11 11:31:00,776 [INFO] Rule:228 - rule Rename Activate_OE Mode is applicable
2024-11-11 11:31:00,776 [INFO] Rule:228 - rule Rename DIE462/DIE415 pin PC14/OSC32_IN -> PC14-OSC32_IN (PC14) is applicable
2024-11-11 11:31:00,776 [INFO] Rule:228 - rule Rename DIE462/DIE415 pin PC15/OSC32_OUT -> PC15-OSC32_OUT (PC15) is applicable
2024-11-11 11:31:00,776 [INFO] Rule:228 - rule Rename DIE462/DIE415 pin PH0/OSC_IN -> PH0-OSC_IN (PH0) is applicable
2024-11-11 11:31:00,776 [INFO] Rule:228 - rule Rename DIE462/DIE415 pin PH1/OSC_OUT -> PH1-OSC_OUT (PH1) is applicable
2024-11-11 11:31:00,776 [INFO] Rule:228 - rule Rename DIE462 pin PA13 -> PA13 (JTMS/SWDIO) is applicable
2024-11-11 11:31:00,776 [INFO] Rule:228 - rule Rename DIE415 pin PA13 -> PA13 (JTMS/SWDIO) is applicable
2024-11-11 11:31:00,776 [INFO] Rule:228 - rule Rename DIE462 pin PA14 -> PA14 (JTCK/SWCLK) is applicable
2024-11-11 11:31:00,776 [INFO] Rule:228 - rule Rename DIE415 pin PA14 -> PA14 (JTCK/SWCLK) is applicable
2024-11-11 11:31:00,776 [INFO] Rule:228 - rule Rename DIE462/DIE415 pin PA15 -> PA15 (JTDI) is applicable
2024-11-11 11:31:00,776 [INFO] Rule:228 - rule Rename DIE462 pin PB3 -> PB3 (JTD0/TRACESWO) is applicable
2024-11-11 11:31:00,776 [INFO] Rule:228 - rule Rename DIE415 pin PB3 -> PB3 (JTD0-TRACESWO) is applicable
2024-11-11 11:31:00,776 [INFO] Rule:228 - rule Rename DIE462/DIE415 pin PB4 -> PB4 (NJTRST) is applicable
2024-11-11 11:31:00,776 [INFO] Rule:228 - rule Rename DIE462 pin PH3/BOOT0 -> PH3-BOOT0 (BOOT0) is applicable
2024-11-11 11:31:00,776 [INFO] Rule:228 - rule Rename CRYP DataEncryptionTypesList to Algorithm is applicable
2024-11-11 11:31:00,776 [INFO] Rule:228 - rule Rename AES DataEncryptionTypesList to Algorithm is applicable
2024-11-11 11:31:00,776 [INFO] Rule:228 - rule Rename TDESECB to CRYP_TDES_ECB is applicable
2024-11-11 11:31:00,776 [INFO] Rule:228 - rule Rename TDESCBC to CRYP_TDES_CBC is applicable
2024-11-11 11:31:00,776 [INFO] Rule:228 - rule Rename DESECB to CRYP_DES_ECB is applicable
2024-11-11 11:31:00,776 [INFO] Rule:228 - rule Rename DESCBC to CRYP_DES_CBC is applicable
2024-11-11 11:31:00,776 [INFO] Rule:228 - rule Rename AESECB to CRYP_AES_ECB is applicable
2024-11-11 11:31:00,776 [INFO] Rule:228 - rule Rename AESCBC to CRYP_AES_CBC is applicable
2024-11-11 11:31:00,776 [INFO] Rule:228 - rule Rename AESCTR to CRYP_AES_CTR is applicable
2024-11-11 11:31:00,777 [INFO] Rule:228 - rule Rename AESGCM to CRYP_AES_GCM is applicable
2024-11-11 11:31:00,777 [INFO] Rule:228 - rule Rename AESCCM to CRYP_AES_CCM is applicable
2024-11-11 11:31:00,777 [INFO] Rule:228 - rule Rename CAN TimeSeg1 to BS1 is applicable
2024-11-11 11:31:00,777 [INFO] Rule:228 - rule Rename CAN TimeSeg2 to BS2 is applicable
2024-11-11 11:31:00,777 [INFO] Rule:228 - rule Rename CAN SyncJumpWidth to SJW is applicable
2024-11-11 11:31:00,777 [INFO] Rule:228 - rule TimeTriggeredMode to TTCM is applicable
2024-11-11 11:31:00,777 [INFO] Rule:228 - rule Rename CAN AutoBusOff to ABOM is applicable
2024-11-11 11:31:00,777 [INFO] Rule:228 - rule Rename CAN AutoWakeUp to AWUM is applicable
2024-11-11 11:31:00,777 [INFO] Rule:228 - rule Rename CAN AutoRetransmission to NART is applicable
2024-11-11 11:31:00,777 [INFO] Rule:228 - rule Rename CAN ReceiveFifoLocked to RFLM is applicable
2024-11-11 11:31:00,777 [INFO] Rule:228 - rule Rename CAN TransmitFifoPriority to TXFP is applicable
2024-11-11 11:31:00,777 [INFO] Rule:228 - rule Rename HRTIMER HRTIM_OUTPUTFAULTLEVEL_HIGH in HRTIMER HRTIM_OUTPUTFAULTLEVEL_HIGHZ is applicable
2024-11-11 11:31:00,777 [INFO] Rule:228 - rule Rename TIMER TIM_CLEARINPUTSOURCE_OCREFCLR in  TIMER TIM_CLEARINPUTSOURCE_NONE for F7 family is applicable
2024-11-11 11:31:00,777 [INFO] Rule:228 - rule FDCAN_R1 - Rename FDCAN mode Master into Classic is applicable
2024-11-11 11:31:00,777 [INFO] Rule:228 - rule FDCAN_R2 - Rename FDCAN mode Slave into Classic is applicable
2024-11-11 11:31:00,777 [INFO] Rule:228 - rule FDCAN1_R3 - if PA10.Mode=FullDuplex, add Pin PA12 is applicable
2024-11-11 11:31:00,777 [INFO] Rule:228 - rule FDCAN1_R3 - if PA9.Mode=FullDuplex, add Pin PA11 is applicable
2024-11-11 11:31:00,777 [INFO] Rule:228 - rule FDCAN1_R3 - Alternatepin_1 - if PE1.Mode=FullDuplex, add Pin PB9 is applicable
2024-11-11 11:31:00,777 [INFO] Rule:228 - rule FDCAN1_R3 - Alternatepin_1 - if PE0.Mode=FullDuplex, add Pin PB8 is applicable
2024-11-11 11:31:00,777 [INFO] Rule:228 - rule FDCAN1_R3 - Alternatepin_2 - if PD5.Mode=FullDuplex, add Pin PD1 is applicable
2024-11-11 11:31:00,777 [INFO] Rule:228 - rule FDCAN1_R3 - Alternatepin_2 - if PD4.Mode=FullDuplex, add Pin PD0 is applicable
2024-11-11 11:31:00,777 [INFO] Rule:228 - rule FDCAN1_R4 - Rename Mode FullDuplex into Enable FDCAN_TXFD for pin PA10 is applicable
2024-11-11 11:31:00,777 [INFO] Rule:228 - rule FDCAN1_R4 - Rename Mode FullDuplex into Enable FDCAN_TXFD for pin PA9 is applicable
2024-11-11 11:31:00,777 [INFO] Rule:228 - rule FDCAN1_R4 - Alternatepin_1 - Rename Mode FullDuplex into Enable FDCAN_TXFD for pin PE1 is applicable
2024-11-11 11:31:00,777 [INFO] Rule:228 - rule FDCAN1_R4 - Alternatepin_1 - Rename Mode FullDuplex into Enable FDCAN_TXFD for pin PE0 is applicable
2024-11-11 11:31:00,777 [INFO] Rule:228 - rule FDCAN1_R4 - Alternatepin_2 - Rename Mode FullDuplex into Enable FDCAN_TXFD for pin PD5 is applicable
2024-11-11 11:31:00,777 [INFO] Rule:228 - rule FDCAN1_R4 - Alternatepin_2 - Rename Mode FullDuplex into Enable FDCAN_TXFD for pin PD4 is applicable
2024-11-11 11:31:00,777 [INFO] Rule:228 - rule FDCAN2_R3 - if PD10.Mode=FullDuplex, add Pin PB13 is applicable
2024-11-11 11:31:00,777 [INFO] Rule:228 - rule FDCAN2_R3 - if PD9.Mode=FullDuplex, add Pin PB12 is applicable
2024-11-11 11:31:00,778 [INFO] Rule:228 - rule FDCAN2_R3 - Alternatepin_1 - if PB7.Mode=FullDuplex, add Pin PB6 is applicable
2024-11-11 11:31:00,778 [INFO] Rule:228 - rule FDCAN2_R3 - Alternatepin_1 - if PD9.Mode=FullDuplex, add Pin PB12 is applicable
2024-11-11 11:31:00,778 [INFO] Rule:228 - rule FDCAN2_R4 - Rename Mode FullDuplex into Enable FDCAN_TXFD for pin PD10 is applicable
2024-11-11 11:31:00,778 [INFO] Rule:228 - rule FDCAN2_R4 - Rename Mode FullDuplex into Enable FDCAN_TXFD for pin PD9 is applicable
2024-11-11 11:31:00,778 [INFO] Rule:228 - rule FDCAN2_R4 - Alternatepin_1 - Rename Mode FullDuplex into Enable FDCAN_TXFD for pin PB7 is applicable
2024-11-11 11:31:00,778 [INFO] Rule:228 - rule FDCAN2_R4 - Alternatepin_1 - Rename Mode FullDuplex into Enable FDCAN_TXFD for pin PD6 is applicable
2024-11-11 11:31:00,778 [INFO] Rule:228 - rule USART TxPinLevelInvertParam Mode is applicable
2024-11-11 11:31:00,778 [INFO] Rule:228 - rule USART RxPinLevelInvertParam Mode is applicable
2024-11-11 11:31:00,778 [INFO] Rule:228 - rule USART DataInvertParam Mode is applicable
2024-11-11 11:31:00,778 [INFO] Rule:228 - rule USART SwapParam Mode is applicable
2024-11-11 11:31:00,778 [INFO] Rule:228 - rule USART OverrunDisableParam Mode is applicable
2024-11-11 11:31:00,778 [INFO] Rule:228 - rule USART DMADisableonRxErrorParam Mode is applicable
2024-11-11 11:31:00,778 [INFO] Rule:228 - rule USART MSBFirstParam Mode is applicable
2024-11-11 11:31:00,778 [INFO] Rule:228 - rule Update MwName for USB_DEVICE is applicable
2024-11-11 11:31:00,778 [INFO] Rule:228 - rule Change PWR_Regulator_Voltage_Scale Default Value for RCC  H7 family is applicable
2024-11-11 11:31:00,778 [INFO] Rule:228 - rule UART/USART IPParameter rename Prescaler parameter to ClockPrescaler is applicable
2024-11-11 11:31:00,778 [INFO] Rule:228 - rule UART/USART Prescaler rename Prescaler parameter to ClockPrescaler is applicable
2024-11-11 11:31:00,778 [INFO] Rule:228 - rule TIM1CLockSelection is applicable
2024-11-11 11:31:00,778 [INFO] Rule:228 - rule TIM15CLockSelection is applicable
2024-11-11 11:31:00,778 [INFO] Rule:228 - rule align RCC SDMMC3CLockSelection default value on MP1 is applicable
2024-11-11 11:31:00,778 [INFO] Rule:228 - rule align RCC SDMMC12CLockSelection default value on MP1 is applicable
2024-11-11 11:31:00,778 [INFO] Rule:228 - rule align RCC QSPICLockSelection default value on MP1 is applicable
2024-11-11 11:31:00,778 [INFO] Rule:228 - rule align RCC QSPICLockSelection default value on MP1 is applicable
2024-11-11 11:31:00,778 [INFO] Rule:228 - rule align RCC SPI6CLockSelection default value on MP1 is applicable
2024-11-11 11:31:00,778 [INFO] Rule:228 - rule align RCC LPTIM23CLockSelection default value on MP1 is applicable
2024-11-11 11:31:00,778 [INFO] Rule:228 - rule align RCC LPTIM1CLockSelection default value on MP1 is applicable
2024-11-11 11:31:00,778 [INFO] Rule:228 - rule align RCC USART1CLockSelection default value on MP1 is applicable
2024-11-11 11:31:00,778 [INFO] Rule:228 - rule align RCC USART24CLockSelection default value on MP1 is applicable
2024-11-11 11:31:00,778 [INFO] Rule:228 - rule align RCC USART6CLockSelection default value on MP1 is applicable
2024-11-11 11:31:00,778 [INFO] Rule:228 - rule align RCC UART78CLockSelection default value on MP1 is applicable
2024-11-11 11:31:00,778 [INFO] Rule:228 - rule align RCC USART35CLockSelection default value on MP1 is applicable
2024-11-11 11:31:00,778 [INFO] Rule:228 - rule align RCC SPI45CLockSelection default value on MP1 is applicable
2024-11-11 11:31:00,778 [INFO] Rule:228 - rule align RCC I2C46CLockSelection BCLK value on MP1 is applicable
2024-11-11 11:31:00,778 [INFO] Rule:228 - rule align RCC SPI45CLockSelection default value on MP1 is applicable
2024-11-11 11:31:00,778 [INFO] Rule:228 - rule align RCC I2C12CLockSelection default value on MP1 is applicable
2024-11-11 11:31:00,778 [INFO] Rule:228 - rule align RCC I2C35CLockSelection default value on MP1 is applicable
2024-11-11 11:31:00,778 [INFO] Rule:228 - rule align RCC LPTIM45CLockSelection default value on MP1 is applicable
2024-11-11 11:31:00,778 [INFO] Rule:228 - rule Rename DCMI PIXCK signal is applicable
2024-11-11 11:31:00,778 [INFO] Rule:228 - rule Change Default Value for I2C46CLockSelection MP1 family is applicable
2024-11-11 11:31:00,778 [INFO] Rule:228 - rule Change Default Value for UART for G4, G0 and WB families is applicable
2024-11-11 11:31:00,778 [INFO] Rule:228 - rule Change Default Value for USART for G4, G0 and WB families is applicable
2024-11-11 11:31:00,778 [INFO] Rule:228 - rule Change Default Value for USART for G4 family is applicable
2024-11-11 11:31:00,778 [INFO] Rule:228 - rule Change USART1CLockSelection refparam name for MP1 is applicable
2024-11-11 11:31:00,778 [INFO] Rule:228 - rule Change USART2CLockSelection refparam name for MP1 is applicable
2024-11-11 11:31:00,778 [INFO] Rule:228 - rule Change USART3CLockSelection refparam name for MP1 is applicable
2024-11-11 11:31:00,778 [INFO] Rule:228 - rule Change UART4CLockSelection refparam name for MP1 is applicable
2024-11-11 11:31:00,778 [INFO] Rule:228 - rule Change UART5CLockSelection refparam name for MP1 is applicable
2024-11-11 11:31:00,778 [INFO] Rule:228 - rule Change LPUART1CLockSelection refparam name for MP1 is applicable
2024-11-11 11:31:00,778 [INFO] Rule:228 - rule Change LPTIM1CLockSelection refparam name for MP1 is applicable
2024-11-11 11:31:00,778 [INFO] Rule:228 - rule Change LPTIM2CLockSelection refparam name for MP1 is applicable
2024-11-11 11:31:00,778 [INFO] Rule:228 - rule Change RCC_MCO1Source refparam name for MP1 is applicable
2024-11-11 11:31:00,778 [INFO] Rule:228 - rule Change LSCOSource1 refparam name for MP1 is applicable
2024-11-11 11:31:00,778 [INFO] Rule:228 - rule Change SMPSCLockSelection refparam name for MP1 is applicable
2024-11-11 11:31:00,778 [INFO] Rule:228 - rule Change LPTIM3CLockSelection refparam name for MP1 is applicable
2024-11-11 11:31:00,778 [INFO] Rule:228 - rule Change MPCBB* Default Template Mode to Parameters is applicable
2024-11-11 11:31:00,778 [INFO] Rule:228 - rule Change MPCWM* or MPCBB* Secure Mode to Parameters is applicable
2024-11-11 11:31:00,778 [INFO] Rule:228 - rule Change MPCWM* or MPCBB* No Secure Mode to Parameters is applicable
2024-11-11 11:31:00,778 [INFO] Rule:228 - rule Change TZSC IP Secure Mode to Parameters is applicable
2024-11-11 11:31:00,778 [INFO] Rule:228 - rule Change TZSC IP No Secure Mode to Parameters is applicable
2024-11-11 11:31:00,778 [INFO] Rule:228 - rule Change TZSC IP Privilege Mode to Parameters is applicable
2024-11-11 11:31:00,778 [INFO] Rule:228 - rule Change TZSC IP No Privilege Mode to Parameters is applicable
2024-11-11 11:31:00,778 [INFO] Rule:228 - rule Change TZIC IT Secure Mode to Parameters is applicable
2024-11-11 11:31:00,779 [INFO] Rule:228 - rule Change TZIC IT No Secure Mode to Parameters is applicable
2024-11-11 11:31:00,779 [INFO] Rule:228 - rule Add MPCBB1_NonSecureArea_Start_Address value with referenced to MPCBB1_NonSecureArea_Start value is applicable
2024-11-11 11:31:00,779 [INFO] Rule:228 - rule Add MPCBB2_NonSecureArea_Start_Address value with referenced to MPCBB2_NonSecureArea_Start value is applicable
2024-11-11 11:31:00,779 [INFO] Rule:228 - rule Add MPCWM1_NonSecureArea*_Start_Address value with referenced to MPCWM1_NonSecureArea*_Start value is applicable
2024-11-11 11:31:00,779 [INFO] Rule:228 - rule Add MPCWM2_NonSecureArea*_Start_Address value with referenced to MPCWM2_NonSecureArea*_Start value is applicable
2024-11-11 11:31:00,779 [INFO] Rule:228 - rule Add MPCWM3_NonSecureArea_Start_Address value with referenced to MPCWM3_NonSecureArea_Start value is applicable
2024-11-11 11:31:00,779 [INFO] Rule:228 - rule Change Default Value for PLL1UserDefinedConfig is applicable
2024-11-11 11:31:00,779 [INFO] Rule:228 - rule Change GPIO_PuPd Default Value for USART in async mode is applicable
2024-11-11 11:31:00,779 [INFO] Rule:228 - rule Change SMPSDivider Default Value is applicable
2024-11-11 11:31:00,779 [INFO] Rule:228 - rule OPAMP is applicable
2024-11-11 11:31:00,779 [INFO] Rule:228 - rule LPUART IPParameter rename Prescaler parameter to ClockPrescaler for STM32H7 is applicable
2024-11-11 11:31:00,779 [INFO] Rule:228 - rule LPUART IPParameter rename Prescaler parameter to ClockPrescaler for STM32H7 is applicable
2024-11-11 11:31:00,779 [INFO] Rule:228 - rule LPUART IPParameter rename Prescaler parameter to ClockPrescaler for STM32WB is applicable
2024-11-11 11:31:00,779 [INFO] Rule:228 - rule LPUART IPParameter rename Prescaler parameter to ClockPrescaler for STM32WB is applicable
2024-11-11 11:31:00,779 [INFO] Rule:228 - rule LPUART IPParameter rename Prescaler parameter to ClockPrescaler for STM32G4 is applicable
2024-11-11 11:31:00,779 [INFO] Rule:228 - rule LPUART IPParameter rename Prescaler parameter to ClockPrescaler for STM32G4 is applicable
2024-11-11 11:31:00,780 [INFO] Rule:228 - rule LPUART IPParameter rename Prescaler parameter to ClockPrescaler for STM32L5 is applicable
2024-11-11 11:31:00,780 [INFO] Rule:228 - rule LPUART IPParameter rename Prescaler parameter to ClockPrescaler for STM32L5 is applicable
2024-11-11 11:31:00,780 [INFO] Rule:228 - rule LPUART IPParameter rename Prescaler parameter to ClockPrescaler for STM32G4 is applicable
2024-11-11 11:31:00,780 [INFO] Rule:228 - rule LPUART IPParameter rename Prescaler parameter to ClockPrescaler for STM32G4 is applicable
2024-11-11 11:31:00,780 [INFO] Rule:228 - rule USB device lib V2.5.3 for L0 rename USBD_SUPPORT_USER_STRING parameter to USBD_SUPPORT_USER_STRING_DESC4 is applicable
2024-11-11 11:31:00,780 [INFO] Rule:228 - rule I2SCLockSelection clock entry align is applicable
2024-11-11 11:31:00,780 [INFO] Rule:228 - rule Assign TIMx context if used as SYS timebase is applicable
2024-11-11 11:31:00,780 [INFO] Rule:228 - rule Change GPIO_Pu Default Value for I2C is applicable
2024-11-11 11:31:00,780 [INFO] Rule:228 - rule Change GPIO_Pu Default Value for SMBus is applicable
2024-11-11 11:31:00,780 [INFO] Rule:228 - rule change FDCAN default value is applicable
2024-11-11 11:31:00,780 [INFO] Rule:228 - rule Change mode sai is applicable
2024-11-11 11:31:00,780 [INFO] Rule:228 - rule **Change sai mode is applicable
2024-11-11 11:31:00,780 [INFO] Rule:228 - rule Rename STM32WPAN CFG_BLE_IRK to CFG_BLE_IR is applicable
2024-11-11 11:31:00,780 [INFO] Rule:228 - rule Rename STM32WPAN CFG_BLE_ERK to CFG_BLE_ER is applicable
2024-11-11 11:31:00,780 [INFO] Rule:228 - rule Rename STM32WPAN CFG_BLE_IRK_HEX to CFG_BLE_IR_HEX is applicable
2024-11-11 11:31:00,780 [INFO] Rule:228 - rule Rename STM32WPAN CFG_BLE_ERK_HEX to CFG_BLE_ER_HEX is applicable
2024-11-11 11:31:00,803 [INFO] DbConfProperties:307 - Apply Compatibility (50/262 Rules)
2024-11-11 11:31:00,812 [INFO] ImportTextPane:205 - (OptionalMessage_ERROR) Unable to find key (Mcu.ThirdPartyNb) in loaded IOC file
2024-11-11 11:31:01,025 [INFO] RtosManager:555 - Registered RTOS mode: class=CMSIS, group=RTOS, mode=CMSIS_V1, owner=FREERTOS
2024-11-11 11:31:01,025 [INFO] RtosManager:555 - Registered RTOS mode: class=CMSIS, group=RTOS2, mode=CMSIS_V2, owner=FREERTOS
2024-11-11 11:31:01,025 [INFO] RtosManager:555 - Registered RTOS mode: class=RTOS, group=Core, mode=CMSIS_V1, owner=FREERTOS
2024-11-11 11:31:01,025 [INFO] RtosManager:555 - Registered RTOS mode: class=RTOS, group=Core, mode=CMSIS_V2, owner=FREERTOS
2024-11-11 11:31:01,025 [WARN] ModelIntegratedComponent:184 - Missing modes for component STMicroelectronics:FreeRTOS:0.0.1:STMicroelectronics:RTOS:FreeRTOS:Core:::10.2.0:
2024-11-11 11:31:01,027 [WARN] ModelIntegratedComponent:63 - No mode defined for component null
2024-11-11 11:31:01,027 [WARN] ModelIntegratedComponent:63 - No mode defined for component null
2024-11-11 11:31:01,027 [WARN] ModelIntegratedComponent:63 - No mode defined for component null
2024-11-11 11:31:01,027 [WARN] ModelIntegratedComponent:63 - No mode defined for component null
2024-11-11 11:31:01,027 [WARN] ModelIntegratedComponent:63 - No mode defined for component null
2024-11-11 11:31:01,027 [WARN] ModelIntegratedComponent:63 - No mode defined for component null
2024-11-11 11:31:01,027 [WARN] ModelIntegratedComponent:63 - No mode defined for component null
2024-11-11 11:31:01,027 [WARN] ModelIntegratedComponent:63 - No mode defined for component null
2024-11-11 11:31:01,027 [WARN] ModelIntegratedComponent:63 - No mode defined for component null
2024-11-11 11:31:01,027 [WARN] ModelIntegratedComponent:63 - No mode defined for component null
2024-11-11 11:31:01,027 [WARN] ModelIntegratedComponent:63 - No mode defined for component null
2024-11-11 11:31:01,027 [WARN] ModelIntegratedComponent:63 - No mode defined for component null
2024-11-11 11:31:01,027 [WARN] ModelIntegratedComponent:63 - No mode defined for component null
2024-11-11 11:31:01,027 [WARN] ModelIntegratedComponent:63 - No mode defined for component null
2024-11-11 11:31:01,027 [WARN] ModelIntegratedComponent:63 - No mode defined for component null
2024-11-11 11:31:01,027 [WARN] ModelIntegratedComponent:63 - No mode defined for component null
2024-11-11 11:31:01,028 [WARN] ModelIntegratedComponent:63 - No mode defined for component null
2024-11-11 11:31:01,028 [WARN] ModelIntegratedComponent:63 - No mode defined for component null
2024-11-11 11:31:01,028 [WARN] ModelIntegratedComponent:63 - No mode defined for component null
2024-11-11 11:31:01,028 [WARN] ModelIntegratedComponent:63 - No mode defined for component null
2024-11-11 11:31:01,028 [WARN] ModelIntegratedComponent:63 - No mode defined for component null
2024-11-11 11:31:01,028 [WARN] ModelIntegratedComponent:63 - No mode defined for component null
2024-11-11 11:31:01,028 [WARN] ModelIntegratedComponent:63 - No mode defined for component null
2024-11-11 11:31:01,028 [WARN] ModelIntegratedComponent:63 - No mode defined for component null
2024-11-11 11:31:01,028 [WARN] ModelIntegratedComponent:63 - No mode defined for component null
2024-11-11 11:31:01,028 [WARN] ModelIntegratedComponent:63 - No mode defined for component null
2024-11-11 11:31:01,028 [WARN] ModelIntegratedComponent:63 - No mode defined for component null
2024-11-11 11:31:01,028 [WARN] ModelIntegratedComponent:63 - No mode defined for component null
2024-11-11 11:31:01,028 [WARN] ModelIntegratedComponent:63 - No mode defined for component null
2024-11-11 11:31:01,028 [WARN] ModelIntegratedComponent:63 - No mode defined for component null
2024-11-11 11:31:01,028 [WARN] ModelIntegratedComponent:63 - No mode defined for component null
2024-11-11 11:31:01,028 [WARN] ModelIntegratedComponent:63 - No mode defined for component null
2024-11-11 11:31:01,028 [WARN] ModelIntegratedComponent:63 - No mode defined for component null
2024-11-11 11:31:01,028 [WARN] ModelIntegratedComponent:63 - No mode defined for component null
2024-11-11 11:31:01,028 [WARN] ModelIntegratedComponent:63 - No mode defined for component null
2024-11-11 11:31:01,028 [WARN] ModelPack:524 - Component already loaded: STMicroelectronics:HAL Drivers:0.0.0:STMicroelectronics:Device:STMicro_Driver:XSPI:HAL::0.0.1:HAL_XSPI
2024-11-11 11:31:01,156 [INFO] ThirdPartyModel:298 - Start build external matchings
2024-11-11 11:31:04,196 [INFO] ThirdPartyModel:316 - End build external matchings
2024-11-11 11:31:04,219 [INFO] ImportTextPane:205 - (OptionalMessage_ERROR) IP (RCC) : Parameter (RTCHSEDivFreq_Value) has invalid value (4000000)
2024-11-11 11:31:04,507 [INFO] UtilMem:75 - End LoadConfig() Used Memory: 686407056 Bytes (1073741824)
2024-11-11 11:31:04,520 [WARN] ThirdParty:833 - waiting for thirdparty lock release [change project]
2024-11-11 11:31:04,520 [INFO] ThirdParty:835 - entering critical section [change project]
2024-11-11 11:31:04,520 [INFO] ThirdParty:1030 - CMSIS Pack Vendor :STMicroelectronics USBPD 4.1
2024-11-11 11:31:04,520 [INFO] ThirdParty:1030 - CMSIS Pack Vendor :STMicroelectronics X-CUBE-GNSS1 6.0.0
2024-11-11 11:31:04,520 [INFO] ThirdParty:1030 - CMSIS Pack Vendor :STMicroelectronics USB_HOST 2.0.0
2024-11-11 11:31:04,520 [INFO] ThirdParty:1030 - CMSIS Pack Vendor :STMicroelectronics FP-SNS-MOTENVWB1 1.4.0
2024-11-11 11:31:04,521 [INFO] ThirdParty:1030 - CMSIS Pack Vendor :STMicroelectronics X-CUBE-AZRTOS-F4 1.1.0
2024-11-11 11:31:04,521 [INFO] ThirdParty:1030 - CMSIS Pack Vendor :STMicroelectronics LIBJPEG 8.0.0
2024-11-11 11:31:04,521 [INFO] ThirdParty:1030 - CMSIS Pack Vendor :wolfSSL I-CUBE-wolfSSL 5.6.3
2024-11-11 11:31:04,521 [INFO] ThirdParty:1030 - CMSIS Pack Vendor :STMicroelectronics X-CUBE-SMBUS 2.1.0
2024-11-11 11:31:04,521 [INFO] ThirdParty:1030 - CMSIS Pack Vendor :STMicroelectronics X-CUBE-WB05N 1.1.0
2024-11-11 11:31:04,521 [INFO] ThirdParty:1030 - CMSIS Pack Vendor :STMicroelectronics X-CUBE-ISPU 2.1.0
2024-11-11 11:31:04,521 [INFO] ThirdParty:1030 - CMSIS Pack Vendor :STMicroelectronics X-CUBE-FREERTOS 1.2.0
2024-11-11 11:31:04,521 [INFO] ThirdParty:1030 - CMSIS Pack Vendor :STMicroelectronics X-CUBE-TOUCHGFX 4.23.0
2024-11-11 11:31:04,521 [INFO] ThirdParty:1030 - CMSIS Pack Vendor :STMicroelectronics X-CUBE-TOUCHGFX 4.23.2
2024-11-11 11:31:04,521 [INFO] ThirdParty:1030 - CMSIS Pack Vendor :STMicroelectronics X-CUBE-AZRTOS-F7 1.1.0
2024-11-11 11:31:04,521 [INFO] ThirdParty:1030 - CMSIS Pack Vendor :STMicroelectronics X-CUBE-AZRTOS-L5 2.0.0
2024-11-11 11:31:04,521 [INFO] ThirdParty:1030 - CMSIS Pack Vendor :STMicroelectronics USB_DEVICE 2.0.0
2024-11-11 11:31:04,521 [INFO] ThirdParty:1030 - CMSIS Pack Vendor :STMicroelectronics X-CUBE-MEMS1 9.6.0
2024-11-11 11:31:04,521 [INFO] ThirdParty:1030 - CMSIS Pack Vendor :STMicroelectronics X-CUBE-EEPRMA1 4.2.0
2024-11-11 11:31:04,521 [INFO] ThirdParty:1030 - CMSIS Pack Vendor :STMicroelectronics X-CUBE-NFC6 3.1.0
2024-11-11 11:31:04,521 [INFO] ThirdParty:1030 - CMSIS Pack Vendor :ITTIA_DB I-CUBE-ITTIADB 8.8.0
2024-11-11 11:31:04,521 [INFO] ThirdParty:1030 - CMSIS Pack Vendor :STMicroelectronics FP-SNS-MOTENV1 4.3.2
2024-11-11 11:31:04,521 [INFO] ThirdParty:1030 - CMSIS Pack Vendor :STMicroelectronics FP-SNS-FLIGHT1 5.0.1
2024-11-11 11:31:04,521 [INFO] ThirdParty:1030 - CMSIS Pack Vendor :STMicroelectronics X-CUBE-MEMS1 11.0.0
2024-11-11 11:31:04,521 [INFO] ThirdParty:1030 - CMSIS Pack Vendor :STMicroelectronics X-CUBE-BLE1 6.2.4
2024-11-11 11:31:04,521 [INFO] ThirdParty:1030 - CMSIS Pack Vendor :STMicroelectronics FreeRTOS 0.0.1
2024-11-11 11:31:04,521 [INFO] ThirdParty:1030 - CMSIS Pack Vendor :STMicroelectronics X-CUBE-BLEMGR 2.0.0
2024-11-11 11:31:04,521 [INFO] ThirdParty:1030 - CMSIS Pack Vendor :STMicroelectronics X-CUBE-DPower 1.2.0
2024-11-11 11:31:04,521 [INFO] ThirdParty:1030 - CMSIS Pack Vendor :STMicroelectronics FP-SNS-FLIGHT1 5.0.2
2024-11-11 11:31:04,521 [INFO] ThirdParty:1030 - CMSIS Pack Vendor :STMicroelectronics X-CUBE-AI 9.0.0
2024-11-11 11:31:04,521 [INFO] ThirdParty:1030 - CMSIS Pack Vendor :STMicroelectronics X-CUBE-AZRTOS-H7 3.1.0
2024-11-11 11:31:04,521 [INFO] ThirdParty:1030 - CMSIS Pack Vendor :STMicroelectronics PDM2PCM 3.3.0
2024-11-11 11:31:04,521 [INFO] ThirdParty:1030 - CMSIS Pack Vendor :STMicroelectronics X-CUBE-DISPLAY 3.0.0
2024-11-11 11:31:04,521 [INFO] ThirdParty:1030 - CMSIS Pack Vendor :STMicroelectronics X-CUBE-BLE1 7.0.0
2024-11-11 11:31:04,521 [INFO] ThirdParty:1030 - CMSIS Pack Vendor :STMicroelectronics X-CUBE-NFC10 1.0.0
2024-11-11 11:31:04,521 [INFO] ThirdParty:1030 - CMSIS Pack Vendor :STMicroelectronics HAL Drivers 0.0.0
2024-11-11 11:31:04,521 [INFO] ThirdParty:1030 - CMSIS Pack Vendor :emotas I-CUBE-CANOPEN 1.3.0
2024-11-11 11:31:04,521 [INFO] ThirdParty:1030 - CMSIS Pack Vendor :STMicroelectronics X-CUBE-TOUCHGFX 4.22.0
2024-11-11 11:31:04,521 [INFO] ThirdParty:1030 - CMSIS Pack Vendor :STMicroelectronics X-CUBE-NFC7 1.0.1
2024-11-11 11:31:04,521 [INFO] ThirdParty:1030 - CMSIS Pack Vendor :STMicroelectronics MBEDTLS 2.14.1
2024-11-11 11:31:04,521 [INFO] ThirdParty:1030 - CMSIS Pack Vendor :STMicroelectronics X-CUBE-TOUCHGFX 4.22.1
2024-11-11 11:31:04,521 [INFO] ThirdParty:1030 - CMSIS Pack Vendor :STMicroelectronics X-CUBE-NFC6 3.0.0
2024-11-11 11:31:04,521 [INFO] ThirdParty:1030 - CMSIS Pack Vendor :STMicroelectronics X-CUBE-EEPRMA1 4.1.0
2024-11-11 11:31:04,521 [INFO] ThirdParty:1030 - CMSIS Pack Vendor :STMicroelectronics X-CUBE-BLEMGR 3.1.0
2024-11-11 11:31:04,522 [INFO] ThirdParty:1030 - CMSIS Pack Vendor :STMicroelectronics FP-SNS-SMARTAG2 1.2.0
2024-11-11 11:31:04,522 [INFO] ThirdParty:1030 - CMSIS Pack Vendor :STMicroelectronics X-CUBE-AZRTOS-WL 2.0.0
2024-11-11 11:31:04,522 [INFO] ThirdParty:1030 - CMSIS Pack Vendor :STMicroelectronics FP-SNS-MOTENV1 5.0.0
2024-11-11 11:31:04,522 [INFO] ThirdParty:1030 - CMSIS Pack Vendor :STMicroelectronics USB_DEVICE 1.0.0
2024-11-11 11:31:04,522 [INFO] ThirdParty:1030 - CMSIS Pack Vendor :STMicroelectronics X-CUBE-AI 8.1.0
2024-11-11 11:31:04,522 [INFO] ThirdParty:1030 - CMSIS Pack Vendor :wolfSSL I-CUBE-wolfMQTT 1.19.0
2024-11-11 11:31:04,522 [INFO] ThirdParty:1030 - CMSIS Pack Vendor :STMicroelectronics X-CUBE-AZRTOS-L4 2.0.0
2024-11-11 11:31:04,522 [INFO] ThirdParty:1030 - CMSIS Pack Vendor :STMicroelectronics ThreadX 0.0.2
2024-11-11 11:31:04,522 [INFO] ThirdParty:1030 - CMSIS Pack Vendor :WES I-CUBE-Cesium 1.3.0
2024-11-11 11:31:04,522 [INFO] ThirdParty:1030 - CMSIS Pack Vendor :STMicroelectronics lwIP 2.1.2
2024-11-11 11:31:04,522 [INFO] ThirdParty:1030 - CMSIS Pack Vendor :STMicroelectronics X-CUBE-SFXS2LP1 4.0.0
2024-11-11 11:31:04,522 [INFO] ThirdParty:1030 - CMSIS Pack Vendor :STMicroelectronics X-CUBE-BLE2 3.3.0
2024-11-11 11:31:04,522 [INFO] ThirdParty:1030 - CMSIS Pack Vendor :STMicroelectronics PDM2PCM 3.2.0
2024-11-11 11:31:04,522 [INFO] ThirdParty:1030 - CMSIS Pack Vendor :STMicroelectronics X-CUBE-ISPU 1.1.0
2024-11-11 11:31:04,522 [INFO] ThirdParty:1030 - CMSIS Pack Vendor :STMicroelectronics X-CUBE-AZRTOS-H7 3.3.0
2024-11-11 11:31:04,522 [INFO] ThirdParty:1030 - CMSIS Pack Vendor :STMicroelectronics X-CUBE-NFC9 1.0.0
2024-11-11 11:31:04,522 [INFO] ThirdParty:1030 - CMSIS Pack Vendor :STMicroelectronics USB_DEVICE 3.0.0
2024-11-11 11:31:04,522 [INFO] ThirdParty:1030 - CMSIS Pack Vendor :STMicroelectronics X-CUBE-TCPP 4.1.0
2024-11-11 11:31:04,522 [INFO] ThirdParty:1030 - CMSIS Pack Vendor :STMicroelectronics X-CUBE-IPS 3.0.0
2024-11-11 11:31:04,522 [INFO] ThirdParty:1030 - CMSIS Pack Vendor :STMicroelectronics X-CUBE-AZRTOS-WB 2.0.0
2024-11-11 11:31:04,522 [INFO] ThirdParty:1030 - CMSIS Pack Vendor :STMicroelectronics X-CUBE-FREERTOS 1.0.1
2024-11-11 11:31:04,522 [INFO] ThirdParty:1030 - CMSIS Pack Vendor :STMicroelectronics X-CUBE-GNSS1 7.0.0
2024-11-11 11:31:04,522 [INFO] ThirdParty:1030 - CMSIS Pack Vendor :STMicroelectronics FP-SNS-STBOX1 2.0.0
2024-11-11 11:31:04,522 [INFO] ThirdParty:1030 - CMSIS Pack Vendor :STMicroelectronics X-CUBE-ALGOBUILD 1.3.0
2024-11-11 11:31:04,522 [INFO] ThirdParty:1030 - CMSIS Pack Vendor :STMicroelectronics X-CUBE-AZRTOS-L5 1.1.0
2024-11-11 11:31:04,522 [INFO] ThirdParty:1030 - CMSIS Pack Vendor :STMicroelectronics X-CUBE-AZRTOS-G0 1.1.0
2024-11-11 11:31:04,522 [INFO] ThirdParty:1030 - CMSIS Pack Vendor :STMicroelectronics X-CUBE-AI 8.0.1
2024-11-11 11:31:04,522 [INFO] ThirdParty:1030 - CMSIS Pack Vendor :STMicroelectronics X-CUBE-SAFEA1 1.2.2
2024-11-11 11:31:04,522 [INFO] ThirdParty:1030 - CMSIS Pack Vendor :STMicroelectronics X-CUBE-NFC4 3.0.0
2024-11-11 11:31:04,522 [INFO] ThirdParty:1030 - CMSIS Pack Vendor :STMicroelectronics X-CUBE-SUBG2 5.0.0
2024-11-11 11:31:04,522 [INFO] ThirdParty:1030 - CMSIS Pack Vendor :STMicroelectronics STM32_WPAN 1.0.0
2024-11-11 11:31:04,522 [INFO] ThirdParty:1030 - CMSIS Pack Vendor :wolfSSL I-CUBE-wolfMQTT 1.18.0
2024-11-11 11:31:04,522 [INFO] ThirdParty:1030 - CMSIS Pack Vendor :EmbeddedOffice I-CUBE-FS-RTOS 1.0.1
2024-11-11 11:31:04,522 [INFO] ThirdParty:1030 - CMSIS Pack Vendor :STMicroelectronics lwIP 2.0.3
2024-11-11 11:31:04,522 [INFO] ThirdParty:1030 - CMSIS Pack Vendor :Cesanta I-CUBE-Mongoose 7.13.0
2024-11-11 11:31:04,522 [INFO] ThirdParty:1030 - CMSIS Pack Vendor :STMicroelectronics USB_HOST 1.0.0
2024-11-11 11:31:04,522 [INFO] ThirdParty:1030 - CMSIS Pack Vendor :STMicroelectronics X-CUBE-TOF1 3.3.1
2024-11-11 11:31:04,522 [INFO] ThirdParty:1030 - CMSIS Pack Vendor :STMicroelectronics X-CUBE-AZRTOS-G4 2.0.0
2024-11-11 11:31:04,522 [INFO] ThirdParty:1030 - CMSIS Pack Vendor :STMicroelectronics PDM2PCM 3.1.0
2024-11-11 11:31:04,522 [INFO] ThirdParty:1030 - CMSIS Pack Vendor :Infineon AIROC-Wi-Fi-Bluetooth-STM32 1.5.1
2024-11-11 11:31:04,522 [INFO] ThirdParty:1030 - CMSIS Pack Vendor :STMicroelectronics X-CUBE-BLEMGR 3.0.0
2024-11-11 11:31:04,522 [INFO] ThirdParty:1030 - CMSIS Pack Vendor :STMicroelectronics FP-SNS-MOTENVWB1 1.3.0
2024-11-11 11:31:04,523 [INFO] ThirdParty:1030 - CMSIS Pack Vendor :RealThread X-CUBE-RT-Thread_Nano 4.1.1
2024-11-11 11:31:04,523 [INFO] ThirdParty:1030 - CMSIS Pack Vendor :STMicroelectronics FP-SNS-MOTENVWB1 1.3.1
2024-11-11 11:31:04,523 [INFO] ThirdParty:1030 - CMSIS Pack Vendor :STMicroelectronics FP-ATR-SIGFOX1 3.2.0
2024-11-11 11:31:04,523 [INFO] ThirdParty:1030 - CMSIS Pack Vendor :STMicroelectronics X-CUBE-ISPU 2.0.0
2024-11-11 11:31:04,523 [INFO] ThirdParty:1030 - CMSIS Pack Vendor :STMicroelectronics X-CUBE-EEPRMA1 5.1.0
2024-11-11 11:31:04,523 [INFO] ThirdParty:1030 - CMSIS Pack Vendor :STMicroelectronics MBEDTLS 2.16.2
2024-11-11 11:31:04,523 [INFO] ThirdParty:1030 - CMSIS Pack Vendor :STMicroelectronics X-CUBE-ALS 1.0.2
2024-11-11 11:31:04,523 [INFO] ThirdParty:1030 - CMSIS Pack Vendor :STMicroelectronics X-CUBE-MEMS1 10.0.0
2024-11-11 11:31:04,523 [INFO] ThirdParty:1030 - CMSIS Pack Vendor :STMicroelectronics X-CUBE-FREERTOS 1.1.0
2024-11-11 11:31:04,523 [INFO] ThirdParty:1030 - CMSIS Pack Vendor :STMicroelectronics X-CUBE-TOUCHGFX 4.24.1
2024-11-11 11:31:04,523 [INFO] ThirdParty:1030 - CMSIS Pack Vendor :wolfSSL I-CUBE-wolfTPM 3.4.0
2024-11-11 11:31:04,523 [INFO] ThirdParty:1030 - CMSIS Pack Vendor :portGmbH I-Cube-SoM-uGOAL 1.1.0
2024-11-11 11:31:04,523 [INFO] ThirdParty:1030 - CMSIS Pack Vendor :STMicroelectronics X-CUBE-ALS 1.0.1
2024-11-11 11:31:04,523 [INFO] ThirdParty:1030 - CMSIS Pack Vendor :STMicroelectronics ThreadX 1.0.0
2024-11-11 11:31:04,523 [INFO] ThirdParty:1030 - CMSIS Pack Vendor :STMicroelectronics X-CUBE-AZRTOS-WB 1.1.0
2024-11-11 11:31:04,523 [INFO] ThirdParty:1030 - CMSIS Pack Vendor :SEGGER I-CUBE-embOS 1.3.1
2024-11-11 11:31:04,523 [INFO] ThirdParty:1030 - CMSIS Pack Vendor :STMicroelectronics X-CUBE-ALGOBUILD 1.4.0
2024-11-11 11:31:04,523 [INFO] ThirdParty:1030 - CMSIS Pack Vendor :STMicroelectronics X-CUBE-AZRTOS-H7RS 1.0.0
2024-11-11 11:31:04,523 [INFO] ThirdParty:1030 - CMSIS Pack Vendor :STMicroelectronics FP-ATR-ASTRA1 2.0.0
2024-11-11 11:31:04,523 [INFO] ThirdParty:1030 - CMSIS Pack Vendor :STMicroelectronics X-CUBE-TOF1 3.4.2
2024-11-11 11:31:04,523 [INFO] ThirdParty:1030 - CMSIS Pack Vendor :STMicroelectronics X-CUBE-AI 9.1.0
2024-11-11 11:31:04,523 [INFO] ThirdParty:1030 - CMSIS Pack Vendor :STMicroelectronics X-CUBE-TOF1 3.4.0
2024-11-11 11:31:04,523 [INFO] ThirdParty:1030 - CMSIS Pack Vendor :STMicroelectronics X-CUBE-TOF1 3.4.1
2024-11-11 11:31:04,523 [INFO] ThirdParty:1030 - CMSIS Pack Vendor :STMicroelectronics X-CUBE-AZRTOS-H7 3.2.0
2024-11-11 11:31:04,523 [INFO] ThirdParty:1030 - CMSIS Pack Vendor :wolfSSL I-CUBE-wolfSSH 1.4.17
2024-11-11 11:31:04,523 [INFO] ThirdParty:841 - exiting critical section [change project]
2024-11-11 11:31:04,683 [INFO] PinOutPanel:1561 - setPackage(No Configuration,No Configuration)
2024-11-11 11:31:04,684 [INFO] PinOutPanel:1561 - setPackage(STM32F407VGTx,LQFP100)
2024-11-11 11:31:04,886 [INFO] UtilMem:75 - Before build in PCC Used Memory: 667055592 Bytes (1073741824)
2024-11-11 11:31:05,076 [INFO] UtilMem:75 - After build in PCC Used Memory: 712144360 Bytes (1073741824)
2024-11-11 11:31:05,080 [INFO] ApiDbMcu:508 - Load IP Config File for USB_HOST
2024-11-11 11:31:05,080 [INFO] Middleware:617 - instanceName : USB_HOST bspName : Drive_VBUS_FS check condition success for : SW_VBUS_DRIVE_AUDIO_FS = false
2024-11-11 11:31:05,080 [INFO] Middleware:617 - instanceName : USB_HOST bspName : Drive_VBUS_FS check condition success for : SW_VBUS_DRIVE_AUDIO_FS = false
2024-11-11 11:31:05,080 [INFO] Middleware:617 - instanceName : USB_HOST bspName : Drive_VBUS_HS check condition success for : SW_VBUS_DRIVE_AUDIO_HS = false
2024-11-11 11:31:05,080 [INFO] Middleware:617 - instanceName : USB_HOST bspName : Drive_VBUS_HS check condition success for : SW_VBUS_DRIVE_AUDIO_HS = false
2024-11-11 11:31:05,080 [INFO] Middleware:617 - instanceName : USB_HOST bspName : Drive_VBUS_FS check condition success for : SW_VBUS_DRIVE_CDC_FS = false
2024-11-11 11:31:05,080 [INFO] Middleware:617 - instanceName : USB_HOST bspName : Drive_VBUS_FS check condition success for : SW_VBUS_DRIVE_CDC_FS = false
2024-11-11 11:31:05,080 [INFO] Middleware:617 - instanceName : USB_HOST bspName : Drive_VBUS_FS check condition success for : SW_VBUS_DRIVE_CDC_FS = false
2024-11-11 11:31:05,080 [INFO] Middleware:617 - instanceName : USB_HOST bspName : Drive_VBUS_HS check condition success for : SW_VBUS_DRIVE_CDC_HS = false
2024-11-11 11:31:05,080 [INFO] Middleware:617 - instanceName : USB_HOST bspName : Drive_VBUS_HS check condition success for : SW_VBUS_DRIVE_CDC_HS = false
2024-11-11 11:31:05,080 [INFO] Middleware:617 - instanceName : USB_HOST bspName : Drive_VBUS_FS check condition success for : SW_VBUS_DRIVE_HID_FS = false
2024-11-11 11:31:05,080 [INFO] Middleware:617 - instanceName : USB_HOST bspName : Drive_VBUS_FS check condition success for : SW_VBUS_DRIVE_HID_FS = false
2024-11-11 11:31:05,080 [INFO] Middleware:617 - instanceName : USB_HOST bspName : Drive_VBUS_HS check condition success for : SW_VBUS_DRIVE_HID_HS = false
2024-11-11 11:31:05,080 [INFO] Middleware:617 - instanceName : USB_HOST bspName : Drive_VBUS_HS check condition success for : SW_VBUS_DRIVE_HID_HS = false
2024-11-11 11:31:05,080 [INFO] Middleware:617 - instanceName : USB_HOST bspName : Drive_VBUS_FS check condition success for : SW_VBUS_DRIVE_MSC_FS = false
2024-11-11 11:31:05,080 [INFO] Middleware:617 - instanceName : USB_HOST bspName : Drive_VBUS_FS check condition success for : SW_VBUS_DRIVE_MSC_FS = false
2024-11-11 11:31:05,080 [INFO] Middleware:617 - instanceName : USB_HOST bspName : Drive_VBUS_HS check condition success for : SW_VBUS_DRIVE_MSC_HS = false
2024-11-11 11:31:05,080 [INFO] Middleware:617 - instanceName : USB_HOST bspName : Drive_VBUS_HS check condition success for : SW_VBUS_DRIVE_MSC_HS = false
2024-11-11 11:31:05,081 [INFO] Middleware:617 - instanceName : USB_HOST bspName : Drive_VBUS_FS check condition success for : ALL_SW_VBUS_DRIVE_FS = false
2024-11-11 11:31:05,081 [INFO] Middleware:617 - instanceName : USB_HOST bspName : Drive_VBUS_FS check condition success for : ALL_SW_VBUS_DRIVE_FS = false
2024-11-11 11:31:05,081 [INFO] Middleware:617 - instanceName : USB_HOST bspName : Drive_VBUS_HS check condition success for : ALL_SW_VBUS_DRIVE_HS = false
2024-11-11 11:31:05,081 [INFO] Middleware:617 - instanceName : USB_HOST bspName : Drive_VBUS_HS check condition success for : ALL_SW_VBUS_DRIVE_HS = false
2024-11-11 11:31:05,081 [INFO] Middleware:617 - instanceName : USB_HOST bspName : Drive_VBUS_FS check condition success for : SW_VBUS_DRIVE_MTP_FS = false
2024-11-11 11:31:05,081 [INFO] Middleware:617 - instanceName : USB_HOST bspName : Drive_VBUS_FS check condition success for : SW_VBUS_DRIVE_MTP_FS = false
2024-11-11 11:31:05,081 [INFO] Middleware:617 - instanceName : USB_HOST bspName : Drive_VBUS_HS check condition success for : SW_VBUS_DRIVE_MTP_HS = false
2024-11-11 11:31:05,081 [INFO] Middleware:617 - instanceName : USB_HOST bspName : Drive_VBUS_HS check condition success for : SW_VBUS_DRIVE_MTP_HS = false
2024-11-11 11:31:05,081 [WARN] BspModel:444 - BSP dependency skipped because of component: name='IOExpander', api='Unknown'
2024-11-11 11:31:05,107 [INFO] IPUIPlugin:80 - create IPUIPlugin
2024-11-11 11:31:05,108 [INFO] IPUIPlugin:80 - create IPUIPlugin
2024-11-11 11:31:05,108 [INFO] IPUIPlugin:80 - create IPUIPlugin
2024-11-11 11:31:05,108 [INFO] IPUIPlugin:80 - create IPUIPlugin
2024-11-11 11:31:05,108 [INFO] IPUIPlugin:80 - create IPUIPlugin
2024-11-11 11:31:05,108 [INFO] IPUIPlugin:80 - create IPUIPlugin
2024-11-11 11:31:05,108 [INFO] IPUIPlugin:80 - create IPUIPlugin
2024-11-11 11:31:05,108 [INFO] IPUIPlugin:80 - create IPUIPlugin
2024-11-11 11:31:05,108 [INFO] IPUIPlugin:80 - create IPUIPlugin
2024-11-11 11:31:05,108 [INFO] IPUIPlugin:80 - create IPUIPlugin
2024-11-11 11:31:05,108 [INFO] IPUIPlugin:80 - create IPUIPlugin
2024-11-11 11:31:05,108 [INFO] IPUIPlugin:80 - create IPUIPlugin
2024-11-11 11:31:05,108 [INFO] IPUIPlugin:80 - create IPUIPlugin
2024-11-11 11:31:05,108 [INFO] IPUIPlugin:80 - create IPUIPlugin
2024-11-11 11:31:05,108 [INFO] IPUIPlugin:80 - create IPUIPlugin
2024-11-11 11:31:05,109 [INFO] IPUIPlugin:80 - create IPUIPlugin
2024-11-11 11:31:05,109 [INFO] IPUIPlugin:80 - create IPUIPlugin
2024-11-11 11:31:05,109 [INFO] IPUIPlugin:80 - create IPUIPlugin
2024-11-11 11:31:05,109 [INFO] IPUIPlugin:80 - create IPUIPlugin
2024-11-11 11:31:05,109 [INFO] IPUIPlugin:80 - create IPUIPlugin
2024-11-11 11:31:05,109 [INFO] IPUIPlugin:80 - create IPUIPlugin
2024-11-11 11:31:05,109 [INFO] IPUIPlugin:80 - create IPUIPlugin
2024-11-11 11:31:05,109 [INFO] IPUIPlugin:80 - create IPUIPlugin
2024-11-11 11:31:05,110 [INFO] IPUIPlugin:80 - create IPUIPlugin
2024-11-11 11:31:05,110 [INFO] IPUIPlugin:80 - create IPUIPlugin
2024-11-11 11:31:05,110 [INFO] IPUIPlugin:80 - create IPUIPlugin
2024-11-11 11:31:05,110 [INFO] IPUIPlugin:80 - create IPUIPlugin
2024-11-11 11:31:05,110 [INFO] IPUIPlugin:80 - create IPUIPlugin
2024-11-11 11:31:05,111 [INFO] IPUIPlugin:80 - create IPUIPlugin
2024-11-11 11:31:05,111 [INFO] IPUIPlugin:80 - create IPUIPlugin
2024-11-11 11:31:05,111 [INFO] IPUIPlugin:80 - create IPUIPlugin
2024-11-11 11:31:05,112 [INFO] IPUIPlugin:80 - create IPUIPlugin
2024-11-11 11:31:05,112 [INFO] IPUIPlugin:80 - create IPUIPlugin
2024-11-11 11:31:05,112 [INFO] IPUIPlugin:80 - create IPUIPlugin
2024-11-11 11:31:05,113 [INFO] IPUIPlugin:80 - create IPUIPlugin
2024-11-11 11:31:05,113 [INFO] IPUIPlugin:80 - create IPUIPlugin
2024-11-11 11:31:05,114 [INFO] IPUIPlugin:80 - create IPUIPlugin
2024-11-11 11:31:05,114 [INFO] IPUIPlugin:80 - create IPUIPlugin
2024-11-11 11:31:05,114 [INFO] IPUIPlugin:80 - create IPUIPlugin
2024-11-11 11:31:05,115 [INFO] IPUIPlugin:80 - create IPUIPlugin
2024-11-11 11:31:05,115 [INFO] IPUIPlugin:80 - create IPUIPlugin
2024-11-11 11:31:05,115 [INFO] IPUIPlugin:80 - create IPUIPlugin
2024-11-11 11:31:05,116 [INFO] IPUIPlugin:80 - create IPUIPlugin
2024-11-11 11:31:05,116 [INFO] IPUIPlugin:80 - create IPUIPlugin
2024-11-11 11:31:05,116 [INFO] IPUIPlugin:80 - create IPUIPlugin
2024-11-11 11:31:05,117 [INFO] IPUIPlugin:80 - create IPUIPlugin
2024-11-11 11:31:05,117 [INFO] IPUIPlugin:80 - create IPUIPlugin
2024-11-11 11:31:05,118 [INFO] IPUIPlugin:80 - create IPUIPlugin
2024-11-11 11:31:05,118 [INFO] IPUIPlugin:80 - create IPUIPlugin
2024-11-11 11:31:05,119 [INFO] IPUIPlugin:80 - create IPUIPlugin
2024-11-11 11:31:05,119 [INFO] IPUIPlugin:80 - create IPUIPlugin
2024-11-11 11:31:05,120 [INFO] IPUIPlugin:80 - create IPUIPlugin
2024-11-11 11:31:05,120 [INFO] IPUIPlugin:80 - create IPUIPlugin
2024-11-11 11:31:05,121 [INFO] IPUIPlugin:80 - create IPUIPlugin
2024-11-11 11:31:05,121 [INFO] IPUIPlugin:80 - create IPUIPlugin
2024-11-11 11:31:05,123 [INFO] IPUIPlugin:80 - create IPUIPlugin
2024-11-11 11:31:05,123 [INFO] IPUIPlugin:80 - create IPUIPlugin
2024-11-11 11:31:05,124 [INFO] IPUIPlugin:80 - create IPUIPlugin
2024-11-11 11:31:05,126 [INFO] ApiDbMcu:508 - Load IP Config File for PDM2PCM
2024-11-11 11:31:05,127 [WARN] IP:2191 - I2C_Coeff_DF not found: check if there is a RefParameter without a condition.
2024-11-11 11:31:05,127 [WARN] IP:2191 - Analog_Filter not found: check if there is a RefParameter without a condition.
2024-11-11 11:31:05,129 [INFO] I2sManager:658 - 9.6E7
2024-11-11 11:31:05,129 [INFO] I2sManager:195 - I2S Clock Value : 9.6E7
2024-11-11 11:31:05,129 [INFO] I2sManager:553 - AudioClock : 93750Divider : 2Odd : 0
2024-11-11 11:31:05,202 [INFO] CADModel:165 - CPN selected for project levelSTM32F407VGT6
2024-11-11 11:31:05,202 [INFO] CADModel:114 - Register for checkConnection events
2024-11-11 11:31:05,243 [INFO] OpenFileManager:363 - Restore cursor
2024-11-11 11:31:05,473 [WARN] IP:2191 - I2C_Coeff_DF not found: check if there is a RefParameter without a condition.
2024-11-11 11:31:05,473 [WARN] IP:2191 - Analog_Filter not found: check if there is a RefParameter without a condition.
2024-11-11 11:31:05,474 [WARN] IP:2191 - I2C_Coeff_DF not found: check if there is a RefParameter without a condition.
2024-11-11 11:31:05,474 [WARN] IP:2191 - Analog_Filter not found: check if there is a RefParameter without a condition.
2024-11-11 11:31:05,485 [INFO] Middleware:617 - instanceName : USB_HOST bspName : Drive_VBUS_FS check condition success for : SW_VBUS_DRIVE_AUDIO_FS = false
2024-11-11 11:31:05,485 [INFO] Middleware:617 - instanceName : USB_HOST bspName : Drive_VBUS_FS check condition success for : SW_VBUS_DRIVE_AUDIO_FS = false
2024-11-11 11:31:05,486 [INFO] Middleware:617 - instanceName : USB_HOST bspName : Drive_VBUS_HS check condition success for : SW_VBUS_DRIVE_AUDIO_HS = false
2024-11-11 11:31:05,486 [INFO] Middleware:617 - instanceName : USB_HOST bspName : Drive_VBUS_HS check condition success for : SW_VBUS_DRIVE_AUDIO_HS = false
2024-11-11 11:31:05,486 [INFO] Middleware:617 - instanceName : USB_HOST bspName : Drive_VBUS_FS check condition success for : SW_VBUS_DRIVE_CDC_FS = false
2024-11-11 11:31:05,486 [INFO] Middleware:617 - instanceName : USB_HOST bspName : Drive_VBUS_FS check condition success for : SW_VBUS_DRIVE_CDC_FS = false
2024-11-11 11:31:05,486 [INFO] Middleware:617 - instanceName : USB_HOST bspName : Drive_VBUS_FS check condition success for : SW_VBUS_DRIVE_CDC_FS = false
2024-11-11 11:31:05,486 [INFO] Middleware:617 - instanceName : USB_HOST bspName : Drive_VBUS_HS check condition success for : SW_VBUS_DRIVE_CDC_HS = false
2024-11-11 11:31:05,486 [INFO] Middleware:617 - instanceName : USB_HOST bspName : Drive_VBUS_HS check condition success for : SW_VBUS_DRIVE_CDC_HS = false
2024-11-11 11:31:05,486 [INFO] Middleware:617 - instanceName : USB_HOST bspName : Drive_VBUS_FS check condition success for : SW_VBUS_DRIVE_HID_FS = false
2024-11-11 11:31:05,486 [INFO] Middleware:617 - instanceName : USB_HOST bspName : Drive_VBUS_FS check condition success for : SW_VBUS_DRIVE_HID_FS = false
2024-11-11 11:31:05,486 [INFO] Middleware:617 - instanceName : USB_HOST bspName : Drive_VBUS_HS check condition success for : SW_VBUS_DRIVE_HID_HS = false
2024-11-11 11:31:05,486 [INFO] Middleware:617 - instanceName : USB_HOST bspName : Drive_VBUS_HS check condition success for : SW_VBUS_DRIVE_HID_HS = false
2024-11-11 11:31:05,486 [INFO] Middleware:617 - instanceName : USB_HOST bspName : Drive_VBUS_FS check condition success for : SW_VBUS_DRIVE_MSC_FS = false
2024-11-11 11:31:05,486 [INFO] Middleware:617 - instanceName : USB_HOST bspName : Drive_VBUS_FS check condition success for : SW_VBUS_DRIVE_MSC_FS = false
2024-11-11 11:31:05,486 [INFO] Middleware:617 - instanceName : USB_HOST bspName : Drive_VBUS_HS check condition success for : SW_VBUS_DRIVE_MSC_HS = false
2024-11-11 11:31:05,486 [INFO] Middleware:617 - instanceName : USB_HOST bspName : Drive_VBUS_HS check condition success for : SW_VBUS_DRIVE_MSC_HS = false
2024-11-11 11:31:05,486 [INFO] Middleware:617 - instanceName : USB_HOST bspName : Drive_VBUS_FS check condition success for : ALL_SW_VBUS_DRIVE_FS = false
2024-11-11 11:31:05,486 [INFO] Middleware:617 - instanceName : USB_HOST bspName : Drive_VBUS_FS check condition success for : ALL_SW_VBUS_DRIVE_FS = false
2024-11-11 11:31:05,486 [INFO] Middleware:617 - instanceName : USB_HOST bspName : Drive_VBUS_HS check condition success for : ALL_SW_VBUS_DRIVE_HS = false
2024-11-11 11:31:05,486 [INFO] Middleware:617 - instanceName : USB_HOST bspName : Drive_VBUS_HS check condition success for : ALL_SW_VBUS_DRIVE_HS = false
2024-11-11 11:31:05,486 [INFO] Middleware:617 - instanceName : USB_HOST bspName : Drive_VBUS_FS check condition success for : SW_VBUS_DRIVE_MTP_FS = false
2024-11-11 11:31:05,486 [INFO] Middleware:617 - instanceName : USB_HOST bspName : Drive_VBUS_FS check condition success for : SW_VBUS_DRIVE_MTP_FS = false
2024-11-11 11:31:05,486 [INFO] Middleware:617 - instanceName : USB_HOST bspName : Drive_VBUS_HS check condition success for : SW_VBUS_DRIVE_MTP_HS = false
2024-11-11 11:31:05,486 [INFO] Middleware:617 - instanceName : USB_HOST bspName : Drive_VBUS_HS check condition success for : SW_VBUS_DRIVE_MTP_HS = false
2024-11-11 11:31:05,798 [INFO] UtilMem:75 - End SaveConfig() Used Memory: 849965608 Bytes (1073741824)
2024-11-11 11:31:06,022 [INFO] UtilMem:75 - End SaveConfig() Used Memory: 871985640 Bytes (1073741824)
2024-11-11 11:31:06,284 [INFO] BlockDiagram:2766 - set Specific Code input for plugin: SPI
2024-11-11 11:31:06,284 [INFO] BlockDiagram:2766 - set Specific Code input for plugin: I2S
2024-11-11 11:31:06,284 [INFO] BlockDiagram:2766 - set Specific Code input for plugin: SYS
2024-11-11 11:31:06,284 [INFO] BlockDiagram:2766 - set Specific Code input for plugin: RCC
2024-11-11 11:31:06,284 [INFO] BlockDiagram:2766 - set Specific Code input for plugin: I2C
2024-11-11 11:31:06,284 [INFO] BlockDiagram:2766 - set Specific Code input for plugin: USB_OTG_FS
2024-11-11 11:31:06,284 [INFO] BlockDiagram:2766 - set Specific Code input for plugin: NVIC
2024-11-11 11:31:06,284 [INFO] BlockDiagram:2766 - set Specific Code input for plugin: USB_HOST
2024-11-11 11:31:06,284 [INFO] BlockDiagram:2766 - set Specific Code input for plugin: GPIO
2024-11-11 11:31:06,286 [INFO] CodeGenerator:807 - code generatio: config db path: C:\ST\STM32CubeIDE_1.9.0\STM32CubeIDE\plugins\com.st.stm32cube.common.mx_6.12.1.202409122256\\db\
2024-11-11 11:31:06,289 [WARN] IP:2191 - I2C_Coeff_DF not found: check if there is a RefParameter without a condition.
2024-11-11 11:31:06,289 [WARN] IP:2191 - Analog_Filter not found: check if there is a RefParameter without a condition.
2024-11-11 11:31:06,400 [INFO] CodeEngine:255 - oldGeneratedFile, C:\learning\MasterRTOS\RTOS_workspace\011Mutex_Using_Bib_Sema\MXTmpFiles\license.tmp_save
2024-11-11 11:31:06,526 [INFO] CodeEngine:279 - Generated code: C:\learning\MasterRTOS\RTOS_workspace\011Mutex_Using_Bib_Sema\MXTmpFiles\license.tmp
2024-11-11 11:31:06,590 [INFO] CodeEngine:255 - oldGeneratedFile, C:\learning\MasterRTOS\RTOS_workspace\011Mutex_Using_Bib_Sema\MXTmpFiles\gpio.tmp_save
2024-11-11 11:31:06,676 [INFO] CodeEngine:279 - Generated code: C:\learning\MasterRTOS\RTOS_workspace\011Mutex_Using_Bib_Sema\MXTmpFiles\gpio.tmp
2024-11-11 11:31:06,745 [WARN] IPConfigManager:3005 - Warning: the RefConfig PWREx_EnableUSBVoltageDetector is not available in your config.xml file
2024-11-11 11:31:06,760 [INFO] CodeEngine:255 - oldGeneratedFile, C:\learning\MasterRTOS\RTOS_workspace\011Mutex_Using_Bib_Sema\MXTmpFiles\usb_otg_fs_vars.tmp_save
2024-11-11 11:31:06,859 [INFO] CodeEngine:279 - Generated code: C:\learning\MasterRTOS\RTOS_workspace\011Mutex_Using_Bib_Sema\MXTmpFiles\usb_otg_fs_vars.tmp
2024-11-11 11:31:06,867 [INFO] CodeEngine:255 - oldGeneratedFile, C:\learning\MasterRTOS\RTOS_workspace\011Mutex_Using_Bib_Sema\MXTmpFiles\usb_otg_fs_inc.tmp_save
2024-11-11 11:31:06,969 [INFO] CodeEngine:279 - Generated code: C:\learning\MasterRTOS\RTOS_workspace\011Mutex_Using_Bib_Sema\MXTmpFiles\usb_otg_fs_inc.tmp
2024-11-11 11:31:06,976 [INFO] CodeEngine:255 - oldGeneratedFile, C:\learning\MasterRTOS\RTOS_workspace\011Mutex_Using_Bib_Sema\MXTmpFiles\usb_otg_fs_HalInit.tmp_save
2024-11-11 11:31:07,073 [INFO] CodeEngine:279 - Generated code: C:\learning\MasterRTOS\RTOS_workspace\011Mutex_Using_Bib_Sema\MXTmpFiles\usb_otg_fs_HalInit.tmp
2024-11-11 11:31:07,081 [INFO] CodeEngine:255 - oldGeneratedFile, C:\learning\MasterRTOS\RTOS_workspace\011Mutex_Using_Bib_Sema\MXTmpFiles\usb_otg_fs_Msp.tmp_save
2024-11-11 11:31:07,206 [INFO] CodeEngine:279 - Generated code: C:\learning\MasterRTOS\RTOS_workspace\011Mutex_Using_Bib_Sema\MXTmpFiles\usb_otg_fs_Msp.tmp
2024-11-11 11:31:07,412 [INFO] CodeEngine:255 - oldGeneratedFile, C:\learning\MasterRTOS\RTOS_workspace\011Mutex_Using_Bib_Sema\USB_HOST\App\usb_host.c_save
2024-11-11 11:31:07,528 [INFO] CodeEngine:279 - Generated code: C:\learning\MasterRTOS\RTOS_workspace\011Mutex_Using_Bib_Sema\USB_HOST\App\usb_host.c
2024-11-11 11:31:07,535 [INFO] CodeEngine:255 - oldGeneratedFile, C:\learning\MasterRTOS\RTOS_workspace\011Mutex_Using_Bib_Sema\USB_HOST\App\usb_host.h_save
2024-11-11 11:31:07,624 [INFO] CodeEngine:279 - Generated code: C:\learning\MasterRTOS\RTOS_workspace\011Mutex_Using_Bib_Sema\USB_HOST\App\usb_host.h
2024-11-11 11:31:07,632 [INFO] CodeEngine:255 - oldGeneratedFile, C:\learning\MasterRTOS\RTOS_workspace\011Mutex_Using_Bib_Sema\USB_HOST\Target\usbh_conf.h_save
2024-11-11 11:31:07,708 [INFO] CodeEngine:279 - Generated code: C:\learning\MasterRTOS\RTOS_workspace\011Mutex_Using_Bib_Sema\USB_HOST\Target\usbh_conf.h
2024-11-11 11:31:07,717 [INFO] CodeEngine:255 - oldGeneratedFile, C:\learning\MasterRTOS\RTOS_workspace\011Mutex_Using_Bib_Sema\USB_HOST\Target\usbh_conf.c_save
2024-11-11 11:31:07,816 [INFO] CodeEngine:279 - Generated code: C:\learning\MasterRTOS\RTOS_workspace\011Mutex_Using_Bib_Sema\USB_HOST\Target\usbh_conf.c
2024-11-11 11:31:07,827 [INFO] CodeEngine:255 - oldGeneratedFile, C:\learning\MasterRTOS\RTOS_workspace\011Mutex_Using_Bib_Sema\USB_HOST\Target\usbh_platform.c_save
2024-11-11 11:31:07,916 [INFO] CodeEngine:279 - Generated code: C:\learning\MasterRTOS\RTOS_workspace\011Mutex_Using_Bib_Sema\USB_HOST\Target\usbh_platform.c
2024-11-11 11:31:07,923 [INFO] CodeEngine:255 - oldGeneratedFile, C:\learning\MasterRTOS\RTOS_workspace\011Mutex_Using_Bib_Sema\USB_HOST\Target\usbh_platform.h_save
2024-11-11 11:31:08,000 [INFO] CodeEngine:279 - Generated code: C:\learning\MasterRTOS\RTOS_workspace\011Mutex_Using_Bib_Sema\USB_HOST\Target\usbh_platform.h
2024-11-11 11:31:08,020 [INFO] CodeEngine:255 - oldGeneratedFile, C:\learning\MasterRTOS\RTOS_workspace\011Mutex_Using_Bib_Sema\Core\Src\stm32f4xx_it.c_save
2024-11-11 11:31:08,205 [INFO] CodeEngine:279 - Generated code: C:\learning\MasterRTOS\RTOS_workspace\011Mutex_Using_Bib_Sema\Core\Src\stm32f4xx_it.c
2024-11-11 11:31:08,216 [INFO] CodeEngine:255 - oldGeneratedFile, C:\learning\MasterRTOS\RTOS_workspace\011Mutex_Using_Bib_Sema\Core\Inc\stm32f4xx_it.h_save
2024-11-11 11:31:08,303 [INFO] CodeEngine:279 - Generated code: C:\learning\MasterRTOS\RTOS_workspace\011Mutex_Using_Bib_Sema\Core\Inc\stm32f4xx_it.h
2024-11-11 11:31:08,339 [INFO] CodeEngine:255 - oldGeneratedFile, C:\learning\MasterRTOS\RTOS_workspace\011Mutex_Using_Bib_Sema\Core\Src\stm32f4xx_hal_msp.c_save
2024-11-11 11:31:08,482 [INFO] CodeEngine:279 - Generated code: C:\learning\MasterRTOS\RTOS_workspace\011Mutex_Using_Bib_Sema\Core\Src\stm32f4xx_hal_msp.c
2024-11-11 11:31:08,489 [INFO] CodeEngine:255 - oldGeneratedFile, C:\learning\MasterRTOS\RTOS_workspace\011Mutex_Using_Bib_Sema\MXTmpFiles\system.tmp_save
2024-11-11 11:31:08,567 [INFO] CodeEngine:279 - Generated code: C:\learning\MasterRTOS\RTOS_workspace\011Mutex_Using_Bib_Sema\MXTmpFiles\system.tmp
2024-11-11 11:31:08,593 [INFO] CodeEngine:311 - oldGeneratedFile, C:\learning\MasterRTOS\RTOS_workspace\011Mutex_Using_Bib_Sema\Core\Inc\stm32f4xx_hal_conf.h_save
2024-11-11 11:31:08,725 [INFO] CodeEngine:335 - Generated code: C:\learning\MasterRTOS\RTOS_workspace\011Mutex_Using_Bib_Sema\Core\Inc\stm32f4xx_hal_conf.h
2024-11-11 11:31:08,767 [INFO] CodeEngine:255 - oldGeneratedFile, C:\learning\MasterRTOS\RTOS_workspace\011Mutex_Using_Bib_Sema\Core\Inc\main.h_save
2024-11-11 11:31:08,912 [INFO] CodeEngine:279 - Generated code: C:\learning\MasterRTOS\RTOS_workspace\011Mutex_Using_Bib_Sema\Core\Inc\main.h
2024-11-11 11:31:08,958 [INFO] CodeEngine:255 - oldGeneratedFile, C:\learning\MasterRTOS\RTOS_workspace\011Mutex_Using_Bib_Sema\Core\Src\main.c_save
2024-11-11 11:31:09,083 [INFO] CodeEngine:279 - Generated code: C:\learning\MasterRTOS\RTOS_workspace\011Mutex_Using_Bib_Sema\Core\Src\main.c
2024-11-11 11:31:09,642 [INFO] ProjectBuilder:3249 - Time for Copy HAL[1] : 359mS.
2024-11-11 11:31:09,654 [INFO] ProjectBuilder:4828 - Project Generator version: 4.5.0-B34
2024-11-11 11:31:09,763 [INFO] ConfigFileManager:1531 - The Die is : DIE413
2024-11-11 11:31:09,765 [INFO] ApiDbMcu:508 - Load IP Config File for FATFS
2024-11-11 11:31:09,769 [INFO] ApiDbMcu:508 - Load IP Config File for FREERTOS
2024-11-11 11:31:09,770 [INFO] ApiDbMcu:508 - Load IP Config File for LIBJPEG
2024-11-11 11:31:09,777 [INFO] ApiDbMcu:508 - Load IP Config File for LWIP
2024-11-11 11:31:09,783 [INFO] ApiDbMcu:508 - Load IP Config File for MBEDTLS
2024-11-11 11:31:09,790 [INFO] ApiDbMcu:508 - Load IP Config File for USB_DEVICE
2024-11-11 11:31:13,410 [INFO] ProjectBuilder:5097 - Time for Generating toolchain IDE Files: 3756mS.
2024-11-11 11:31:13,411 [INFO] ProjectBuilder:3107 - Time for Copy CMSIS : 0mS.
2024-11-11 11:31:13,423 [INFO] ProjectBuilder:3107 - Time for Copy CMSIS : 0mS.
2024-11-11 11:31:13,734 [INFO] McuFinderGlobals:76 - Set McuFinderConnectedMode to true
2024-11-11 11:31:13,737 [INFO] ApiDb:448 - Save user favorites file C:\Users\hsuankai.chang/.stm32cubeide/favorites.mcus.txt: 0 item(s)
2024-11-11 11:31:13,737 [INFO] ApiDb:452 - User favorites MCUs=[]
2024-11-11 11:31:13,738 [INFO] ApiDb:448 - Save user favorites file C:\Users\hsuankai.chang/.stm32cubeide/favorites.boards.txt: 2 item(s)
2024-11-11 11:31:13,739 [INFO] ApiDb:452 - User favorites Boards=[B-L462E-CELL1, B-L475E-IOT01A2]
2024-11-11 11:31:22,528 [INFO] Middleware:617 - instanceName : USB_HOST bspName : Drive_VBUS_FS check condition success for : SW_VBUS_DRIVE_AUDIO_FS = false
2024-11-11 11:31:22,528 [INFO] Middleware:617 - instanceName : USB_HOST bspName : Drive_VBUS_FS check condition success for : SW_VBUS_DRIVE_AUDIO_FS = false
2024-11-11 11:31:22,528 [INFO] Middleware:617 - instanceName : USB_HOST bspName : Drive_VBUS_HS check condition success for : SW_VBUS_DRIVE_AUDIO_HS = false
2024-11-11 11:31:22,528 [INFO] Middleware:617 - instanceName : USB_HOST bspName : Drive_VBUS_HS check condition success for : SW_VBUS_DRIVE_AUDIO_HS = false
2024-11-11 11:31:22,528 [INFO] Middleware:617 - instanceName : USB_HOST bspName : Drive_VBUS_FS check condition success for : SW_VBUS_DRIVE_CDC_FS = false
2024-11-11 11:31:22,528 [INFO] Middleware:617 - instanceName : USB_HOST bspName : Drive_VBUS_FS check condition success for : SW_VBUS_DRIVE_CDC_FS = false
2024-11-11 11:31:22,528 [INFO] Middleware:617 - instanceName : USB_HOST bspName : Drive_VBUS_FS check condition success for : SW_VBUS_DRIVE_CDC_FS = false
2024-11-11 11:31:22,529 [INFO] Middleware:617 - instanceName : USB_HOST bspName : Drive_VBUS_HS check condition success for : SW_VBUS_DRIVE_CDC_HS = false
2024-11-11 11:31:22,529 [INFO] Middleware:617 - instanceName : USB_HOST bspName : Drive_VBUS_HS check condition success for : SW_VBUS_DRIVE_CDC_HS = false
2024-11-11 11:31:22,529 [INFO] Middleware:617 - instanceName : USB_HOST bspName : Drive_VBUS_FS check condition success for : SW_VBUS_DRIVE_HID_FS = false
2024-11-11 11:31:22,529 [INFO] Middleware:617 - instanceName : USB_HOST bspName : Drive_VBUS_FS check condition success for : SW_VBUS_DRIVE_HID_FS = false
2024-11-11 11:31:22,529 [INFO] Middleware:617 - instanceName : USB_HOST bspName : Drive_VBUS_HS check condition success for : SW_VBUS_DRIVE_HID_HS = false
2024-11-11 11:31:22,529 [INFO] Middleware:617 - instanceName : USB_HOST bspName : Drive_VBUS_HS check condition success for : SW_VBUS_DRIVE_HID_HS = false
2024-11-11 11:31:22,529 [INFO] Middleware:617 - instanceName : USB_HOST bspName : Drive_VBUS_FS check condition success for : SW_VBUS_DRIVE_MSC_FS = false
2024-11-11 11:31:22,529 [INFO] Middleware:617 - instanceName : USB_HOST bspName : Drive_VBUS_FS check condition success for : SW_VBUS_DRIVE_MSC_FS = false
2024-11-11 11:31:22,529 [INFO] Middleware:617 - instanceName : USB_HOST bspName : Drive_VBUS_HS check condition success for : SW_VBUS_DRIVE_MSC_HS = false
2024-11-11 11:31:22,529 [INFO] Middleware:617 - instanceName : USB_HOST bspName : Drive_VBUS_HS check condition success for : SW_VBUS_DRIVE_MSC_HS = false
2024-11-11 11:31:22,529 [INFO] Middleware:617 - instanceName : USB_HOST bspName : Drive_VBUS_FS check condition success for : ALL_SW_VBUS_DRIVE_FS = false
2024-11-11 11:31:22,529 [INFO] Middleware:617 - instanceName : USB_HOST bspName : Drive_VBUS_FS check condition success for : ALL_SW_VBUS_DRIVE_FS = false
2024-11-11 11:31:22,529 [INFO] Middleware:617 - instanceName : USB_HOST bspName : Drive_VBUS_HS check condition success for : ALL_SW_VBUS_DRIVE_HS = false
2024-11-11 11:31:22,529 [INFO] Middleware:617 - instanceName : USB_HOST bspName : Drive_VBUS_HS check condition success for : ALL_SW_VBUS_DRIVE_HS = false
2024-11-11 11:31:22,529 [INFO] Middleware:617 - instanceName : USB_HOST bspName : Drive_VBUS_FS check condition success for : SW_VBUS_DRIVE_MTP_FS = false
2024-11-11 11:31:22,529 [INFO] Middleware:617 - instanceName : USB_HOST bspName : Drive_VBUS_FS check condition success for : SW_VBUS_DRIVE_MTP_FS = false
2024-11-11 11:31:22,529 [INFO] Middleware:617 - instanceName : USB_HOST bspName : Drive_VBUS_HS check condition success for : SW_VBUS_DRIVE_MTP_HS = false
2024-11-11 11:31:22,529 [INFO] Middleware:617 - instanceName : USB_HOST bspName : Drive_VBUS_HS check condition success for : SW_VBUS_DRIVE_MTP_HS = false
2024-11-11 11:31:22,529 [WARN] BspModel:444 - BSP dependency skipped because of component: name='IOExpander', api='Unknown'
2024-11-11 11:31:37,296 [INFO] Middleware:617 - instanceName : USB_HOST bspName : Drive_VBUS_FS check condition success for : SW_VBUS_DRIVE_AUDIO_FS = false
2024-11-11 11:31:37,296 [INFO] Middleware:617 - instanceName : USB_HOST bspName : Drive_VBUS_FS check condition success for : SW_VBUS_DRIVE_AUDIO_FS = false
2024-11-11 11:31:37,296 [INFO] Middleware:617 - instanceName : USB_HOST bspName : Drive_VBUS_HS check condition success for : SW_VBUS_DRIVE_AUDIO_HS = false
2024-11-11 11:31:37,296 [INFO] Middleware:617 - instanceName : USB_HOST bspName : Drive_VBUS_HS check condition success for : SW_VBUS_DRIVE_AUDIO_HS = false
2024-11-11 11:31:37,296 [INFO] Middleware:617 - instanceName : USB_HOST bspName : Drive_VBUS_FS check condition success for : SW_VBUS_DRIVE_CDC_FS = false
2024-11-11 11:31:37,296 [INFO] Middleware:617 - instanceName : USB_HOST bspName : Drive_VBUS_FS check condition success for : SW_VBUS_DRIVE_CDC_FS = false
2024-11-11 11:31:37,296 [INFO] Middleware:617 - instanceName : USB_HOST bspName : Drive_VBUS_FS check condition success for : SW_VBUS_DRIVE_CDC_FS = false
2024-11-11 11:31:37,296 [INFO] Middleware:617 - instanceName : USB_HOST bspName : Drive_VBUS_HS check condition success for : SW_VBUS_DRIVE_CDC_HS = false
2024-11-11 11:31:37,296 [INFO] Middleware:617 - instanceName : USB_HOST bspName : Drive_VBUS_HS check condition success for : SW_VBUS_DRIVE_CDC_HS = false
2024-11-11 11:31:37,297 [INFO] Middleware:617 - instanceName : USB_HOST bspName : Drive_VBUS_FS check condition success for : SW_VBUS_DRIVE_HID_FS = false
2024-11-11 11:31:37,297 [INFO] Middleware:617 - instanceName : USB_HOST bspName : Drive_VBUS_FS check condition success for : SW_VBUS_DRIVE_HID_FS = false
2024-11-11 11:31:37,297 [INFO] Middleware:617 - instanceName : USB_HOST bspName : Drive_VBUS_HS check condition success for : SW_VBUS_DRIVE_HID_HS = false
2024-11-11 11:31:37,297 [INFO] Middleware:617 - instanceName : USB_HOST bspName : Drive_VBUS_HS check condition success for : SW_VBUS_DRIVE_HID_HS = false
2024-11-11 11:31:37,297 [INFO] Middleware:617 - instanceName : USB_HOST bspName : Drive_VBUS_FS check condition success for : SW_VBUS_DRIVE_MSC_FS = false
2024-11-11 11:31:37,297 [INFO] Middleware:617 - instanceName : USB_HOST bspName : Drive_VBUS_FS check condition success for : SW_VBUS_DRIVE_MSC_FS = false
2024-11-11 11:31:37,297 [INFO] Middleware:617 - instanceName : USB_HOST bspName : Drive_VBUS_HS check condition success for : SW_VBUS_DRIVE_MSC_HS = false
2024-11-11 11:31:37,297 [INFO] Middleware:617 - instanceName : USB_HOST bspName : Drive_VBUS_HS check condition success for : SW_VBUS_DRIVE_MSC_HS = false
2024-11-11 11:31:37,297 [INFO] Middleware:617 - instanceName : USB_HOST bspName : Drive_VBUS_FS check condition success for : ALL_SW_VBUS_DRIVE_FS = false
2024-11-11 11:31:37,297 [INFO] Middleware:617 - instanceName : USB_HOST bspName : Drive_VBUS_FS check condition success for : ALL_SW_VBUS_DRIVE_FS = false
2024-11-11 11:31:37,297 [INFO] Middleware:617 - instanceName : USB_HOST bspName : Drive_VBUS_HS check condition success for : ALL_SW_VBUS_DRIVE_HS = false
2024-11-11 11:31:37,297 [INFO] Middleware:617 - instanceName : USB_HOST bspName : Drive_VBUS_HS check condition success for : ALL_SW_VBUS_DRIVE_HS = false
2024-11-11 11:31:37,297 [INFO] Middleware:617 - instanceName : USB_HOST bspName : Drive_VBUS_FS check condition success for : SW_VBUS_DRIVE_MTP_FS = false
2024-11-11 11:31:37,297 [INFO] Middleware:617 - instanceName : USB_HOST bspName : Drive_VBUS_FS check condition success for : SW_VBUS_DRIVE_MTP_FS = false
2024-11-11 11:31:37,297 [INFO] Middleware:617 - instanceName : USB_HOST bspName : Drive_VBUS_HS check condition success for : SW_VBUS_DRIVE_MTP_HS = false
2024-11-11 11:31:37,297 [INFO] Middleware:617 - instanceName : USB_HOST bspName : Drive_VBUS_HS check condition success for : SW_VBUS_DRIVE_MTP_HS = false
2024-11-11 11:31:37,297 [WARN] BspModel:444 - BSP dependency skipped because of component: name='IOExpander', api='Unknown'
2024-11-11 11:31:37,362 [INFO] Middleware:617 - instanceName : USB_HOST bspName : Drive_VBUS_FS check condition success for : SW_VBUS_DRIVE_AUDIO_FS = false
2024-11-11 11:31:37,363 [INFO] Middleware:617 - instanceName : USB_HOST bspName : Drive_VBUS_FS check condition success for : SW_VBUS_DRIVE_AUDIO_FS = false
2024-11-11 11:31:37,363 [INFO] Middleware:617 - instanceName : USB_HOST bspName : Drive_VBUS_HS check condition success for : SW_VBUS_DRIVE_AUDIO_HS = false
2024-11-11 11:31:37,363 [INFO] Middleware:617 - instanceName : USB_HOST bspName : Drive_VBUS_HS check condition success for : SW_VBUS_DRIVE_AUDIO_HS = false
2024-11-11 11:31:37,363 [INFO] Middleware:617 - instanceName : USB_HOST bspName : Drive_VBUS_FS check condition success for : SW_VBUS_DRIVE_CDC_FS = false
2024-11-11 11:31:37,363 [INFO] Middleware:617 - instanceName : USB_HOST bspName : Drive_VBUS_FS check condition success for : SW_VBUS_DRIVE_CDC_FS = false
2024-11-11 11:31:37,363 [INFO] Middleware:617 - instanceName : USB_HOST bspName : Drive_VBUS_FS check condition success for : SW_VBUS_DRIVE_CDC_FS = false
2024-11-11 11:31:37,363 [INFO] Middleware:617 - instanceName : USB_HOST bspName : Drive_VBUS_HS check condition success for : SW_VBUS_DRIVE_CDC_HS = false
2024-11-11 11:31:37,363 [INFO] Middleware:617 - instanceName : USB_HOST bspName : Drive_VBUS_HS check condition success for : SW_VBUS_DRIVE_CDC_HS = false
2024-11-11 11:31:37,363 [INFO] Middleware:617 - instanceName : USB_HOST bspName : Drive_VBUS_FS check condition success for : SW_VBUS_DRIVE_HID_FS = false
2024-11-11 11:31:37,363 [INFO] Middleware:617 - instanceName : USB_HOST bspName : Drive_VBUS_FS check condition success for : SW_VBUS_DRIVE_HID_FS = false
2024-11-11 11:31:37,363 [INFO] Middleware:617 - instanceName : USB_HOST bspName : Drive_VBUS_HS check condition success for : SW_VBUS_DRIVE_HID_HS = false
2024-11-11 11:31:37,363 [INFO] Middleware:617 - instanceName : USB_HOST bspName : Drive_VBUS_HS check condition success for : SW_VBUS_DRIVE_HID_HS = false
2024-11-11 11:31:37,363 [INFO] Middleware:617 - instanceName : USB_HOST bspName : Drive_VBUS_FS check condition success for : SW_VBUS_DRIVE_MSC_FS = false
2024-11-11 11:31:37,363 [INFO] Middleware:617 - instanceName : USB_HOST bspName : Drive_VBUS_FS check condition success for : SW_VBUS_DRIVE_MSC_FS = false
2024-11-11 11:31:37,363 [INFO] Middleware:617 - instanceName : USB_HOST bspName : Drive_VBUS_HS check condition success for : SW_VBUS_DRIVE_MSC_HS = false
2024-11-11 11:31:37,363 [INFO] Middleware:617 - instanceName : USB_HOST bspName : Drive_VBUS_HS check condition success for : SW_VBUS_DRIVE_MSC_HS = false
2024-11-11 11:31:37,363 [INFO] Middleware:617 - instanceName : USB_HOST bspName : Drive_VBUS_FS check condition success for : ALL_SW_VBUS_DRIVE_FS = false
2024-11-11 11:31:37,363 [INFO] Middleware:617 - instanceName : USB_HOST bspName : Drive_VBUS_FS check condition success for : ALL_SW_VBUS_DRIVE_FS = false
2024-11-11 11:31:37,363 [INFO] Middleware:617 - instanceName : USB_HOST bspName : Drive_VBUS_HS check condition success for : ALL_SW_VBUS_DRIVE_HS = false
2024-11-11 11:31:37,363 [INFO] Middleware:617 - instanceName : USB_HOST bspName : Drive_VBUS_HS check condition success for : ALL_SW_VBUS_DRIVE_HS = false
2024-11-11 11:31:37,363 [INFO] Middleware:617 - instanceName : USB_HOST bspName : Drive_VBUS_FS check condition success for : SW_VBUS_DRIVE_MTP_FS = false
2024-11-11 11:31:37,363 [INFO] Middleware:617 - instanceName : USB_HOST bspName : Drive_VBUS_FS check condition success for : SW_VBUS_DRIVE_MTP_FS = false
2024-11-11 11:31:37,363 [INFO] Middleware:617 - instanceName : USB_HOST bspName : Drive_VBUS_HS check condition success for : SW_VBUS_DRIVE_MTP_HS = false
2024-11-11 11:31:37,363 [INFO] Middleware:617 - instanceName : USB_HOST bspName : Drive_VBUS_HS check condition success for : SW_VBUS_DRIVE_MTP_HS = false
2024-11-11 11:31:37,363 [WARN] BspModel:444 - BSP dependency skipped because of component: name='IOExpander', api='Unknown'
2024-11-11 11:31:38,190 [INFO] UtilMem:75 - End SaveConfig() Used Memory: 538522560 Bytes (1073741824)
2024-11-11 11:31:39,507 [INFO] UtilMem:75 - End SaveConfig() Used Memory: 564210624 Bytes (1073741824)
2024-11-11 11:31:39,978 [INFO] UtilMem:75 - End SaveConfig() Used Memory: 597765056 Bytes (1073741824)
2024-11-11 11:31:40,245 [INFO] BlockDiagram:2766 - set Specific Code input for plugin: SPI
2024-11-11 11:31:40,245 [INFO] BlockDiagram:2766 - set Specific Code input for plugin: I2S
2024-11-11 11:31:40,245 [INFO] BlockDiagram:2766 - set Specific Code input for plugin: SYS
2024-11-11 11:31:40,245 [INFO] BlockDiagram:2766 - set Specific Code input for plugin: RCC
2024-11-11 11:31:40,245 [INFO] BlockDiagram:2766 - set Specific Code input for plugin: I2C
2024-11-11 11:31:40,245 [INFO] BlockDiagram:2766 - set Specific Code input for plugin: USB_OTG_FS
2024-11-11 11:31:40,245 [INFO] BlockDiagram:2766 - set Specific Code input for plugin: NVIC
2024-11-11 11:31:40,245 [INFO] BlockDiagram:2766 - set Specific Code input for plugin: USB_HOST
2024-11-11 11:31:40,245 [INFO] BlockDiagram:2766 - set Specific Code input for plugin: USART
2024-11-11 11:31:40,245 [INFO] BlockDiagram:2766 - set Specific Code input for plugin: GPIO
2024-11-11 11:31:40,247 [INFO] CodeGenerator:807 - code generatio: config db path: C:\ST\STM32CubeIDE_1.9.0\STM32CubeIDE\plugins\com.st.stm32cube.common.mx_6.12.1.202409122256\\db\
2024-11-11 11:31:40,248 [WARN] IP:2191 - I2C_Coeff_DF not found: check if there is a RefParameter without a condition.
2024-11-11 11:31:40,248 [WARN] IP:2191 - Analog_Filter not found: check if there is a RefParameter without a condition.
2024-11-11 11:31:40,336 [INFO] CodeEngine:255 - oldGeneratedFile, C:\learning\MasterRTOS\RTOS_workspace\011Mutex_Using_Bib_Sema\MXTmpFiles\license.tmp_save
2024-11-11 11:31:40,402 [INFO] CodeEngine:279 - Generated code: C:\learning\MasterRTOS\RTOS_workspace\011Mutex_Using_Bib_Sema\MXTmpFiles\license.tmp
2024-11-11 11:31:40,441 [INFO] CodeEngine:255 - oldGeneratedFile, C:\learning\MasterRTOS\RTOS_workspace\011Mutex_Using_Bib_Sema\MXTmpFiles\gpio.tmp_save
2024-11-11 11:31:40,513 [INFO] CodeEngine:279 - Generated code: C:\learning\MasterRTOS\RTOS_workspace\011Mutex_Using_Bib_Sema\MXTmpFiles\gpio.tmp
2024-11-11 11:31:40,571 [WARN] IPConfigManager:3005 - Warning: the RefConfig PWREx_EnableUSBVoltageDetector is not available in your config.xml file
2024-11-11 11:31:40,584 [INFO] CodeEngine:255 - oldGeneratedFile, C:\learning\MasterRTOS\RTOS_workspace\011Mutex_Using_Bib_Sema\MXTmpFiles\usb_otg_fs_vars.tmp_save
2024-11-11 11:31:40,650 [INFO] CodeEngine:279 - Generated code: C:\learning\MasterRTOS\RTOS_workspace\011Mutex_Using_Bib_Sema\MXTmpFiles\usb_otg_fs_vars.tmp
2024-11-11 11:31:40,657 [INFO] CodeEngine:255 - oldGeneratedFile, C:\learning\MasterRTOS\RTOS_workspace\011Mutex_Using_Bib_Sema\MXTmpFiles\usb_otg_fs_inc.tmp_save
2024-11-11 11:31:40,736 [INFO] CodeEngine:279 - Generated code: C:\learning\MasterRTOS\RTOS_workspace\011Mutex_Using_Bib_Sema\MXTmpFiles\usb_otg_fs_inc.tmp
2024-11-11 11:31:40,745 [INFO] CodeEngine:255 - oldGeneratedFile, C:\learning\MasterRTOS\RTOS_workspace\011Mutex_Using_Bib_Sema\MXTmpFiles\usb_otg_fs_HalInit.tmp_save
2024-11-11 11:31:40,833 [INFO] CodeEngine:279 - Generated code: C:\learning\MasterRTOS\RTOS_workspace\011Mutex_Using_Bib_Sema\MXTmpFiles\usb_otg_fs_HalInit.tmp
2024-11-11 11:31:40,841 [INFO] CodeEngine:255 - oldGeneratedFile, C:\learning\MasterRTOS\RTOS_workspace\011Mutex_Using_Bib_Sema\MXTmpFiles\usb_otg_fs_Msp.tmp_save
2024-11-11 11:31:40,922 [INFO] CodeEngine:279 - Generated code: C:\learning\MasterRTOS\RTOS_workspace\011Mutex_Using_Bib_Sema\MXTmpFiles\usb_otg_fs_Msp.tmp
2024-11-11 11:31:41,150 [INFO] CodeEngine:255 - oldGeneratedFile, C:\learning\MasterRTOS\RTOS_workspace\011Mutex_Using_Bib_Sema\USB_HOST\App\usb_host.c_save
2024-11-11 11:31:41,254 [INFO] CodeEngine:279 - Generated code: C:\learning\MasterRTOS\RTOS_workspace\011Mutex_Using_Bib_Sema\USB_HOST\App\usb_host.c
2024-11-11 11:31:41,270 [INFO] CodeEngine:255 - oldGeneratedFile, C:\learning\MasterRTOS\RTOS_workspace\011Mutex_Using_Bib_Sema\USB_HOST\App\usb_host.h_save
2024-11-11 11:31:41,378 [INFO] CodeEngine:279 - Generated code: C:\learning\MasterRTOS\RTOS_workspace\011Mutex_Using_Bib_Sema\USB_HOST\App\usb_host.h
2024-11-11 11:31:41,393 [INFO] CodeEngine:255 - oldGeneratedFile, C:\learning\MasterRTOS\RTOS_workspace\011Mutex_Using_Bib_Sema\USB_HOST\Target\usbh_conf.h_save
2024-11-11 11:31:41,484 [INFO] CodeEngine:279 - Generated code: C:\learning\MasterRTOS\RTOS_workspace\011Mutex_Using_Bib_Sema\USB_HOST\Target\usbh_conf.h
2024-11-11 11:31:41,497 [INFO] CodeEngine:255 - oldGeneratedFile, C:\learning\MasterRTOS\RTOS_workspace\011Mutex_Using_Bib_Sema\USB_HOST\Target\usbh_conf.c_save
2024-11-11 11:31:41,581 [INFO] CodeEngine:279 - Generated code: C:\learning\MasterRTOS\RTOS_workspace\011Mutex_Using_Bib_Sema\USB_HOST\Target\usbh_conf.c
2024-11-11 11:31:41,593 [INFO] CodeEngine:255 - oldGeneratedFile, C:\learning\MasterRTOS\RTOS_workspace\011Mutex_Using_Bib_Sema\USB_HOST\Target\usbh_platform.c_save
2024-11-11 11:31:41,669 [INFO] CodeEngine:279 - Generated code: C:\learning\MasterRTOS\RTOS_workspace\011Mutex_Using_Bib_Sema\USB_HOST\Target\usbh_platform.c
2024-11-11 11:31:41,679 [INFO] CodeEngine:255 - oldGeneratedFile, C:\learning\MasterRTOS\RTOS_workspace\011Mutex_Using_Bib_Sema\USB_HOST\Target\usbh_platform.h_save
2024-11-11 11:31:41,751 [INFO] CodeEngine:279 - Generated code: C:\learning\MasterRTOS\RTOS_workspace\011Mutex_Using_Bib_Sema\USB_HOST\Target\usbh_platform.h
2024-11-11 11:31:41,776 [INFO] CodeEngine:255 - oldGeneratedFile, C:\learning\MasterRTOS\RTOS_workspace\011Mutex_Using_Bib_Sema\Core\Src\stm32f4xx_it.c_save
2024-11-11 11:31:41,882 [INFO] CodeEngine:279 - Generated code: C:\learning\MasterRTOS\RTOS_workspace\011Mutex_Using_Bib_Sema\Core\Src\stm32f4xx_it.c
2024-11-11 11:31:41,893 [INFO] CodeEngine:255 - oldGeneratedFile, C:\learning\MasterRTOS\RTOS_workspace\011Mutex_Using_Bib_Sema\Core\Inc\stm32f4xx_it.h_save
2024-11-11 11:31:41,972 [INFO] CodeEngine:279 - Generated code: C:\learning\MasterRTOS\RTOS_workspace\011Mutex_Using_Bib_Sema\Core\Inc\stm32f4xx_it.h
2024-11-11 11:31:42,002 [INFO] CodeEngine:255 - oldGeneratedFile, C:\learning\MasterRTOS\RTOS_workspace\011Mutex_Using_Bib_Sema\Core\Src\stm32f4xx_hal_msp.c_save
2024-11-11 11:31:42,175 [INFO] CodeEngine:279 - Generated code: C:\learning\MasterRTOS\RTOS_workspace\011Mutex_Using_Bib_Sema\Core\Src\stm32f4xx_hal_msp.c
2024-11-11 11:31:42,184 [INFO] CodeEngine:255 - oldGeneratedFile, C:\learning\MasterRTOS\RTOS_workspace\011Mutex_Using_Bib_Sema\MXTmpFiles\system.tmp_save
2024-11-11 11:31:42,253 [INFO] CodeEngine:279 - Generated code: C:\learning\MasterRTOS\RTOS_workspace\011Mutex_Using_Bib_Sema\MXTmpFiles\system.tmp
2024-11-11 11:31:42,260 [INFO] CodeEngine:255 - oldGeneratedFile, C:\learning\MasterRTOS\RTOS_workspace\011Mutex_Using_Bib_Sema\Core\Src\stm32f4xx_hal_timebase_tim.c_save
2024-11-11 11:31:42,395 [INFO] CodeEngine:279 - Generated code: C:\learning\MasterRTOS\RTOS_workspace\011Mutex_Using_Bib_Sema\Core\Src\stm32f4xx_hal_timebase_tim.c
2024-11-11 11:31:42,416 [INFO] CodeEngine:311 - oldGeneratedFile, C:\learning\MasterRTOS\RTOS_workspace\011Mutex_Using_Bib_Sema\Core\Inc\stm32f4xx_hal_conf.h_save
2024-11-11 11:31:42,543 [INFO] CodeEngine:335 - Generated code: C:\learning\MasterRTOS\RTOS_workspace\011Mutex_Using_Bib_Sema\Core\Inc\stm32f4xx_hal_conf.h
2024-11-11 11:31:42,582 [INFO] CodeEngine:255 - oldGeneratedFile, C:\learning\MasterRTOS\RTOS_workspace\011Mutex_Using_Bib_Sema\Core\Inc\main.h_save
2024-11-11 11:31:42,668 [INFO] CodeEngine:279 - Generated code: C:\learning\MasterRTOS\RTOS_workspace\011Mutex_Using_Bib_Sema\Core\Inc\main.h
2024-11-11 11:31:42,681 [INFO] CodeEngine:255 - oldGeneratedFile, C:\learning\MasterRTOS\RTOS_workspace\011Mutex_Using_Bib_Sema\Core\Src\main.c_save
2024-11-11 11:31:42,818 [INFO] CodeEngine:279 - Generated code: C:\learning\MasterRTOS\RTOS_workspace\011Mutex_Using_Bib_Sema\Core\Src\main.c
2024-11-11 11:31:43,534 [INFO] ProjectBuilder:3249 - Time for Copy HAL[1] : 472mS.
2024-11-11 11:31:43,547 [INFO] ProjectBuilder:4828 - Project Generator version: 4.5.0-B34
2024-11-11 11:31:43,654 [INFO] ConfigFileManager:1531 - The Die is : DIE413
2024-11-11 11:31:44,634 [INFO] ProjectBuilder:5097 - Time for Generating toolchain IDE Files: 1087mS.
2024-11-11 11:31:44,635 [INFO] ProjectBuilder:3107 - Time for Copy CMSIS : 1mS.
2024-11-11 11:31:44,646 [INFO] ProjectBuilder:3107 - Time for Copy CMSIS : 0mS.
2024-11-11 11:31:52,891 [INFO] I2sManager:658 - 9.6E7
2024-11-11 11:31:52,891 [INFO] I2sManager:195 - I2S Clock Value : 9.6E7
2024-11-11 11:31:52,891 [INFO] I2sManager:553 - AudioClock : 93750Divider : 2Odd : 0
2024-11-11 11:31:52,913 [WARN] IP:2191 - I2C_Coeff_DF not found: check if there is a RefParameter without a condition.
2024-11-11 11:31:52,914 [WARN] IP:2191 - Analog_Filter not found: check if there is a RefParameter without a condition.
2024-11-11 11:31:52,914 [WARN] IP:2191 - I2C_Coeff_DF not found: check if there is a RefParameter without a condition.
2024-11-11 11:31:52,914 [WARN] IP:2191 - Analog_Filter not found: check if there is a RefParameter without a condition.
2024-11-11 11:31:52,922 [INFO] Middleware:617 - instanceName : USB_HOST bspName : Drive_VBUS_FS check condition success for : SW_VBUS_DRIVE_AUDIO_FS = false
2024-11-11 11:31:52,922 [INFO] Middleware:617 - instanceName : USB_HOST bspName : Drive_VBUS_FS check condition success for : SW_VBUS_DRIVE_AUDIO_FS = false
2024-11-11 11:31:52,923 [INFO] Middleware:617 - instanceName : USB_HOST bspName : Drive_VBUS_HS check condition success for : SW_VBUS_DRIVE_AUDIO_HS = false
2024-11-11 11:31:52,923 [INFO] Middleware:617 - instanceName : USB_HOST bspName : Drive_VBUS_HS check condition success for : SW_VBUS_DRIVE_AUDIO_HS = false
2024-11-11 11:31:52,923 [INFO] Middleware:617 - instanceName : USB_HOST bspName : Drive_VBUS_FS check condition success for : SW_VBUS_DRIVE_CDC_FS = false
2024-11-11 11:31:52,923 [INFO] Middleware:617 - instanceName : USB_HOST bspName : Drive_VBUS_FS check condition success for : SW_VBUS_DRIVE_CDC_FS = false
2024-11-11 11:31:52,923 [INFO] Middleware:617 - instanceName : USB_HOST bspName : Drive_VBUS_FS check condition success for : SW_VBUS_DRIVE_CDC_FS = false
2024-11-11 11:31:52,923 [INFO] Middleware:617 - instanceName : USB_HOST bspName : Drive_VBUS_HS check condition success for : SW_VBUS_DRIVE_CDC_HS = false
2024-11-11 11:31:52,923 [INFO] Middleware:617 - instanceName : USB_HOST bspName : Drive_VBUS_HS check condition success for : SW_VBUS_DRIVE_CDC_HS = false
2024-11-11 11:31:52,923 [INFO] Middleware:617 - instanceName : USB_HOST bspName : Drive_VBUS_FS check condition success for : SW_VBUS_DRIVE_HID_FS = false
2024-11-11 11:31:52,923 [INFO] Middleware:617 - instanceName : USB_HOST bspName : Drive_VBUS_FS check condition success for : SW_VBUS_DRIVE_HID_FS = false
2024-11-11 11:31:52,923 [INFO] Middleware:617 - instanceName : USB_HOST bspName : Drive_VBUS_HS check condition success for : SW_VBUS_DRIVE_HID_HS = false
2024-11-11 11:31:52,923 [INFO] Middleware:617 - instanceName : USB_HOST bspName : Drive_VBUS_HS check condition success for : SW_VBUS_DRIVE_HID_HS = false
2024-11-11 11:31:52,923 [INFO] Middleware:617 - instanceName : USB_HOST bspName : Drive_VBUS_FS check condition success for : SW_VBUS_DRIVE_MSC_FS = false
2024-11-11 11:31:52,923 [INFO] Middleware:617 - instanceName : USB_HOST bspName : Drive_VBUS_FS check condition success for : SW_VBUS_DRIVE_MSC_FS = false
2024-11-11 11:31:52,923 [INFO] Middleware:617 - instanceName : USB_HOST bspName : Drive_VBUS_HS check condition success for : SW_VBUS_DRIVE_MSC_HS = false
2024-11-11 11:31:52,923 [INFO] Middleware:617 - instanceName : USB_HOST bspName : Drive_VBUS_HS check condition success for : SW_VBUS_DRIVE_MSC_HS = false
2024-11-11 11:31:52,923 [INFO] Middleware:617 - instanceName : USB_HOST bspName : Drive_VBUS_FS check condition success for : ALL_SW_VBUS_DRIVE_FS = false
2024-11-11 11:31:52,923 [INFO] Middleware:617 - instanceName : USB_HOST bspName : Drive_VBUS_FS check condition success for : ALL_SW_VBUS_DRIVE_FS = false
2024-11-11 11:31:52,923 [INFO] Middleware:617 - instanceName : USB_HOST bspName : Drive_VBUS_HS check condition success for : ALL_SW_VBUS_DRIVE_HS = false
2024-11-11 11:31:52,923 [INFO] Middleware:617 - instanceName : USB_HOST bspName : Drive_VBUS_HS check condition success for : ALL_SW_VBUS_DRIVE_HS = false
2024-11-11 11:31:52,923 [INFO] Middleware:617 - instanceName : USB_HOST bspName : Drive_VBUS_FS check condition success for : SW_VBUS_DRIVE_MTP_FS = false
2024-11-11 11:31:52,923 [INFO] Middleware:617 - instanceName : USB_HOST bspName : Drive_VBUS_FS check condition success for : SW_VBUS_DRIVE_MTP_FS = false
2024-11-11 11:31:52,923 [INFO] Middleware:617 - instanceName : USB_HOST bspName : Drive_VBUS_HS check condition success for : SW_VBUS_DRIVE_MTP_HS = false
2024-11-11 11:31:52,923 [INFO] Middleware:617 - instanceName : USB_HOST bspName : Drive_VBUS_HS check condition success for : SW_VBUS_DRIVE_MTP_HS = false
2024-11-11 11:36:03,323 [INFO] LogOutputStream:77 - [STDOUT_REDIRECT] StartTraceHandler.execute(), success : Collect=true
2024-11-11 11:49:10,125 [INFO] MainUpdater:2873 - connection check result : 10
2024-11-11 11:49:10,229 [INFO] McuFinderGlobals:76 - Set McuFinderConnectedMode to true
2024-11-11 11:49:10,231 [INFO] MultiScanPanel:200 - Auto-refresh data requested => check proxy status ongoing
2024-11-11 11:49:10,231 [INFO] FinderPluginLoader:95 - Searching for filters in installed packs
2024-11-11 11:49:10,904 [INFO] LoadUrlFilesThread:185 - End of LoadServerUrlFiles without Thread
2024-11-11 11:49:10,904 [INFO] DetailPanel:341 - Set advertising image to C:/Users/hsuankai.chang/STM32Cube/Repository/\en.prom-stm32c071-usb-memories-mcu-finder.png
2024-11-11 11:49:13,032 [INFO] MultiScanPanel:200 - Auto-refresh data requested => check proxy status ongoing
2024-11-11 11:49:13,074 [INFO] LoadUrlFilesThread:185 - End of LoadServerUrlFiles without Thread
2024-11-11 11:49:13,074 [INFO] DetailPanel:341 - Set advertising image to C:/Users/hsuankai.chang/STM32Cube/Repository/\en.prom-stm32c071-usb-memories-mcu-finder.png
2024-11-11 11:49:28,347 [INFO] MainUpdater:2873 - connection check result : 10
2024-11-11 11:49:28,347 [INFO] MainUpdater:2873 - connection check result : 10
2024-11-11 11:49:28,361 [INFO] I2sManager:658 - 9.6E7
2024-11-11 11:49:28,361 [INFO] I2sManager:195 - I2S Clock Value : 9.6E7
2024-11-11 11:49:28,361 [INFO] I2sManager:553 - AudioClock : 93750Divider : 2Odd : 0
2024-11-11 11:49:28,364 [INFO] MicroXplorer:468 - Change Database Path : 
2024-11-11 11:49:28,364 [INFO] MicroXplorer:498 - Change Database Version : DB.6.0.121
2024-11-11 11:49:28,371 [ERROR] ProjectManagerView:394 - 
java.lang.NullPointerException: Cannot invoke "javax.swing.JTextField.getText()" because the return value of "java.util.List.get(int)" is null
	at com.st.microxplorer.plugins.projectmanager.gui.ProjectChoiceTab$10.caretUpdate(ProjectChoiceTab.java:2622) ~[filemanager.jar:?]
	at javax.swing.text.JTextComponent.fireCaretUpdate(JTextComponent.java:412) ~[?:?]
	at javax.swing.text.JTextComponent$MutableCaretEvent.fire(JTextComponent.java:4491) ~[?:?]
	at javax.swing.text.JTextComponent$MutableCaretEvent.stateChanged(JTextComponent.java:4513) ~[?:?]
	at javax.swing.text.DefaultCaret.fireStateChanged(DefaultCaret.java:842) ~[?:?]
	at javax.swing.text.DefaultCaret.changeCaretPosition(DefaultCaret.java:1313) ~[?:?]
	at javax.swing.text.DefaultCaret.handleSetDot(DefaultCaret.java:1212) ~[?:?]
	at javax.swing.text.DefaultCaret.setDot(DefaultCaret.java:1193) ~[?:?]
	at javax.swing.text.DefaultCaret$Handler.insertUpdate(DefaultCaret.java:1789) ~[?:?]
	at javax.swing.text.AbstractDocument.fireInsertUpdate(AbstractDocument.java:226) ~[?:?]
	at javax.swing.text.AbstractDocument.handleInsertString(AbstractDocument.java:780) ~[?:?]
	at javax.swing.text.AbstractDocument.insertString(AbstractDocument.java:739) ~[?:?]
	at javax.swing.text.PlainDocument.insertString(PlainDocument.java:131) ~[?:?]
	at javax.swing.text.AbstractDocument.replace(AbstractDocument.java:698) ~[?:?]
	at javax.swing.text.JTextComponent.setText(JTextComponent.java:1729) ~[?:?]
	at com.st.microxplorer.plugins.projectmanager.gui.ProjectChoiceTab.createHeapStackFields(ProjectChoiceTab.java:972) ~[filemanager.jar:?]
	at com.st.microxplorer.plugins.projectmanager.gui.ProjectChoiceTab.buildLinkSettingsPanel(ProjectChoiceTab.java:3597) ~[filemanager.jar:?]
	at com.st.microxplorer.plugins.projectmanager.gui.ProjectChoiceTab.defineWindowsFields(ProjectChoiceTab.java:1940) ~[filemanager.jar:?]
	at com.st.microxplorer.plugins.projectmanager.gui.ProjectChoiceTab.updateSettings(ProjectChoiceTab.java:550) ~[filemanager.jar:?]
	at com.st.microxplorer.plugins.projectmanager.gui.ProjectSettingsPanel.UpdateDialog(ProjectSettingsPanel.java:245) ~[filemanager.jar:?]
	at com.st.microxplorer.plugins.projectmanager.ProjectManagerView.propertyChange(ProjectManagerView.java:391) ~[filemanager.jar:?]
	at java.beans.PropertyChangeSupport.fire(PropertyChangeSupport.java:343) ~[?:?]
	at java.beans.PropertyChangeSupport.firePropertyChange(PropertyChangeSupport.java:335) ~[?:?]
	at java.beans.PropertyChangeSupport.firePropertyChange(PropertyChangeSupport.java:268) ~[?:?]
	at com.st.microxplorer.util.MXPropertyChangeSupport.firePropertyChange(MXPropertyChangeSupport.java:54) ~[STM32CubeMX.jar:?]
	at com.st.microxplorer.mxsystem.MxSystem.closeConfig(MxSystem.java:900) ~[STM32CubeMX.jar:?]
	at com.st.microxplorer.maingui.MainPanel.closeConfig(MainPanel.java:781) ~[STM32CubeMX.jar:?]
	at com.st.microxplorer.plugins.filemanager.engine.OpenFileManager.loadConfigurationFile(OpenFileManager.java:265) ~[filemanager.jar:?]
	at com.st.microxplorer.plugins.filemanager.engine.MainFileManager.userLoadConfig(MainFileManager.java:352) ~[filemanager.jar:?]
	at com.st.microxplorer.plugins.filemanager.FileManagerView.getSpecificTask(FileManagerView.java:250) ~[filemanager.jar:?]
	at com.st.stm32cube.common.mx.editor.CubeMxEditor.getMxTabbedPaneInstance(CubeMxEditor.java:1191) ~[com.st.stm32cube.common.mx_6.12.1.202409122256/:?]
	at com.st.stm32cube.common.mx.editor.CubeMxEditor$12$1.createSwingComponent(CubeMxEditor.java:1068) ~[com.st.stm32cube.common.mx_6.12.1.202409122256/:?]
	at com.st.stm32cube.common.mx.oss.core.awtswtbridge.EmbeddedSwingComposite.doComponentCreation(EmbeddedSwingComposite.java:492) ~[com.st.stm32cube.common.mx.oss_6.12.1.202409122256/:?]
	at com.st.stm32cube.common.mx.oss.core.awtswtbridge.EmbeddedSwingComposite$4.run(EmbeddedSwingComposite.java:291) ~[com.st.stm32cube.common.mx.oss_6.12.1.202409122256/:?]
	at com.st.stm32cube.common.mx.oss.core.awtswtbridge.AwtEnvironment$2.run(AwtEnvironment.java:166) ~[com.st.stm32cube.common.mx.oss_6.12.1.202409122256/:?]
	at java.awt.event.InvocationEvent.dispatch(InvocationEvent.java:318) ~[?:?]
	at java.awt.EventQueue.dispatchEventImpl(EventQueue.java:773) ~[?:?]
	at java.awt.EventQueue$4.run(EventQueue.java:720) ~[?:?]
	at java.awt.EventQueue$4.run(EventQueue.java:714) ~[?:?]
	at java.security.AccessController.doPrivileged(AccessController.java:399) ~[?:?]
	at java.security.ProtectionDomain$JavaSecurityAccessImpl.doIntersectionPrivilege(ProtectionDomain.java:86) ~[?:?]
	at java.awt.EventQueue.dispatchEvent(EventQueue.java:742) ~[?:?]
	at java.awt.EventDispatchThread.pumpOneEventForFilters(EventDispatchThread.java:203) ~[?:?]
	at java.awt.EventDispatchThread.pumpEventsForFilter(EventDispatchThread.java:124) ~[?:?]
	at java.awt.EventDispatchThread.pumpEventsForHierarchy(EventDispatchThread.java:113) ~[?:?]
	at java.awt.EventDispatchThread.pumpEvents(EventDispatchThread.java:109) ~[?:?]
	at java.awt.EventDispatchThread.pumpEvents(EventDispatchThread.java:101) ~[?:?]
	at java.awt.EventDispatchThread.run(EventDispatchThread.java:90) ~[?:?]
2024-11-11 11:49:28,372 [WARN] ThirdParty:871 - waiting for thirdparty lock release [close project]
2024-11-11 11:49:28,372 [INFO] ThirdParty:873 - entering critical section [close project]
2024-11-11 11:49:28,372 [INFO] ThirdParty:883 - exiting critical section [close project]
2024-11-11 11:49:28,374 [INFO] PinOutPanel:1561 - setPackage(No Configuration,No Configuration)
2024-11-11 11:49:28,382 [WARN] IpParametersView:151 - Warning: This peripheral hasn't parameters
2024-11-11 11:49:28,386 [WARN] MainPanel:284 - <html><b><center>Warning: This peripheral has no parameters to be configured<br></b></html>
2024-11-11 11:49:28,389 [INFO] UtilMem:75 - Begin LoadConfig() Used Memory: 573378120 Bytes (1073741824)
2024-11-11 11:49:28,390 [INFO] OpenFileManager:332 - Change cursor
2024-11-11 11:49:28,409 [INFO] RulesReader:64 - Compatibility file has been processed (297 Rules)
2024-11-11 11:49:28,413 [INFO] ProjectFactory:442 - No CPN specified for board STM32F407G-DISC1 => set CPN to STM32F407VGT6
2024-11-11 11:49:28,413 [INFO] Mcu:2032 - Initializing MCU STM32F407V(E-G)Tx STM32F407VGTx STM32F407VGT6
2024-11-11 11:49:29,798 [INFO] Context:742 - Trying to add GPIOservice into a context  which must be forbidden
2024-11-11 11:49:30,058 [INFO] Rule:228 - rule 117617 - U5Cobra4M][GTZC] default value MPCBB3 and MPCBB5 - Not Secured memory - MPCBB1 is applicable
2024-11-11 11:49:30,059 [INFO] Rule:228 - rule 117617 - U5Cobra4M][GTZC] default value MPCBB3 and MPCBB5 - Not Secured memory - MPCBB1 is applicable
2024-11-11 11:49:30,059 [INFO] Rule:228 - rule 117617 - U5Cobra4M][GTZC] default value MPCBB3 and MPCBB5 - Not Secured memory - MPCBB2 is applicable
2024-11-11 11:49:30,059 [INFO] Rule:228 - rule 117617 - U5Cobra4M][GTZC] default value MPCBB3 and MPCBB5 - Not Secured memory - MPCBB2 is applicable
2024-11-11 11:49:30,059 [INFO] Rule:228 - rule 117617 - U5Cobra4M][GTZC] default value MPCBB3 and MPCBB5 - Not Secured memory - MPCBB3 is applicable
2024-11-11 11:49:30,059 [INFO] Rule:228 - rule 117617 - U5Cobra4M][GTZC] default value MPCBB3 and MPCBB5 - Not Secured memory - MPCBB3 is applicable
2024-11-11 11:49:30,059 [INFO] Rule:228 - rule 117617 - U5Cobra4M][GTZC] default value MPCBB3 and MPCBB5 - Not Secured memory - MPCBB4 is applicable
2024-11-11 11:49:30,059 [INFO] Rule:228 - rule 117617 - U5Cobra4M][GTZC] default value MPCBB3 and MPCBB5 - Not Secured memory - MPCBB4 is applicable
2024-11-11 11:49:30,059 [INFO] Rule:228 - rule 117617 - U5Cobra4M][GTZC] default value MPCBB3 and MPCBB5 - Secured memory - MPCBB1 is applicable
2024-11-11 11:49:30,059 [INFO] Rule:228 - rule 117617 - U5Cobra4M][GTZC] default value MPCBB3 and MPCBB5 - Secured memory - MPCBB2 is applicable
2024-11-11 11:49:30,059 [INFO] Rule:228 - rule 117617 - U5Cobra4M][GTZC] default value MPCBB3 and MPCBB5 - Secured memory - MPCBB3 is applicable
2024-11-11 11:49:30,059 [INFO] Rule:228 - rule 117617 - U5Cobra4M][GTZC] default value MPCBB3 and MPCBB5 - Secured memory - MPCBB4 is applicable
2024-11-11 11:49:30,059 [INFO] Rule:228 - rule 117617 - U5Cobra4M][GTZC] default value MPCBB3 and MPCBB5 - Privileged memory - MPCBB1 is applicable
2024-11-11 11:49:30,059 [INFO] Rule:228 - rule 117617 - U5Cobra4M][GTZC] default value MPCBB3 and MPCBB5 - Privileged memory - MPCBB2 is applicable
2024-11-11 11:49:30,059 [INFO] Rule:228 - rule 117617 - U5Cobra4M][GTZC] default value MPCBB3 and MPCBB5 - Privileged memory - MPCBB3 is applicable
2024-11-11 11:49:30,059 [INFO] Rule:228 - rule 117617 - U5Cobra4M][GTZC] default value MPCBB3 and MPCBB5 - Privileged memory - MPCBB4 is applicable
2024-11-11 11:49:30,059 [INFO] Rule:228 - rule 117617 - U5Cobra4M][GTZC] default value MPCBB3 and MPCBB5 - Not Privileged memory - MPCBB1 is applicable
2024-11-11 11:49:30,059 [INFO] Rule:228 - rule 117617 - U5Cobra4M][GTZC] default value MPCBB3 and MPCBB5 - Not Privileged memory - MPCBB2 is applicable
2024-11-11 11:49:30,059 [INFO] Rule:228 - rule 117617 - U5Cobra4M][GTZC] default value MPCBB3 and MPCBB5 - Not Privileged memory - MPCBB3 is applicable
2024-11-11 11:49:30,059 [INFO] Rule:228 - rule 117617 - U5Cobra4M][GTZC] default value MPCBB3 and MPCBB5 - Not Privileged memory - MPCBB4 is applicable
2024-11-11 11:49:30,059 [INFO] Rule:228 - rule 117617 - U5Cobra4M][GTZC] default value MPCBB3 and MPCBB5 - Privileged memory - MPCBB1 is applicable
2024-11-11 11:49:30,059 [INFO] Rule:228 - rule 117617 - U5Cobra4M][GTZC] default value MPCBB3 and MPCBB5 - Privileged memory - MPCBB2 is applicable
2024-11-11 11:49:30,059 [INFO] Rule:228 - rule 117617 - U5Cobra4M][GTZC] default value MPCBB3 and MPCBB5 - Privileged memory - MPCBB3 is applicable
2024-11-11 11:49:30,059 [INFO] Rule:228 - rule 117617 - U5Cobra4M][GTZC] default value MPCBB3 and MPCBB5 - Privileged memory - MPCBB4 is applicable
2024-11-11 11:49:30,059 [INFO] Rule:228 - rule 117617 - U5Cobra4M][GTZC] default value MPCBB3 and MPCBB5 - Privileged memory - MPCBB1 is applicable
2024-11-11 11:49:30,059 [INFO] Rule:228 - rule 117617 - U5Cobra4M][GTZC] default value MPCBB3 and MPCBB5 - Privileged memory - MPCBB2 is applicable
2024-11-11 11:49:30,059 [INFO] Rule:228 - rule 117617 - U5Cobra4M][GTZC] default value MPCBB3 and MPCBB5 - Privileged memory - MPCBB3 is applicable
2024-11-11 11:49:30,059 [INFO] Rule:228 - rule 117617 - U5Cobra4M][GTZC] default value MPCBB3 and MPCBB5 - Privileged memory - MPCBB4 is applicable
2024-11-11 11:49:30,059 [INFO] Rule:228 - rule 117617 - U5Cobra4M][GTZC] default value MPCBB3 and MPCBB5 - Not Privileged memory - MPCBB1 is applicable
2024-11-11 11:49:30,059 [INFO] Rule:228 - rule 117617 - U5Cobra4M][GTZC] default value MPCBB3 and MPCBB5 - Not Privileged memory - MPCBB2 is applicable
2024-11-11 11:49:30,059 [INFO] Rule:228 - rule 117617 - U5Cobra4M][GTZC] default value MPCBB3 and MPCBB5 - Not Privileged memory - MPCBB3 is applicable
2024-11-11 11:49:30,059 [INFO] Rule:228 - rule 117617 - U5Cobra4M][GTZC] default value MPCBB3 and MPCBB5 - Not Privileged memory - MPCBB4 is applicable
2024-11-11 11:49:30,059 [INFO] Rule:228 - rule 117617 - U5Cobra4M][GTZC] default value MPCBB3 and MPCBB5 - Privileged memory - MPCBB1 is applicable
2024-11-11 11:49:30,059 [INFO] Rule:228 - rule 117617 - U5Cobra4M][GTZC] default value MPCBB3 and MPCBB5 - Privileged memory - MPCBB2 is applicable
2024-11-11 11:49:30,059 [INFO] Rule:228 - rule 117617 - U5Cobra4M][GTZC] default value MPCBB3 and MPCBB5 - Privileged memory - MPCBB3 is applicable
2024-11-11 11:49:30,059 [INFO] Rule:228 - rule 117617 - U5Cobra4M][GTZC] default value MPCBB3 and MPCBB5 - Privileged memory - MPCBB4 is applicable
2024-11-11 11:49:30,059 [INFO] Rule:228 - rule Rename SubGHz_Phy SUBGHZ_APPLICATION SUBGHZ_PINGPONG to SUBGHZ_ADV_APPLICATION is applicable
2024-11-11 11:49:30,060 [INFO] Rule:228 - rule Rename Enabled to IBEACON is applicable
2024-11-11 11:49:30,060 [INFO] Rule:228 - rule GTZC_S instance for project manager is applicable
2024-11-11 11:49:30,060 [INFO] Rule:228 - rule GTZC_S instance for context M33S is applicable
2024-11-11 11:49:30,060 [INFO] Rule:228 - rule GTZC_S instance value for IP GTZC is applicable
2024-11-11 11:49:30,060 [INFO] Rule:228 - rule GTZC_S instance for mcu.IP is applicable
2024-11-11 11:49:30,060 [INFO] Rule:228 - rule GTZC_S instance for VP is applicable
2024-11-11 11:49:30,060 [INFO] Rule:228 - rule GTZC_S instance for signal is applicable
2024-11-11 11:49:30,060 [INFO] Rule:228 - rule GTZC_S instance for mcu.Pin is applicable
2024-11-11 11:49:30,060 [INFO] Rule:228 - rule GTZC_S instance for VP is applicable
2024-11-11 11:49:30,060 [INFO] Rule:228 - rule GTZC_S instance for signal is applicable
2024-11-11 11:49:30,060 [INFO] Rule:228 - rule GTZC_S instance for mcu is applicable
2024-11-11 11:49:30,060 [INFO] Rule:228 - rule GTZC_S instance for mcu.Pin is applicable
2024-11-11 11:49:30,060 [INFO] Rule:228 - rule GTZC_S instance value for IP GTZC is applicable
2024-11-11 11:49:30,060 [INFO] Rule:228 - rule GTZC_S instance for project manager is applicable
2024-11-11 11:49:30,060 [INFO] Rule:228 - rule GTZC_S instance for context M33S is applicable
2024-11-11 11:49:30,060 [INFO] Rule:228 - rule GTZC_S instance for VP is applicable
2024-11-11 11:49:30,060 [INFO] Rule:228 - rule GTZC_S instance for signal is applicable
2024-11-11 11:49:30,061 [INFO] Rule:228 - rule SPDIFRX instance for mcu is applicable
2024-11-11 11:49:30,061 [INFO] Rule:228 - rule Rename Tracer Mode is applicable
2024-11-11 11:49:30,061 [INFO] Rule:228 - rule SPDIFRX instance value for IP SPDIFRX is applicable
2024-11-11 11:49:30,061 [INFO] Rule:228 - rule SPDIFRX instance for signal is applicable
2024-11-11 11:49:30,061 [INFO] Rule:228 - rule SPDIFRX instance for project manager is applicable
2024-11-11 11:49:30,061 [INFO] Rule:228 - rule SPDIFRX instance for project manager is applicable
2024-11-11 11:49:30,061 [INFO] Rule:228 - rule ADC Scan  fix with FW F7 is applicable
2024-11-11 11:49:30,061 [INFO] Rule:228 - rule ADC Scan  fix with FW F7 is applicable
2024-11-11 11:49:30,061 [INFO] Rule:228 - rule WakeUp0 Mode is applicable
2024-11-11 11:49:30,061 [INFO] Rule:228 - rule WakeUp0 SIGNAL is applicable
2024-11-11 11:49:30,061 [INFO] Rule:228 - rule WakeUp1 Mode is applicable
2024-11-11 11:49:30,062 [INFO] Rule:228 - rule WakeUp1 SIGNAL is applicable
2024-11-11 11:49:30,062 [INFO] Rule:228 - rule WakeUp2 Mode is applicable
2024-11-11 11:49:30,062 [INFO] Rule:228 - rule WakeUp2 SIGNAL is applicable
2024-11-11 11:49:30,062 [INFO] Rule:228 - rule WakeUp4 Mode is applicable
2024-11-11 11:49:30,062 [INFO] Rule:228 - rule WakeUp4 SIGNAL is applicable
2024-11-11 11:49:30,062 [INFO] Rule:228 - rule WakeUp5 Mode is applicable
2024-11-11 11:49:30,062 [INFO] Rule:228 - rule WakeUp5 SIGNAL is applicable
2024-11-11 11:49:30,062 [INFO] Rule:228 - rule Add RTC Activate Clock Source is applicable
2024-11-11 11:49:30,062 [INFO] Rule:228 - rule Add RTC Activate Calendar 1 is applicable
2024-11-11 11:49:30,062 [INFO] Rule:228 - rule Add RTC Activate Calendar 2 is applicable
2024-11-11 11:49:30,062 [INFO] Rule:228 - rule Add RTC Activate Calendar 3 is applicable
2024-11-11 11:49:30,062 [INFO] Rule:228 - rule UART/USART TX Mode is applicable
2024-11-11 11:49:30,062 [INFO] Rule:228 - rule UART/USART RX Mode is applicable
2024-11-11 11:49:30,062 [INFO] Rule:228 - rule UART/USART RX TX Mode is applicable
2024-11-11 11:49:30,062 [INFO] Rule:228 - rule UART/USART PARITY NONE is applicable
2024-11-11 11:49:30,062 [INFO] Rule:228 - rule UART/USART PARITY EVEN is applicable
2024-11-11 11:49:30,062 [INFO] Rule:228 - rule UART/USART PARITY ODD is applicable
2024-11-11 11:49:30,062 [INFO] Rule:228 - rule USART StopBits 1 is applicable
2024-11-11 11:49:30,062 [INFO] Rule:228 - rule USART StopBits 2 is applicable
2024-11-11 11:49:30,062 [INFO] Rule:228 - rule USART StopBits 1.5 is applicable
2024-11-11 11:49:30,062 [INFO] Rule:228 - rule USART StopBits 0.5 is applicable
2024-11-11 11:49:30,062 [INFO] Rule:228 - rule UART/USART WORD LENGTH 7 is applicable
2024-11-11 11:49:30,062 [INFO] Rule:228 - rule UART/USART WORD LENGTH 8 is applicable
2024-11-11 11:49:30,062 [INFO] Rule:228 - rule UART/USART WORD LENGTH 9 is applicable
2024-11-11 11:49:30,063 [INFO] Rule:228 - rule Rename FMC NAND NCE signal is applicable
2024-11-11 11:49:30,063 [INFO] Rule:228 - rule Rename FMC NAND INT signal is applicable
2024-11-11 11:49:30,063 [INFO] Rule:228 - rule Change Default Value for LSE Drive Capability for WB family is applicable
2024-11-11 11:49:30,063 [INFO] Rule:228 - rule Change Default Value for ADC Clock Prescaler G0 family is applicable
2024-11-11 11:49:30,063 [INFO] Rule:228 - rule Change Default Value for ADC ExternalTrigConv L4 family is applicable
2024-11-11 11:49:30,063 [INFO] Rule:228 - rule Change Default Value for ADC ExternalTrigInjecConv L4 family is applicable
2024-11-11 11:49:30,063 [INFO] Rule:228 - rule Change Default Value for ADC ExternalTrigConv F3 family is applicable
2024-11-11 11:49:30,063 [INFO] Rule:228 - rule Change Default Value for ADC ExternalTrigInjecConv F3 family is applicable
2024-11-11 11:49:30,063 [INFO] Rule:228 - rule Change Default Value for ADC ExternalTrigConv Goldfish serie is applicable
2024-11-11 11:49:30,063 [INFO] Rule:228 - rule Change Default Value for ADC ExternalTrigInjecConv Goldfish serie is applicable
2024-11-11 11:49:30,063 [INFO] Rule:228 - rule Change Default Value for ADC ExternalTrigConv L0 family is applicable
2024-11-11 11:49:30,063 [INFO] Rule:228 - rule Change Default Value for ADC ExternalTrigConv F0 family is applicable
2024-11-11 11:49:30,063 [INFO] Rule:228 - rule Change Default Value for ADC ExternalTrigConvn L1 family is applicable
2024-11-11 11:49:30,063 [INFO] Rule:228 - rule Change Default Value for ADC ExternalTrigInjecConv L1 family is applicable
2024-11-11 11:49:30,063 [INFO] Rule:228 - rule Change Default Value for ADC ExternalTrigConv F1 family is applicable
2024-11-11 11:49:30,063 [INFO] Rule:228 - rule Change Default Value for ADC ExternalTrigInjecConv F1 family is applicable
2024-11-11 11:49:30,063 [INFO] Rule:228 - rule Change Default Value for ADC ExternalTrigConv F7 family is applicable
2024-11-11 11:49:30,063 [INFO] Rule:228 - rule Change Default Value for ADC ExternalTrigInjecConv F7 family is applicable
2024-11-11 11:49:30,063 [INFO] Rule:228 - rule Change Default Value for ADC ExternalTrigConv F4 and F2 family is applicable
2024-11-11 11:49:30,063 [INFO] Rule:228 - rule Change Default Value for ADC ExternalTrigInjecConv F4 and F2 family is applicable
2024-11-11 11:49:30,063 [INFO] Rule:228 - rule ADC SamplingTime fix with FW L0  is applicable
2024-11-11 11:49:30,063 [INFO] Rule:228 - rule ADC SamplingTime fix with FW L0  is applicable
2024-11-11 11:49:30,064 [INFO] Rule:228 - rule ADC SamplingTime fix with FW L0 is applicable
2024-11-11 11:49:30,064 [INFO] Rule:228 - rule ADC SamplingTime fix with FW L0 is applicable
2024-11-11 11:49:30,064 [INFO] Rule:228 - rule ADC SamplingTime fix with FW L0  is applicable
2024-11-11 11:49:30,064 [INFO] Rule:228 - rule ADC SamplingTime fix with FW L0 is applicable
2024-11-11 11:49:30,064 [INFO] Rule:228 - rule Rename USB_OE Signal is applicable
2024-11-11 11:49:30,064 [INFO] Rule:228 - rule Rename Activate_OE Mode is applicable
2024-11-11 11:49:30,064 [INFO] Rule:228 - rule Rename DIE462/DIE415 pin PC14/OSC32_IN -> PC14-OSC32_IN (PC14) is applicable
2024-11-11 11:49:30,064 [INFO] Rule:228 - rule Rename DIE462/DIE415 pin PC15/OSC32_OUT -> PC15-OSC32_OUT (PC15) is applicable
2024-11-11 11:49:30,064 [INFO] Rule:228 - rule Rename DIE462/DIE415 pin PH0/OSC_IN -> PH0-OSC_IN (PH0) is applicable
2024-11-11 11:49:30,064 [INFO] Rule:228 - rule Rename DIE462/DIE415 pin PH1/OSC_OUT -> PH1-OSC_OUT (PH1) is applicable
2024-11-11 11:49:30,064 [INFO] Rule:228 - rule Rename DIE462 pin PA13 -> PA13 (JTMS/SWDIO) is applicable
2024-11-11 11:49:30,064 [INFO] Rule:228 - rule Rename DIE415 pin PA13 -> PA13 (JTMS/SWDIO) is applicable
2024-11-11 11:49:30,064 [INFO] Rule:228 - rule Rename DIE462 pin PA14 -> PA14 (JTCK/SWCLK) is applicable
2024-11-11 11:49:30,064 [INFO] Rule:228 - rule Rename DIE415 pin PA14 -> PA14 (JTCK/SWCLK) is applicable
2024-11-11 11:49:30,064 [INFO] Rule:228 - rule Rename DIE462/DIE415 pin PA15 -> PA15 (JTDI) is applicable
2024-11-11 11:49:30,064 [INFO] Rule:228 - rule Rename DIE462 pin PB3 -> PB3 (JTD0/TRACESWO) is applicable
2024-11-11 11:49:30,064 [INFO] Rule:228 - rule Rename DIE415 pin PB3 -> PB3 (JTD0-TRACESWO) is applicable
2024-11-11 11:49:30,064 [INFO] Rule:228 - rule Rename DIE462/DIE415 pin PB4 -> PB4 (NJTRST) is applicable
2024-11-11 11:49:30,064 [INFO] Rule:228 - rule Rename DIE462 pin PH3/BOOT0 -> PH3-BOOT0 (BOOT0) is applicable
2024-11-11 11:49:30,064 [INFO] Rule:228 - rule Rename CRYP DataEncryptionTypesList to Algorithm is applicable
2024-11-11 11:49:30,064 [INFO] Rule:228 - rule Rename AES DataEncryptionTypesList to Algorithm is applicable
2024-11-11 11:49:30,064 [INFO] Rule:228 - rule Rename TDESECB to CRYP_TDES_ECB is applicable
2024-11-11 11:49:30,064 [INFO] Rule:228 - rule Rename TDESCBC to CRYP_TDES_CBC is applicable
2024-11-11 11:49:30,064 [INFO] Rule:228 - rule Rename DESECB to CRYP_DES_ECB is applicable
2024-11-11 11:49:30,064 [INFO] Rule:228 - rule Rename DESCBC to CRYP_DES_CBC is applicable
2024-11-11 11:49:30,064 [INFO] Rule:228 - rule Rename AESECB to CRYP_AES_ECB is applicable
2024-11-11 11:49:30,064 [INFO] Rule:228 - rule Rename AESCBC to CRYP_AES_CBC is applicable
2024-11-11 11:49:30,065 [INFO] Rule:228 - rule Rename AESCTR to CRYP_AES_CTR is applicable
2024-11-11 11:49:30,065 [INFO] Rule:228 - rule Rename AESGCM to CRYP_AES_GCM is applicable
2024-11-11 11:49:30,065 [INFO] Rule:228 - rule Rename AESCCM to CRYP_AES_CCM is applicable
2024-11-11 11:49:30,065 [INFO] Rule:228 - rule Rename CAN TimeSeg1 to BS1 is applicable
2024-11-11 11:49:30,065 [INFO] Rule:228 - rule Rename CAN TimeSeg2 to BS2 is applicable
2024-11-11 11:49:30,065 [INFO] Rule:228 - rule Rename CAN SyncJumpWidth to SJW is applicable
2024-11-11 11:49:30,065 [INFO] Rule:228 - rule TimeTriggeredMode to TTCM is applicable
2024-11-11 11:49:30,065 [INFO] Rule:228 - rule Rename CAN AutoBusOff to ABOM is applicable
2024-11-11 11:49:30,065 [INFO] Rule:228 - rule Rename CAN AutoWakeUp to AWUM is applicable
2024-11-11 11:49:30,065 [INFO] Rule:228 - rule Rename CAN AutoRetransmission to NART is applicable
2024-11-11 11:49:30,065 [INFO] Rule:228 - rule Rename CAN ReceiveFifoLocked to RFLM is applicable
2024-11-11 11:49:30,065 [INFO] Rule:228 - rule Rename CAN TransmitFifoPriority to TXFP is applicable
2024-11-11 11:49:30,065 [INFO] Rule:228 - rule Rename HRTIMER HRTIM_OUTPUTFAULTLEVEL_HIGH in HRTIMER HRTIM_OUTPUTFAULTLEVEL_HIGHZ is applicable
2024-11-11 11:49:30,065 [INFO] Rule:228 - rule Rename TIMER TIM_CLEARINPUTSOURCE_OCREFCLR in  TIMER TIM_CLEARINPUTSOURCE_NONE for F7 family is applicable
2024-11-11 11:49:30,065 [INFO] Rule:228 - rule FDCAN_R1 - Rename FDCAN mode Master into Classic is applicable
2024-11-11 11:49:30,065 [INFO] Rule:228 - rule FDCAN_R2 - Rename FDCAN mode Slave into Classic is applicable
2024-11-11 11:49:30,065 [INFO] Rule:228 - rule FDCAN1_R3 - if PA10.Mode=FullDuplex, add Pin PA12 is applicable
2024-11-11 11:49:30,065 [INFO] Rule:228 - rule FDCAN1_R3 - if PA9.Mode=FullDuplex, add Pin PA11 is applicable
2024-11-11 11:49:30,065 [INFO] Rule:228 - rule FDCAN1_R3 - Alternatepin_1 - if PE1.Mode=FullDuplex, add Pin PB9 is applicable
2024-11-11 11:49:30,065 [INFO] Rule:228 - rule FDCAN1_R3 - Alternatepin_1 - if PE0.Mode=FullDuplex, add Pin PB8 is applicable
2024-11-11 11:49:30,065 [INFO] Rule:228 - rule FDCAN1_R3 - Alternatepin_2 - if PD5.Mode=FullDuplex, add Pin PD1 is applicable
2024-11-11 11:49:30,065 [INFO] Rule:228 - rule FDCAN1_R3 - Alternatepin_2 - if PD4.Mode=FullDuplex, add Pin PD0 is applicable
2024-11-11 11:49:30,065 [INFO] Rule:228 - rule FDCAN1_R4 - Rename Mode FullDuplex into Enable FDCAN_TXFD for pin PA10 is applicable
2024-11-11 11:49:30,065 [INFO] Rule:228 - rule FDCAN1_R4 - Rename Mode FullDuplex into Enable FDCAN_TXFD for pin PA9 is applicable
2024-11-11 11:49:30,065 [INFO] Rule:228 - rule FDCAN1_R4 - Alternatepin_1 - Rename Mode FullDuplex into Enable FDCAN_TXFD for pin PE1 is applicable
2024-11-11 11:49:30,065 [INFO] Rule:228 - rule FDCAN1_R4 - Alternatepin_1 - Rename Mode FullDuplex into Enable FDCAN_TXFD for pin PE0 is applicable
2024-11-11 11:49:30,065 [INFO] Rule:228 - rule FDCAN1_R4 - Alternatepin_2 - Rename Mode FullDuplex into Enable FDCAN_TXFD for pin PD5 is applicable
2024-11-11 11:49:30,065 [INFO] Rule:228 - rule FDCAN1_R4 - Alternatepin_2 - Rename Mode FullDuplex into Enable FDCAN_TXFD for pin PD4 is applicable
2024-11-11 11:49:30,065 [INFO] Rule:228 - rule FDCAN2_R3 - if PD10.Mode=FullDuplex, add Pin PB13 is applicable
2024-11-11 11:49:30,066 [INFO] Rule:228 - rule FDCAN2_R3 - if PD9.Mode=FullDuplex, add Pin PB12 is applicable
2024-11-11 11:49:30,066 [INFO] Rule:228 - rule FDCAN2_R3 - Alternatepin_1 - if PB7.Mode=FullDuplex, add Pin PB6 is applicable
2024-11-11 11:49:30,066 [INFO] Rule:228 - rule FDCAN2_R3 - Alternatepin_1 - if PD9.Mode=FullDuplex, add Pin PB12 is applicable
2024-11-11 11:49:30,066 [INFO] Rule:228 - rule FDCAN2_R4 - Rename Mode FullDuplex into Enable FDCAN_TXFD for pin PD10 is applicable
2024-11-11 11:49:30,066 [INFO] Rule:228 - rule FDCAN2_R4 - Rename Mode FullDuplex into Enable FDCAN_TXFD for pin PD9 is applicable
2024-11-11 11:49:30,066 [INFO] Rule:228 - rule FDCAN2_R4 - Alternatepin_1 - Rename Mode FullDuplex into Enable FDCAN_TXFD for pin PB7 is applicable
2024-11-11 11:49:30,066 [INFO] Rule:228 - rule FDCAN2_R4 - Alternatepin_1 - Rename Mode FullDuplex into Enable FDCAN_TXFD for pin PD6 is applicable
2024-11-11 11:49:30,066 [INFO] Rule:228 - rule USART TxPinLevelInvertParam Mode is applicable
2024-11-11 11:49:30,066 [INFO] Rule:228 - rule USART RxPinLevelInvertParam Mode is applicable
2024-11-11 11:49:30,066 [INFO] Rule:228 - rule USART DataInvertParam Mode is applicable
2024-11-11 11:49:30,066 [INFO] Rule:228 - rule USART SwapParam Mode is applicable
2024-11-11 11:49:30,066 [INFO] Rule:228 - rule USART OverrunDisableParam Mode is applicable
2024-11-11 11:49:30,066 [INFO] Rule:228 - rule USART DMADisableonRxErrorParam Mode is applicable
2024-11-11 11:49:30,066 [INFO] Rule:228 - rule USART MSBFirstParam Mode is applicable
2024-11-11 11:49:30,066 [INFO] Rule:228 - rule Update MwName for USB_DEVICE is applicable
2024-11-11 11:49:30,066 [INFO] Rule:228 - rule Change PWR_Regulator_Voltage_Scale Default Value for RCC  H7 family is applicable
2024-11-11 11:49:30,066 [INFO] Rule:228 - rule UART/USART IPParameter rename Prescaler parameter to ClockPrescaler is applicable
2024-11-11 11:49:30,066 [INFO] Rule:228 - rule UART/USART Prescaler rename Prescaler parameter to ClockPrescaler is applicable
2024-11-11 11:49:30,066 [INFO] Rule:228 - rule TIM1CLockSelection is applicable
2024-11-11 11:49:30,067 [INFO] Rule:228 - rule TIM15CLockSelection is applicable
2024-11-11 11:49:30,067 [INFO] Rule:228 - rule align RCC SDMMC3CLockSelection default value on MP1 is applicable
2024-11-11 11:49:30,067 [INFO] Rule:228 - rule align RCC SDMMC12CLockSelection default value on MP1 is applicable
2024-11-11 11:49:30,067 [INFO] Rule:228 - rule align RCC QSPICLockSelection default value on MP1 is applicable
2024-11-11 11:49:30,067 [INFO] Rule:228 - rule align RCC QSPICLockSelection default value on MP1 is applicable
2024-11-11 11:49:30,067 [INFO] Rule:228 - rule align RCC SPI6CLockSelection default value on MP1 is applicable
2024-11-11 11:49:30,067 [INFO] Rule:228 - rule align RCC LPTIM23CLockSelection default value on MP1 is applicable
2024-11-11 11:49:30,067 [INFO] Rule:228 - rule align RCC LPTIM1CLockSelection default value on MP1 is applicable
2024-11-11 11:49:30,067 [INFO] Rule:228 - rule align RCC USART1CLockSelection default value on MP1 is applicable
2024-11-11 11:49:30,067 [INFO] Rule:228 - rule align RCC USART24CLockSelection default value on MP1 is applicable
2024-11-11 11:49:30,067 [INFO] Rule:228 - rule align RCC USART6CLockSelection default value on MP1 is applicable
2024-11-11 11:49:30,067 [INFO] Rule:228 - rule align RCC UART78CLockSelection default value on MP1 is applicable
2024-11-11 11:49:30,067 [INFO] Rule:228 - rule align RCC USART35CLockSelection default value on MP1 is applicable
2024-11-11 11:49:30,067 [INFO] Rule:228 - rule align RCC SPI45CLockSelection default value on MP1 is applicable
2024-11-11 11:49:30,067 [INFO] Rule:228 - rule align RCC I2C46CLockSelection BCLK value on MP1 is applicable
2024-11-11 11:49:30,067 [INFO] Rule:228 - rule align RCC SPI45CLockSelection default value on MP1 is applicable
2024-11-11 11:49:30,067 [INFO] Rule:228 - rule align RCC I2C12CLockSelection default value on MP1 is applicable
2024-11-11 11:49:30,067 [INFO] Rule:228 - rule align RCC I2C35CLockSelection default value on MP1 is applicable
2024-11-11 11:49:30,067 [INFO] Rule:228 - rule align RCC LPTIM45CLockSelection default value on MP1 is applicable
2024-11-11 11:49:30,067 [INFO] Rule:228 - rule Rename DCMI PIXCK signal is applicable
2024-11-11 11:49:30,067 [INFO] Rule:228 - rule Change Default Value for I2C46CLockSelection MP1 family is applicable
2024-11-11 11:49:30,067 [INFO] Rule:228 - rule Change Default Value for UART for G4, G0 and WB families is applicable
2024-11-11 11:49:30,067 [INFO] Rule:228 - rule Change Default Value for USART for G4, G0 and WB families is applicable
2024-11-11 11:49:30,067 [INFO] Rule:228 - rule Change Default Value for USART for G4 family is applicable
2024-11-11 11:49:30,067 [INFO] Rule:228 - rule Change USART1CLockSelection refparam name for MP1 is applicable
2024-11-11 11:49:30,067 [INFO] Rule:228 - rule Change USART2CLockSelection refparam name for MP1 is applicable
2024-11-11 11:49:30,067 [INFO] Rule:228 - rule Change USART3CLockSelection refparam name for MP1 is applicable
2024-11-11 11:49:30,067 [INFO] Rule:228 - rule Change UART4CLockSelection refparam name for MP1 is applicable
2024-11-11 11:49:30,067 [INFO] Rule:228 - rule Change UART5CLockSelection refparam name for MP1 is applicable
2024-11-11 11:49:30,067 [INFO] Rule:228 - rule Change LPUART1CLockSelection refparam name for MP1 is applicable
2024-11-11 11:49:30,067 [INFO] Rule:228 - rule Change LPTIM1CLockSelection refparam name for MP1 is applicable
2024-11-11 11:49:30,068 [INFO] Rule:228 - rule Change LPTIM2CLockSelection refparam name for MP1 is applicable
2024-11-11 11:49:30,068 [INFO] Rule:228 - rule Change RCC_MCO1Source refparam name for MP1 is applicable
2024-11-11 11:49:30,068 [INFO] Rule:228 - rule Change LSCOSource1 refparam name for MP1 is applicable
2024-11-11 11:49:30,068 [INFO] Rule:228 - rule Change SMPSCLockSelection refparam name for MP1 is applicable
2024-11-11 11:49:30,068 [INFO] Rule:228 - rule Change LPTIM3CLockSelection refparam name for MP1 is applicable
2024-11-11 11:49:30,068 [INFO] Rule:228 - rule Change MPCBB* Default Template Mode to Parameters is applicable
2024-11-11 11:49:30,068 [INFO] Rule:228 - rule Change MPCWM* or MPCBB* Secure Mode to Parameters is applicable
2024-11-11 11:49:30,068 [INFO] Rule:228 - rule Change MPCWM* or MPCBB* No Secure Mode to Parameters is applicable
2024-11-11 11:49:30,068 [INFO] Rule:228 - rule Change TZSC IP Secure Mode to Parameters is applicable
2024-11-11 11:49:30,068 [INFO] Rule:228 - rule Change TZSC IP No Secure Mode to Parameters is applicable
2024-11-11 11:49:30,068 [INFO] Rule:228 - rule Change TZSC IP Privilege Mode to Parameters is applicable
2024-11-11 11:49:30,068 [INFO] Rule:228 - rule Change TZSC IP No Privilege Mode to Parameters is applicable
2024-11-11 11:49:30,068 [INFO] Rule:228 - rule Change TZIC IT Secure Mode to Parameters is applicable
2024-11-11 11:49:30,068 [INFO] Rule:228 - rule Change TZIC IT No Secure Mode to Parameters is applicable
2024-11-11 11:49:30,068 [INFO] Rule:228 - rule Add MPCBB1_NonSecureArea_Start_Address value with referenced to MPCBB1_NonSecureArea_Start value is applicable
2024-11-11 11:49:30,068 [INFO] Rule:228 - rule Add MPCBB2_NonSecureArea_Start_Address value with referenced to MPCBB2_NonSecureArea_Start value is applicable
2024-11-11 11:49:30,068 [INFO] Rule:228 - rule Add MPCWM1_NonSecureArea*_Start_Address value with referenced to MPCWM1_NonSecureArea*_Start value is applicable
2024-11-11 11:49:30,068 [INFO] Rule:228 - rule Add MPCWM2_NonSecureArea*_Start_Address value with referenced to MPCWM2_NonSecureArea*_Start value is applicable
2024-11-11 11:49:30,068 [INFO] Rule:228 - rule Add MPCWM3_NonSecureArea_Start_Address value with referenced to MPCWM3_NonSecureArea_Start value is applicable
2024-11-11 11:49:30,068 [INFO] Rule:228 - rule Change Default Value for PLL1UserDefinedConfig is applicable
2024-11-11 11:49:30,068 [INFO] Rule:228 - rule Change GPIO_PuPd Default Value for USART in async mode is applicable
2024-11-11 11:49:30,068 [INFO] Rule:228 - rule Change SMPSDivider Default Value is applicable
2024-11-11 11:49:30,068 [INFO] Rule:228 - rule OPAMP is applicable
2024-11-11 11:49:30,068 [INFO] Rule:228 - rule LPUART IPParameter rename Prescaler parameter to ClockPrescaler for STM32H7 is applicable
2024-11-11 11:49:30,069 [INFO] Rule:228 - rule LPUART IPParameter rename Prescaler parameter to ClockPrescaler for STM32H7 is applicable
2024-11-11 11:49:30,069 [INFO] Rule:228 - rule LPUART IPParameter rename Prescaler parameter to ClockPrescaler for STM32WB is applicable
2024-11-11 11:49:30,069 [INFO] Rule:228 - rule LPUART IPParameter rename Prescaler parameter to ClockPrescaler for STM32WB is applicable
2024-11-11 11:49:30,069 [INFO] Rule:228 - rule LPUART IPParameter rename Prescaler parameter to ClockPrescaler for STM32G4 is applicable
2024-11-11 11:49:30,069 [INFO] Rule:228 - rule LPUART IPParameter rename Prescaler parameter to ClockPrescaler for STM32G4 is applicable
2024-11-11 11:49:30,069 [INFO] Rule:228 - rule LPUART IPParameter rename Prescaler parameter to ClockPrescaler for STM32L5 is applicable
2024-11-11 11:49:30,069 [INFO] Rule:228 - rule LPUART IPParameter rename Prescaler parameter to ClockPrescaler for STM32L5 is applicable
2024-11-11 11:49:30,069 [INFO] Rule:228 - rule LPUART IPParameter rename Prescaler parameter to ClockPrescaler for STM32G4 is applicable
2024-11-11 11:49:30,069 [INFO] Rule:228 - rule LPUART IPParameter rename Prescaler parameter to ClockPrescaler for STM32G4 is applicable
2024-11-11 11:49:30,069 [INFO] Rule:228 - rule USB device lib V2.5.3 for L0 rename USBD_SUPPORT_USER_STRING parameter to USBD_SUPPORT_USER_STRING_DESC4 is applicable
2024-11-11 11:49:30,069 [INFO] Rule:228 - rule I2SCLockSelection clock entry align is applicable
2024-11-11 11:49:30,069 [INFO] Rule:228 - rule Assign TIMx context if used as SYS timebase is applicable
2024-11-11 11:49:30,069 [INFO] Rule:228 - rule Change GPIO_Pu Default Value for I2C is applicable
2024-11-11 11:49:30,069 [INFO] Rule:228 - rule Change GPIO_Pu Default Value for SMBus is applicable
2024-11-11 11:49:30,069 [INFO] Rule:228 - rule change FDCAN default value is applicable
2024-11-11 11:49:30,069 [INFO] Rule:228 - rule Change mode sai is applicable
2024-11-11 11:49:30,069 [INFO] Rule:228 - rule **Change sai mode is applicable
2024-11-11 11:49:30,069 [INFO] Rule:228 - rule Rename STM32WPAN CFG_BLE_IRK to CFG_BLE_IR is applicable
2024-11-11 11:49:30,069 [INFO] Rule:228 - rule Rename STM32WPAN CFG_BLE_ERK to CFG_BLE_ER is applicable
2024-11-11 11:49:30,069 [INFO] Rule:228 - rule Rename STM32WPAN CFG_BLE_IRK_HEX to CFG_BLE_IR_HEX is applicable
2024-11-11 11:49:30,069 [INFO] Rule:228 - rule Rename STM32WPAN CFG_BLE_ERK_HEX to CFG_BLE_ER_HEX is applicable
2024-11-11 11:49:30,090 [INFO] DbConfProperties:307 - Apply Compatibility (50/262 Rules)
2024-11-11 11:49:30,098 [INFO] ImportTextPane:205 - (OptionalMessage_ERROR) Unable to find key (Mcu.ThirdPartyNb) in loaded IOC file
2024-11-11 11:49:30,309 [INFO] RtosManager:555 - Registered RTOS mode: class=CMSIS, group=RTOS, mode=CMSIS_V1, owner=FREERTOS
2024-11-11 11:49:30,309 [INFO] RtosManager:555 - Registered RTOS mode: class=CMSIS, group=RTOS2, mode=CMSIS_V2, owner=FREERTOS
2024-11-11 11:49:30,309 [INFO] RtosManager:555 - Registered RTOS mode: class=RTOS, group=Core, mode=CMSIS_V1, owner=FREERTOS
2024-11-11 11:49:30,309 [INFO] RtosManager:555 - Registered RTOS mode: class=RTOS, group=Core, mode=CMSIS_V2, owner=FREERTOS
2024-11-11 11:49:30,309 [WARN] ModelIntegratedComponent:184 - Missing modes for component STMicroelectronics:FreeRTOS:0.0.1:STMicroelectronics:RTOS:FreeRTOS:Core:::10.2.0:
2024-11-11 11:49:30,312 [WARN] ModelIntegratedComponent:63 - No mode defined for component null
2024-11-11 11:49:30,312 [WARN] ModelIntegratedComponent:63 - No mode defined for component null
2024-11-11 11:49:30,312 [WARN] ModelIntegratedComponent:63 - No mode defined for component null
2024-11-11 11:49:30,312 [WARN] ModelIntegratedComponent:63 - No mode defined for component null
2024-11-11 11:49:30,312 [WARN] ModelIntegratedComponent:63 - No mode defined for component null
2024-11-11 11:49:30,312 [WARN] ModelIntegratedComponent:63 - No mode defined for component null
2024-11-11 11:49:30,313 [WARN] ModelIntegratedComponent:63 - No mode defined for component null
2024-11-11 11:49:30,313 [WARN] ModelIntegratedComponent:63 - No mode defined for component null
2024-11-11 11:49:30,313 [WARN] ModelIntegratedComponent:63 - No mode defined for component null
2024-11-11 11:49:30,313 [WARN] ModelIntegratedComponent:63 - No mode defined for component null
2024-11-11 11:49:30,313 [WARN] ModelIntegratedComponent:63 - No mode defined for component null
2024-11-11 11:49:30,313 [WARN] ModelIntegratedComponent:63 - No mode defined for component null
2024-11-11 11:49:30,313 [WARN] ModelIntegratedComponent:63 - No mode defined for component null
2024-11-11 11:49:30,313 [WARN] ModelIntegratedComponent:63 - No mode defined for component null
2024-11-11 11:49:30,313 [WARN] ModelIntegratedComponent:63 - No mode defined for component null
2024-11-11 11:49:30,313 [WARN] ModelIntegratedComponent:63 - No mode defined for component null
2024-11-11 11:49:30,313 [WARN] ModelIntegratedComponent:63 - No mode defined for component null
2024-11-11 11:49:30,313 [WARN] ModelIntegratedComponent:63 - No mode defined for component null
2024-11-11 11:49:30,313 [WARN] ModelIntegratedComponent:63 - No mode defined for component null
2024-11-11 11:49:30,313 [WARN] ModelIntegratedComponent:63 - No mode defined for component null
2024-11-11 11:49:30,313 [WARN] ModelIntegratedComponent:63 - No mode defined for component null
2024-11-11 11:49:30,313 [WARN] ModelIntegratedComponent:63 - No mode defined for component null
2024-11-11 11:49:30,313 [WARN] ModelIntegratedComponent:63 - No mode defined for component null
2024-11-11 11:49:30,313 [WARN] ModelIntegratedComponent:63 - No mode defined for component null
2024-11-11 11:49:30,313 [WARN] ModelIntegratedComponent:63 - No mode defined for component null
2024-11-11 11:49:30,313 [WARN] ModelIntegratedComponent:63 - No mode defined for component null
2024-11-11 11:49:30,313 [WARN] ModelIntegratedComponent:63 - No mode defined for component null
2024-11-11 11:49:30,313 [WARN] ModelIntegratedComponent:63 - No mode defined for component null
2024-11-11 11:49:30,313 [WARN] ModelIntegratedComponent:63 - No mode defined for component null
2024-11-11 11:49:30,313 [WARN] ModelIntegratedComponent:63 - No mode defined for component null
2024-11-11 11:49:30,313 [WARN] ModelIntegratedComponent:63 - No mode defined for component null
2024-11-11 11:49:30,313 [WARN] ModelIntegratedComponent:63 - No mode defined for component null
2024-11-11 11:49:30,313 [WARN] ModelIntegratedComponent:63 - No mode defined for component null
2024-11-11 11:49:30,313 [WARN] ModelIntegratedComponent:63 - No mode defined for component null
2024-11-11 11:49:30,313 [WARN] ModelIntegratedComponent:63 - No mode defined for component null
2024-11-11 11:49:30,313 [WARN] ModelPack:524 - Component already loaded: STMicroelectronics:HAL Drivers:0.0.0:STMicroelectronics:Device:STMicro_Driver:XSPI:HAL::0.0.1:HAL_XSPI
2024-11-11 11:49:30,454 [INFO] ThirdPartyModel:298 - Start build external matchings
2024-11-11 11:49:33,311 [INFO] ThirdPartyModel:316 - End build external matchings
2024-11-11 11:49:33,334 [INFO] ImportTextPane:205 - (OptionalMessage_ERROR) IP (RCC) : Parameter (RTCHSEDivFreq_Value) has invalid value (4000000)
2024-11-11 11:49:33,603 [INFO] UtilMem:75 - End LoadConfig() Used Memory: 882256176 Bytes (1073741824)
2024-11-11 11:49:33,620 [WARN] ThirdParty:833 - waiting for thirdparty lock release [change project]
2024-11-11 11:49:33,620 [INFO] ThirdParty:835 - entering critical section [change project]
2024-11-11 11:49:33,620 [INFO] ThirdParty:1030 - CMSIS Pack Vendor :STMicroelectronics USBPD 4.1
2024-11-11 11:49:33,620 [INFO] ThirdParty:1030 - CMSIS Pack Vendor :STMicroelectronics X-CUBE-GNSS1 6.0.0
2024-11-11 11:49:33,620 [INFO] ThirdParty:1030 - CMSIS Pack Vendor :STMicroelectronics USB_HOST 2.0.0
2024-11-11 11:49:33,620 [INFO] ThirdParty:1030 - CMSIS Pack Vendor :STMicroelectronics FP-SNS-MOTENVWB1 1.4.0
2024-11-11 11:49:33,620 [INFO] ThirdParty:1030 - CMSIS Pack Vendor :STMicroelectronics X-CUBE-AZRTOS-F4 1.1.0
2024-11-11 11:49:33,620 [INFO] ThirdParty:1030 - CMSIS Pack Vendor :STMicroelectronics LIBJPEG 8.0.0
2024-11-11 11:49:33,620 [INFO] ThirdParty:1030 - CMSIS Pack Vendor :wolfSSL I-CUBE-wolfSSL 5.6.3
2024-11-11 11:49:33,620 [INFO] ThirdParty:1030 - CMSIS Pack Vendor :STMicroelectronics X-CUBE-SMBUS 2.1.0
2024-11-11 11:49:33,620 [INFO] ThirdParty:1030 - CMSIS Pack Vendor :STMicroelectronics X-CUBE-WB05N 1.1.0
2024-11-11 11:49:33,620 [INFO] ThirdParty:1030 - CMSIS Pack Vendor :STMicroelectronics X-CUBE-ISPU 2.1.0
2024-11-11 11:49:33,620 [INFO] ThirdParty:1030 - CMSIS Pack Vendor :STMicroelectronics X-CUBE-FREERTOS 1.2.0
2024-11-11 11:49:33,620 [INFO] ThirdParty:1030 - CMSIS Pack Vendor :STMicroelectronics X-CUBE-TOUCHGFX 4.23.0
2024-11-11 11:49:33,620 [INFO] ThirdParty:1030 - CMSIS Pack Vendor :STMicroelectronics X-CUBE-TOUCHGFX 4.23.2
2024-11-11 11:49:33,620 [INFO] ThirdParty:1030 - CMSIS Pack Vendor :STMicroelectronics X-CUBE-AZRTOS-F7 1.1.0
2024-11-11 11:49:33,620 [INFO] ThirdParty:1030 - CMSIS Pack Vendor :STMicroelectronics X-CUBE-AZRTOS-L5 2.0.0
2024-11-11 11:49:33,620 [INFO] ThirdParty:1030 - CMSIS Pack Vendor :STMicroelectronics USB_DEVICE 2.0.0
2024-11-11 11:49:33,620 [INFO] ThirdParty:1030 - CMSIS Pack Vendor :STMicroelectronics X-CUBE-MEMS1 9.6.0
2024-11-11 11:49:33,620 [INFO] ThirdParty:1030 - CMSIS Pack Vendor :STMicroelectronics X-CUBE-EEPRMA1 4.2.0
2024-11-11 11:49:33,620 [INFO] ThirdParty:1030 - CMSIS Pack Vendor :STMicroelectronics X-CUBE-NFC6 3.1.0
2024-11-11 11:49:33,620 [INFO] ThirdParty:1030 - CMSIS Pack Vendor :ITTIA_DB I-CUBE-ITTIADB 8.8.0
2024-11-11 11:49:33,620 [INFO] ThirdParty:1030 - CMSIS Pack Vendor :STMicroelectronics FP-SNS-MOTENV1 4.3.2
2024-11-11 11:49:33,620 [INFO] ThirdParty:1030 - CMSIS Pack Vendor :STMicroelectronics FP-SNS-FLIGHT1 5.0.1
2024-11-11 11:49:33,620 [INFO] ThirdParty:1030 - CMSIS Pack Vendor :STMicroelectronics X-CUBE-MEMS1 11.0.0
2024-11-11 11:49:33,620 [INFO] ThirdParty:1030 - CMSIS Pack Vendor :STMicroelectronics X-CUBE-BLE1 6.2.4
2024-11-11 11:49:33,620 [INFO] ThirdParty:1030 - CMSIS Pack Vendor :STMicroelectronics FreeRTOS 0.0.1
2024-11-11 11:49:33,620 [INFO] ThirdParty:1030 - CMSIS Pack Vendor :STMicroelectronics X-CUBE-BLEMGR 2.0.0
2024-11-11 11:49:33,620 [INFO] ThirdParty:1030 - CMSIS Pack Vendor :STMicroelectronics X-CUBE-DPower 1.2.0
2024-11-11 11:49:33,620 [INFO] ThirdParty:1030 - CMSIS Pack Vendor :STMicroelectronics FP-SNS-FLIGHT1 5.0.2
2024-11-11 11:49:33,620 [INFO] ThirdParty:1030 - CMSIS Pack Vendor :STMicroelectronics X-CUBE-AI 9.0.0
2024-11-11 11:49:33,620 [INFO] ThirdParty:1030 - CMSIS Pack Vendor :STMicroelectronics X-CUBE-AZRTOS-H7 3.1.0
2024-11-11 11:49:33,620 [INFO] ThirdParty:1030 - CMSIS Pack Vendor :STMicroelectronics PDM2PCM 3.3.0
2024-11-11 11:49:33,620 [INFO] ThirdParty:1030 - CMSIS Pack Vendor :STMicroelectronics X-CUBE-DISPLAY 3.0.0
2024-11-11 11:49:33,620 [INFO] ThirdParty:1030 - CMSIS Pack Vendor :STMicroelectronics X-CUBE-BLE1 7.0.0
2024-11-11 11:49:33,620 [INFO] ThirdParty:1030 - CMSIS Pack Vendor :STMicroelectronics X-CUBE-NFC10 1.0.0
2024-11-11 11:49:33,620 [INFO] ThirdParty:1030 - CMSIS Pack Vendor :STMicroelectronics HAL Drivers 0.0.0
2024-11-11 11:49:33,620 [INFO] ThirdParty:1030 - CMSIS Pack Vendor :emotas I-CUBE-CANOPEN 1.3.0
2024-11-11 11:49:33,621 [INFO] ThirdParty:1030 - CMSIS Pack Vendor :STMicroelectronics X-CUBE-TOUCHGFX 4.22.0
2024-11-11 11:49:33,621 [INFO] ThirdParty:1030 - CMSIS Pack Vendor :STMicroelectronics X-CUBE-NFC7 1.0.1
2024-11-11 11:49:33,621 [INFO] ThirdParty:1030 - CMSIS Pack Vendor :STMicroelectronics MBEDTLS 2.14.1
2024-11-11 11:49:33,621 [INFO] ThirdParty:1030 - CMSIS Pack Vendor :STMicroelectronics X-CUBE-TOUCHGFX 4.22.1
2024-11-11 11:49:33,621 [INFO] ThirdParty:1030 - CMSIS Pack Vendor :STMicroelectronics X-CUBE-NFC6 3.0.0
2024-11-11 11:49:33,621 [INFO] ThirdParty:1030 - CMSIS Pack Vendor :STMicroelectronics X-CUBE-EEPRMA1 4.1.0
2024-11-11 11:49:33,621 [INFO] ThirdParty:1030 - CMSIS Pack Vendor :STMicroelectronics X-CUBE-BLEMGR 3.1.0
2024-11-11 11:49:33,621 [INFO] ThirdParty:1030 - CMSIS Pack Vendor :STMicroelectronics FP-SNS-SMARTAG2 1.2.0
2024-11-11 11:49:33,621 [INFO] ThirdParty:1030 - CMSIS Pack Vendor :STMicroelectronics X-CUBE-AZRTOS-WL 2.0.0
2024-11-11 11:49:33,621 [INFO] ThirdParty:1030 - CMSIS Pack Vendor :STMicroelectronics FP-SNS-MOTENV1 5.0.0
2024-11-11 11:49:33,621 [INFO] ThirdParty:1030 - CMSIS Pack Vendor :STMicroelectronics USB_DEVICE 1.0.0
2024-11-11 11:49:33,621 [INFO] ThirdParty:1030 - CMSIS Pack Vendor :STMicroelectronics X-CUBE-AI 8.1.0
2024-11-11 11:49:33,621 [INFO] ThirdParty:1030 - CMSIS Pack Vendor :wolfSSL I-CUBE-wolfMQTT 1.19.0
2024-11-11 11:49:33,621 [INFO] ThirdParty:1030 - CMSIS Pack Vendor :STMicroelectronics X-CUBE-AZRTOS-L4 2.0.0
2024-11-11 11:49:33,621 [INFO] ThirdParty:1030 - CMSIS Pack Vendor :STMicroelectronics ThreadX 0.0.2
2024-11-11 11:49:33,621 [INFO] ThirdParty:1030 - CMSIS Pack Vendor :WES I-CUBE-Cesium 1.3.0
2024-11-11 11:49:33,621 [INFO] ThirdParty:1030 - CMSIS Pack Vendor :STMicroelectronics lwIP 2.1.2
2024-11-11 11:49:33,621 [INFO] ThirdParty:1030 - CMSIS Pack Vendor :STMicroelectronics X-CUBE-SFXS2LP1 4.0.0
2024-11-11 11:49:33,621 [INFO] ThirdParty:1030 - CMSIS Pack Vendor :STMicroelectronics X-CUBE-BLE2 3.3.0
2024-11-11 11:49:33,621 [INFO] ThirdParty:1030 - CMSIS Pack Vendor :STMicroelectronics PDM2PCM 3.2.0
2024-11-11 11:49:33,621 [INFO] ThirdParty:1030 - CMSIS Pack Vendor :STMicroelectronics X-CUBE-ISPU 1.1.0
2024-11-11 11:49:33,621 [INFO] ThirdParty:1030 - CMSIS Pack Vendor :STMicroelectronics X-CUBE-AZRTOS-H7 3.3.0
2024-11-11 11:49:33,621 [INFO] ThirdParty:1030 - CMSIS Pack Vendor :STMicroelectronics X-CUBE-NFC9 1.0.0
2024-11-11 11:49:33,621 [INFO] ThirdParty:1030 - CMSIS Pack Vendor :STMicroelectronics USB_DEVICE 3.0.0
2024-11-11 11:49:33,621 [INFO] ThirdParty:1030 - CMSIS Pack Vendor :STMicroelectronics X-CUBE-TCPP 4.1.0
2024-11-11 11:49:33,621 [INFO] ThirdParty:1030 - CMSIS Pack Vendor :STMicroelectronics X-CUBE-IPS 3.0.0
2024-11-11 11:49:33,621 [INFO] ThirdParty:1030 - CMSIS Pack Vendor :STMicroelectronics X-CUBE-AZRTOS-WB 2.0.0
2024-11-11 11:49:33,621 [INFO] ThirdParty:1030 - CMSIS Pack Vendor :STMicroelectronics X-CUBE-FREERTOS 1.0.1
2024-11-11 11:49:33,621 [INFO] ThirdParty:1030 - CMSIS Pack Vendor :STMicroelectronics X-CUBE-GNSS1 7.0.0
2024-11-11 11:49:33,621 [INFO] ThirdParty:1030 - CMSIS Pack Vendor :STMicroelectronics FP-SNS-STBOX1 2.0.0
2024-11-11 11:49:33,621 [INFO] ThirdParty:1030 - CMSIS Pack Vendor :STMicroelectronics X-CUBE-ALGOBUILD 1.3.0
2024-11-11 11:49:33,621 [INFO] ThirdParty:1030 - CMSIS Pack Vendor :STMicroelectronics X-CUBE-AZRTOS-L5 1.1.0
2024-11-11 11:49:33,621 [INFO] ThirdParty:1030 - CMSIS Pack Vendor :STMicroelectronics X-CUBE-AZRTOS-G0 1.1.0
2024-11-11 11:49:33,621 [INFO] ThirdParty:1030 - CMSIS Pack Vendor :STMicroelectronics X-CUBE-AI 8.0.1
2024-11-11 11:49:33,621 [INFO] ThirdParty:1030 - CMSIS Pack Vendor :STMicroelectronics X-CUBE-SAFEA1 1.2.2
2024-11-11 11:49:33,621 [INFO] ThirdParty:1030 - CMSIS Pack Vendor :STMicroelectronics X-CUBE-NFC4 3.0.0
2024-11-11 11:49:33,621 [INFO] ThirdParty:1030 - CMSIS Pack Vendor :STMicroelectronics X-CUBE-SUBG2 5.0.0
2024-11-11 11:49:33,621 [INFO] ThirdParty:1030 - CMSIS Pack Vendor :STMicroelectronics STM32_WPAN 1.0.0
2024-11-11 11:49:33,621 [INFO] ThirdParty:1030 - CMSIS Pack Vendor :wolfSSL I-CUBE-wolfMQTT 1.18.0
2024-11-11 11:49:33,621 [INFO] ThirdParty:1030 - CMSIS Pack Vendor :EmbeddedOffice I-CUBE-FS-RTOS 1.0.1
2024-11-11 11:49:33,621 [INFO] ThirdParty:1030 - CMSIS Pack Vendor :STMicroelectronics lwIP 2.0.3
2024-11-11 11:49:33,622 [INFO] ThirdParty:1030 - CMSIS Pack Vendor :Cesanta I-CUBE-Mongoose 7.13.0
2024-11-11 11:49:33,622 [INFO] ThirdParty:1030 - CMSIS Pack Vendor :STMicroelectronics USB_HOST 1.0.0
2024-11-11 11:49:33,622 [INFO] ThirdParty:1030 - CMSIS Pack Vendor :STMicroelectronics X-CUBE-TOF1 3.3.1
2024-11-11 11:49:33,622 [INFO] ThirdParty:1030 - CMSIS Pack Vendor :STMicroelectronics X-CUBE-AZRTOS-G4 2.0.0
2024-11-11 11:49:33,622 [INFO] ThirdParty:1030 - CMSIS Pack Vendor :STMicroelectronics PDM2PCM 3.1.0
2024-11-11 11:49:33,622 [INFO] ThirdParty:1030 - CMSIS Pack Vendor :Infineon AIROC-Wi-Fi-Bluetooth-STM32 1.5.1
2024-11-11 11:49:33,622 [INFO] ThirdParty:1030 - CMSIS Pack Vendor :STMicroelectronics X-CUBE-BLEMGR 3.0.0
2024-11-11 11:49:33,622 [INFO] ThirdParty:1030 - CMSIS Pack Vendor :STMicroelectronics FP-SNS-MOTENVWB1 1.3.0
2024-11-11 11:49:33,622 [INFO] ThirdParty:1030 - CMSIS Pack Vendor :RealThread X-CUBE-RT-Thread_Nano 4.1.1
2024-11-11 11:49:33,622 [INFO] ThirdParty:1030 - CMSIS Pack Vendor :STMicroelectronics FP-SNS-MOTENVWB1 1.3.1
2024-11-11 11:49:33,622 [INFO] ThirdParty:1030 - CMSIS Pack Vendor :STMicroelectronics FP-ATR-SIGFOX1 3.2.0
2024-11-11 11:49:33,622 [INFO] ThirdParty:1030 - CMSIS Pack Vendor :STMicroelectronics X-CUBE-ISPU 2.0.0
2024-11-11 11:49:33,622 [INFO] ThirdParty:1030 - CMSIS Pack Vendor :STMicroelectronics X-CUBE-EEPRMA1 5.1.0
2024-11-11 11:49:33,622 [INFO] ThirdParty:1030 - CMSIS Pack Vendor :STMicroelectronics MBEDTLS 2.16.2
2024-11-11 11:49:33,622 [INFO] ThirdParty:1030 - CMSIS Pack Vendor :STMicroelectronics X-CUBE-ALS 1.0.2
2024-11-11 11:49:33,622 [INFO] ThirdParty:1030 - CMSIS Pack Vendor :STMicroelectronics X-CUBE-MEMS1 10.0.0
2024-11-11 11:49:33,622 [INFO] ThirdParty:1030 - CMSIS Pack Vendor :STMicroelectronics X-CUBE-FREERTOS 1.1.0
2024-11-11 11:49:33,622 [INFO] ThirdParty:1030 - CMSIS Pack Vendor :STMicroelectronics X-CUBE-TOUCHGFX 4.24.1
2024-11-11 11:49:33,622 [INFO] ThirdParty:1030 - CMSIS Pack Vendor :wolfSSL I-CUBE-wolfTPM 3.4.0
2024-11-11 11:49:33,622 [INFO] ThirdParty:1030 - CMSIS Pack Vendor :portGmbH I-Cube-SoM-uGOAL 1.1.0
2024-11-11 11:49:33,622 [INFO] ThirdParty:1030 - CMSIS Pack Vendor :STMicroelectronics X-CUBE-ALS 1.0.1
2024-11-11 11:49:33,622 [INFO] ThirdParty:1030 - CMSIS Pack Vendor :STMicroelectronics ThreadX 1.0.0
2024-11-11 11:49:33,622 [INFO] ThirdParty:1030 - CMSIS Pack Vendor :STMicroelectronics X-CUBE-AZRTOS-WB 1.1.0
2024-11-11 11:49:33,622 [INFO] ThirdParty:1030 - CMSIS Pack Vendor :SEGGER I-CUBE-embOS 1.3.1
2024-11-11 11:49:33,622 [INFO] ThirdParty:1030 - CMSIS Pack Vendor :STMicroelectronics X-CUBE-ALGOBUILD 1.4.0
2024-11-11 11:49:33,622 [INFO] ThirdParty:1030 - CMSIS Pack Vendor :STMicroelectronics X-CUBE-AZRTOS-H7RS 1.0.0
2024-11-11 11:49:33,622 [INFO] ThirdParty:1030 - CMSIS Pack Vendor :STMicroelectronics FP-ATR-ASTRA1 2.0.0
2024-11-11 11:49:33,622 [INFO] ThirdParty:1030 - CMSIS Pack Vendor :STMicroelectronics X-CUBE-TOF1 3.4.2
2024-11-11 11:49:33,622 [INFO] ThirdParty:1030 - CMSIS Pack Vendor :STMicroelectronics X-CUBE-AI 9.1.0
2024-11-11 11:49:33,622 [INFO] ThirdParty:1030 - CMSIS Pack Vendor :STMicroelectronics X-CUBE-TOF1 3.4.0
2024-11-11 11:49:33,622 [INFO] ThirdParty:1030 - CMSIS Pack Vendor :STMicroelectronics X-CUBE-TOF1 3.4.1
2024-11-11 11:49:33,622 [INFO] ThirdParty:1030 - CMSIS Pack Vendor :STMicroelectronics X-CUBE-AZRTOS-H7 3.2.0
2024-11-11 11:49:33,622 [INFO] ThirdParty:1030 - CMSIS Pack Vendor :wolfSSL I-CUBE-wolfSSH 1.4.17
2024-11-11 11:49:33,622 [INFO] ThirdParty:841 - exiting critical section [change project]
2024-11-11 11:49:33,771 [INFO] PinOutPanel:1561 - setPackage(No Configuration,No Configuration)
2024-11-11 11:49:33,772 [INFO] PinOutPanel:1561 - setPackage(STM32F407VGTx,LQFP100)
2024-11-11 11:49:33,980 [INFO] UtilMem:75 - Before build in PCC Used Memory: 578923616 Bytes (1073741824)
2024-11-11 11:49:34,170 [INFO] UtilMem:75 - After build in PCC Used Memory: 623490144 Bytes (1073741824)
2024-11-11 11:49:34,174 [INFO] ApiDbMcu:508 - Load IP Config File for USB_HOST
2024-11-11 11:49:34,174 [INFO] Middleware:617 - instanceName : USB_HOST bspName : Drive_VBUS_FS check condition success for : SW_VBUS_DRIVE_AUDIO_FS = false
2024-11-11 11:49:34,174 [INFO] Middleware:617 - instanceName : USB_HOST bspName : Drive_VBUS_FS check condition success for : SW_VBUS_DRIVE_AUDIO_FS = false
2024-11-11 11:49:34,174 [INFO] Middleware:617 - instanceName : USB_HOST bspName : Drive_VBUS_HS check condition success for : SW_VBUS_DRIVE_AUDIO_HS = false
2024-11-11 11:49:34,174 [INFO] Middleware:617 - instanceName : USB_HOST bspName : Drive_VBUS_HS check condition success for : SW_VBUS_DRIVE_AUDIO_HS = false
2024-11-11 11:49:34,174 [INFO] Middleware:617 - instanceName : USB_HOST bspName : Drive_VBUS_FS check condition success for : SW_VBUS_DRIVE_CDC_FS = false
2024-11-11 11:49:34,174 [INFO] Middleware:617 - instanceName : USB_HOST bspName : Drive_VBUS_FS check condition success for : SW_VBUS_DRIVE_CDC_FS = false
2024-11-11 11:49:34,174 [INFO] Middleware:617 - instanceName : USB_HOST bspName : Drive_VBUS_FS check condition success for : SW_VBUS_DRIVE_CDC_FS = false
2024-11-11 11:49:34,175 [INFO] Middleware:617 - instanceName : USB_HOST bspName : Drive_VBUS_HS check condition success for : SW_VBUS_DRIVE_CDC_HS = false
2024-11-11 11:49:34,175 [INFO] Middleware:617 - instanceName : USB_HOST bspName : Drive_VBUS_HS check condition success for : SW_VBUS_DRIVE_CDC_HS = false
2024-11-11 11:49:34,175 [INFO] Middleware:617 - instanceName : USB_HOST bspName : Drive_VBUS_FS check condition success for : SW_VBUS_DRIVE_HID_FS = false
2024-11-11 11:49:34,175 [INFO] Middleware:617 - instanceName : USB_HOST bspName : Drive_VBUS_FS check condition success for : SW_VBUS_DRIVE_HID_FS = false
2024-11-11 11:49:34,175 [INFO] Middleware:617 - instanceName : USB_HOST bspName : Drive_VBUS_HS check condition success for : SW_VBUS_DRIVE_HID_HS = false
2024-11-11 11:49:34,175 [INFO] Middleware:617 - instanceName : USB_HOST bspName : Drive_VBUS_HS check condition success for : SW_VBUS_DRIVE_HID_HS = false
2024-11-11 11:49:34,175 [INFO] Middleware:617 - instanceName : USB_HOST bspName : Drive_VBUS_FS check condition success for : SW_VBUS_DRIVE_MSC_FS = false
2024-11-11 11:49:34,175 [INFO] Middleware:617 - instanceName : USB_HOST bspName : Drive_VBUS_FS check condition success for : SW_VBUS_DRIVE_MSC_FS = false
2024-11-11 11:49:34,175 [INFO] Middleware:617 - instanceName : USB_HOST bspName : Drive_VBUS_HS check condition success for : SW_VBUS_DRIVE_MSC_HS = false
2024-11-11 11:49:34,175 [INFO] Middleware:617 - instanceName : USB_HOST bspName : Drive_VBUS_HS check condition success for : SW_VBUS_DRIVE_MSC_HS = false
2024-11-11 11:49:34,175 [INFO] Middleware:617 - instanceName : USB_HOST bspName : Drive_VBUS_FS check condition success for : ALL_SW_VBUS_DRIVE_FS = false
2024-11-11 11:49:34,175 [INFO] Middleware:617 - instanceName : USB_HOST bspName : Drive_VBUS_FS check condition success for : ALL_SW_VBUS_DRIVE_FS = false
2024-11-11 11:49:34,175 [INFO] Middleware:617 - instanceName : USB_HOST bspName : Drive_VBUS_HS check condition success for : ALL_SW_VBUS_DRIVE_HS = false
2024-11-11 11:49:34,175 [INFO] Middleware:617 - instanceName : USB_HOST bspName : Drive_VBUS_HS check condition success for : ALL_SW_VBUS_DRIVE_HS = false
2024-11-11 11:49:34,175 [INFO] Middleware:617 - instanceName : USB_HOST bspName : Drive_VBUS_FS check condition success for : SW_VBUS_DRIVE_MTP_FS = false
2024-11-11 11:49:34,175 [INFO] Middleware:617 - instanceName : USB_HOST bspName : Drive_VBUS_FS check condition success for : SW_VBUS_DRIVE_MTP_FS = false
2024-11-11 11:49:34,175 [INFO] Middleware:617 - instanceName : USB_HOST bspName : Drive_VBUS_HS check condition success for : SW_VBUS_DRIVE_MTP_HS = false
2024-11-11 11:49:34,175 [INFO] Middleware:617 - instanceName : USB_HOST bspName : Drive_VBUS_HS check condition success for : SW_VBUS_DRIVE_MTP_HS = false
2024-11-11 11:49:34,175 [WARN] BspModel:444 - BSP dependency skipped because of component: name='IOExpander', api='Unknown'
2024-11-11 11:49:34,200 [INFO] IPUIPlugin:80 - create IPUIPlugin
2024-11-11 11:49:34,200 [INFO] IPUIPlugin:80 - create IPUIPlugin
2024-11-11 11:49:34,200 [INFO] IPUIPlugin:80 - create IPUIPlugin
2024-11-11 11:49:34,200 [INFO] IPUIPlugin:80 - create IPUIPlugin
2024-11-11 11:49:34,200 [INFO] IPUIPlugin:80 - create IPUIPlugin
2024-11-11 11:49:34,200 [INFO] IPUIPlugin:80 - create IPUIPlugin
2024-11-11 11:49:34,200 [INFO] IPUIPlugin:80 - create IPUIPlugin
2024-11-11 11:49:34,200 [INFO] IPUIPlugin:80 - create IPUIPlugin
2024-11-11 11:49:34,200 [INFO] IPUIPlugin:80 - create IPUIPlugin
2024-11-11 11:49:34,201 [INFO] IPUIPlugin:80 - create IPUIPlugin
2024-11-11 11:49:34,201 [INFO] IPUIPlugin:80 - create IPUIPlugin
2024-11-11 11:49:34,201 [INFO] IPUIPlugin:80 - create IPUIPlugin
2024-11-11 11:49:34,201 [INFO] IPUIPlugin:80 - create IPUIPlugin
2024-11-11 11:49:34,201 [INFO] IPUIPlugin:80 - create IPUIPlugin
2024-11-11 11:49:34,201 [INFO] IPUIPlugin:80 - create IPUIPlugin
2024-11-11 11:49:34,201 [INFO] IPUIPlugin:80 - create IPUIPlugin
2024-11-11 11:49:34,201 [INFO] IPUIPlugin:80 - create IPUIPlugin
2024-11-11 11:49:34,201 [INFO] IPUIPlugin:80 - create IPUIPlugin
2024-11-11 11:49:34,201 [INFO] IPUIPlugin:80 - create IPUIPlugin
2024-11-11 11:49:34,202 [INFO] IPUIPlugin:80 - create IPUIPlugin
2024-11-11 11:49:34,202 [INFO] IPUIPlugin:80 - create IPUIPlugin
2024-11-11 11:49:34,202 [INFO] IPUIPlugin:80 - create IPUIPlugin
2024-11-11 11:49:34,202 [INFO] IPUIPlugin:80 - create IPUIPlugin
2024-11-11 11:49:34,202 [INFO] IPUIPlugin:80 - create IPUIPlugin
2024-11-11 11:49:34,202 [INFO] IPUIPlugin:80 - create IPUIPlugin
2024-11-11 11:49:34,203 [INFO] IPUIPlugin:80 - create IPUIPlugin
2024-11-11 11:49:34,203 [INFO] IPUIPlugin:80 - create IPUIPlugin
2024-11-11 11:49:34,203 [INFO] IPUIPlugin:80 - create IPUIPlugin
2024-11-11 11:49:34,203 [INFO] IPUIPlugin:80 - create IPUIPlugin
2024-11-11 11:49:34,203 [INFO] IPUIPlugin:80 - create IPUIPlugin
2024-11-11 11:49:34,203 [INFO] IPUIPlugin:80 - create IPUIPlugin
2024-11-11 11:49:34,204 [INFO] IPUIPlugin:80 - create IPUIPlugin
2024-11-11 11:49:34,204 [INFO] IPUIPlugin:80 - create IPUIPlugin
2024-11-11 11:49:34,204 [INFO] IPUIPlugin:80 - create IPUIPlugin
2024-11-11 11:49:34,204 [INFO] IPUIPlugin:80 - create IPUIPlugin
2024-11-11 11:49:34,204 [INFO] IPUIPlugin:80 - create IPUIPlugin
2024-11-11 11:49:34,205 [INFO] IPUIPlugin:80 - create IPUIPlugin
2024-11-11 11:49:34,205 [INFO] IPUIPlugin:80 - create IPUIPlugin
2024-11-11 11:49:34,205 [INFO] IPUIPlugin:80 - create IPUIPlugin
2024-11-11 11:49:34,205 [INFO] IPUIPlugin:80 - create IPUIPlugin
2024-11-11 11:49:34,205 [INFO] IPUIPlugin:80 - create IPUIPlugin
2024-11-11 11:49:34,206 [INFO] IPUIPlugin:80 - create IPUIPlugin
2024-11-11 11:49:34,206 [INFO] IPUIPlugin:80 - create IPUIPlugin
2024-11-11 11:49:34,206 [INFO] IPUIPlugin:80 - create IPUIPlugin
2024-11-11 11:49:34,207 [INFO] IPUIPlugin:80 - create IPUIPlugin
2024-11-11 11:49:34,207 [INFO] IPUIPlugin:80 - create IPUIPlugin
2024-11-11 11:49:34,207 [INFO] IPUIPlugin:80 - create IPUIPlugin
2024-11-11 11:49:34,207 [INFO] IPUIPlugin:80 - create IPUIPlugin
2024-11-11 11:49:34,208 [INFO] IPUIPlugin:80 - create IPUIPlugin
2024-11-11 11:49:34,208 [INFO] IPUIPlugin:80 - create IPUIPlugin
2024-11-11 11:49:34,208 [INFO] IPUIPlugin:80 - create IPUIPlugin
2024-11-11 11:49:34,209 [INFO] IPUIPlugin:80 - create IPUIPlugin
2024-11-11 11:49:34,209 [INFO] IPUIPlugin:80 - create IPUIPlugin
2024-11-11 11:49:34,209 [INFO] IPUIPlugin:80 - create IPUIPlugin
2024-11-11 11:49:34,210 [INFO] IPUIPlugin:80 - create IPUIPlugin
2024-11-11 11:49:34,245 [INFO] IPUIPlugin:80 - create IPUIPlugin
2024-11-11 11:49:34,246 [INFO] IPUIPlugin:80 - create IPUIPlugin
2024-11-11 11:49:34,246 [INFO] IPUIPlugin:80 - create IPUIPlugin
2024-11-11 11:49:34,249 [INFO] ApiDbMcu:508 - Load IP Config File for PDM2PCM
2024-11-11 11:49:34,249 [WARN] IP:2191 - I2C_Coeff_DF not found: check if there is a RefParameter without a condition.
2024-11-11 11:49:34,249 [WARN] IP:2191 - Analog_Filter not found: check if there is a RefParameter without a condition.
2024-11-11 11:49:34,252 [INFO] I2sManager:658 - 9.6E7
2024-11-11 11:49:34,252 [INFO] I2sManager:195 - I2S Clock Value : 9.6E7
2024-11-11 11:49:34,252 [INFO] I2sManager:553 - AudioClock : 93750Divider : 2Odd : 0
2024-11-11 11:49:34,331 [INFO] CADModel:165 - CPN selected for project levelSTM32F407VGT6
2024-11-11 11:49:34,331 [INFO] CADModel:114 - Register for checkConnection events
2024-11-11 11:49:34,371 [INFO] OpenFileManager:363 - Restore cursor
2024-11-11 11:49:34,596 [WARN] IP:2191 - I2C_Coeff_DF not found: check if there is a RefParameter without a condition.
2024-11-11 11:49:34,596 [WARN] IP:2191 - Analog_Filter not found: check if there is a RefParameter without a condition.
2024-11-11 11:49:34,596 [WARN] IP:2191 - I2C_Coeff_DF not found: check if there is a RefParameter without a condition.
2024-11-11 11:49:34,596 [WARN] IP:2191 - Analog_Filter not found: check if there is a RefParameter without a condition.
2024-11-11 11:49:34,606 [INFO] Middleware:617 - instanceName : USB_HOST bspName : Drive_VBUS_FS check condition success for : SW_VBUS_DRIVE_AUDIO_FS = false
2024-11-11 11:49:34,606 [INFO] Middleware:617 - instanceName : USB_HOST bspName : Drive_VBUS_FS check condition success for : SW_VBUS_DRIVE_AUDIO_FS = false
2024-11-11 11:49:34,606 [INFO] Middleware:617 - instanceName : USB_HOST bspName : Drive_VBUS_HS check condition success for : SW_VBUS_DRIVE_AUDIO_HS = false
2024-11-11 11:49:34,606 [INFO] Middleware:617 - instanceName : USB_HOST bspName : Drive_VBUS_HS check condition success for : SW_VBUS_DRIVE_AUDIO_HS = false
2024-11-11 11:49:34,606 [INFO] Middleware:617 - instanceName : USB_HOST bspName : Drive_VBUS_FS check condition success for : SW_VBUS_DRIVE_CDC_FS = false
2024-11-11 11:49:34,606 [INFO] Middleware:617 - instanceName : USB_HOST bspName : Drive_VBUS_FS check condition success for : SW_VBUS_DRIVE_CDC_FS = false
2024-11-11 11:49:34,606 [INFO] Middleware:617 - instanceName : USB_HOST bspName : Drive_VBUS_FS check condition success for : SW_VBUS_DRIVE_CDC_FS = false
2024-11-11 11:49:34,606 [INFO] Middleware:617 - instanceName : USB_HOST bspName : Drive_VBUS_HS check condition success for : SW_VBUS_DRIVE_CDC_HS = false
2024-11-11 11:49:34,606 [INFO] Middleware:617 - instanceName : USB_HOST bspName : Drive_VBUS_HS check condition success for : SW_VBUS_DRIVE_CDC_HS = false
2024-11-11 11:49:34,606 [INFO] Middleware:617 - instanceName : USB_HOST bspName : Drive_VBUS_FS check condition success for : SW_VBUS_DRIVE_HID_FS = false
2024-11-11 11:49:34,606 [INFO] Middleware:617 - instanceName : USB_HOST bspName : Drive_VBUS_FS check condition success for : SW_VBUS_DRIVE_HID_FS = false
2024-11-11 11:49:34,606 [INFO] Middleware:617 - instanceName : USB_HOST bspName : Drive_VBUS_HS check condition success for : SW_VBUS_DRIVE_HID_HS = false
2024-11-11 11:49:34,606 [INFO] Middleware:617 - instanceName : USB_HOST bspName : Drive_VBUS_HS check condition success for : SW_VBUS_DRIVE_HID_HS = false
2024-11-11 11:49:34,607 [INFO] Middleware:617 - instanceName : USB_HOST bspName : Drive_VBUS_FS check condition success for : SW_VBUS_DRIVE_MSC_FS = false
2024-11-11 11:49:34,607 [INFO] Middleware:617 - instanceName : USB_HOST bspName : Drive_VBUS_FS check condition success for : SW_VBUS_DRIVE_MSC_FS = false
2024-11-11 11:49:34,607 [INFO] Middleware:617 - instanceName : USB_HOST bspName : Drive_VBUS_HS check condition success for : SW_VBUS_DRIVE_MSC_HS = false
2024-11-11 11:49:34,607 [INFO] Middleware:617 - instanceName : USB_HOST bspName : Drive_VBUS_HS check condition success for : SW_VBUS_DRIVE_MSC_HS = false
2024-11-11 11:49:34,607 [INFO] Middleware:617 - instanceName : USB_HOST bspName : Drive_VBUS_FS check condition success for : ALL_SW_VBUS_DRIVE_FS = false
2024-11-11 11:49:34,607 [INFO] Middleware:617 - instanceName : USB_HOST bspName : Drive_VBUS_FS check condition success for : ALL_SW_VBUS_DRIVE_FS = false
2024-11-11 11:49:34,607 [INFO] Middleware:617 - instanceName : USB_HOST bspName : Drive_VBUS_HS check condition success for : ALL_SW_VBUS_DRIVE_HS = false
2024-11-11 11:49:34,607 [INFO] Middleware:617 - instanceName : USB_HOST bspName : Drive_VBUS_HS check condition success for : ALL_SW_VBUS_DRIVE_HS = false
2024-11-11 11:49:34,607 [INFO] Middleware:617 - instanceName : USB_HOST bspName : Drive_VBUS_FS check condition success for : SW_VBUS_DRIVE_MTP_FS = false
2024-11-11 11:49:34,607 [INFO] Middleware:617 - instanceName : USB_HOST bspName : Drive_VBUS_FS check condition success for : SW_VBUS_DRIVE_MTP_FS = false
2024-11-11 11:49:34,607 [INFO] Middleware:617 - instanceName : USB_HOST bspName : Drive_VBUS_HS check condition success for : SW_VBUS_DRIVE_MTP_HS = false
2024-11-11 11:49:34,607 [INFO] Middleware:617 - instanceName : USB_HOST bspName : Drive_VBUS_HS check condition success for : SW_VBUS_DRIVE_MTP_HS = false
2024-11-11 11:49:34,887 [INFO] UtilMem:75 - End SaveConfig() Used Memory: 761375840 Bytes (1073741824)
2024-11-11 11:49:35,111 [INFO] UtilMem:75 - End SaveConfig() Used Memory: 783395936 Bytes (1073741824)
2024-11-11 11:49:35,369 [INFO] BlockDiagram:2766 - set Specific Code input for plugin: SPI
2024-11-11 11:49:35,369 [INFO] BlockDiagram:2766 - set Specific Code input for plugin: I2S
2024-11-11 11:49:35,369 [INFO] BlockDiagram:2766 - set Specific Code input for plugin: SYS
2024-11-11 11:49:35,369 [INFO] BlockDiagram:2766 - set Specific Code input for plugin: RCC
2024-11-11 11:49:35,369 [INFO] BlockDiagram:2766 - set Specific Code input for plugin: I2C
2024-11-11 11:49:35,369 [INFO] BlockDiagram:2766 - set Specific Code input for plugin: USB_OTG_FS
2024-11-11 11:49:35,369 [INFO] BlockDiagram:2766 - set Specific Code input for plugin: NVIC
2024-11-11 11:49:35,370 [INFO] BlockDiagram:2766 - set Specific Code input for plugin: USB_HOST
2024-11-11 11:49:35,370 [INFO] BlockDiagram:2766 - set Specific Code input for plugin: GPIO
2024-11-11 11:49:35,371 [INFO] CodeGenerator:807 - code generatio: config db path: C:\ST\STM32CubeIDE_1.9.0\STM32CubeIDE\plugins\com.st.stm32cube.common.mx_6.12.1.202409122256\\db\
2024-11-11 11:49:35,373 [WARN] IP:2191 - I2C_Coeff_DF not found: check if there is a RefParameter without a condition.
2024-11-11 11:49:35,373 [WARN] IP:2191 - Analog_Filter not found: check if there is a RefParameter without a condition.
2024-11-11 11:49:35,474 [INFO] CodeEngine:255 - oldGeneratedFile, C:\learning\MasterRTOS\RTOS_workspace\012Mutex_API\MXTmpFiles\license.tmp_save
2024-11-11 11:49:35,558 [INFO] CodeEngine:279 - Generated code: C:\learning\MasterRTOS\RTOS_workspace\012Mutex_API\MXTmpFiles\license.tmp
2024-11-11 11:49:35,621 [INFO] CodeEngine:255 - oldGeneratedFile, C:\learning\MasterRTOS\RTOS_workspace\012Mutex_API\MXTmpFiles\gpio.tmp_save
2024-11-11 11:49:35,697 [INFO] CodeEngine:279 - Generated code: C:\learning\MasterRTOS\RTOS_workspace\012Mutex_API\MXTmpFiles\gpio.tmp
2024-11-11 11:49:35,775 [WARN] IPConfigManager:3005 - Warning: the RefConfig PWREx_EnableUSBVoltageDetector is not available in your config.xml file
2024-11-11 11:49:35,788 [INFO] CodeEngine:255 - oldGeneratedFile, C:\learning\MasterRTOS\RTOS_workspace\012Mutex_API\MXTmpFiles\usb_otg_fs_vars.tmp_save
2024-11-11 11:49:35,892 [INFO] CodeEngine:279 - Generated code: C:\learning\MasterRTOS\RTOS_workspace\012Mutex_API\MXTmpFiles\usb_otg_fs_vars.tmp
2024-11-11 11:49:35,900 [INFO] CodeEngine:255 - oldGeneratedFile, C:\learning\MasterRTOS\RTOS_workspace\012Mutex_API\MXTmpFiles\usb_otg_fs_inc.tmp_save
2024-11-11 11:49:35,967 [INFO] CodeEngine:279 - Generated code: C:\learning\MasterRTOS\RTOS_workspace\012Mutex_API\MXTmpFiles\usb_otg_fs_inc.tmp
2024-11-11 11:49:35,974 [INFO] CodeEngine:255 - oldGeneratedFile, C:\learning\MasterRTOS\RTOS_workspace\012Mutex_API\MXTmpFiles\usb_otg_fs_HalInit.tmp_save
2024-11-11 11:49:36,060 [INFO] CodeEngine:279 - Generated code: C:\learning\MasterRTOS\RTOS_workspace\012Mutex_API\MXTmpFiles\usb_otg_fs_HalInit.tmp
2024-11-11 11:49:36,067 [INFO] CodeEngine:255 - oldGeneratedFile, C:\learning\MasterRTOS\RTOS_workspace\012Mutex_API\MXTmpFiles\usb_otg_fs_Msp.tmp_save
2024-11-11 11:49:36,150 [INFO] CodeEngine:279 - Generated code: C:\learning\MasterRTOS\RTOS_workspace\012Mutex_API\MXTmpFiles\usb_otg_fs_Msp.tmp
2024-11-11 11:49:36,344 [INFO] CodeEngine:255 - oldGeneratedFile, C:\learning\MasterRTOS\RTOS_workspace\012Mutex_API\USB_HOST\App\usb_host.c_save
2024-11-11 11:49:36,437 [INFO] CodeEngine:279 - Generated code: C:\learning\MasterRTOS\RTOS_workspace\012Mutex_API\USB_HOST\App\usb_host.c
2024-11-11 11:49:36,444 [INFO] CodeEngine:255 - oldGeneratedFile, C:\learning\MasterRTOS\RTOS_workspace\012Mutex_API\USB_HOST\App\usb_host.h_save
2024-11-11 11:49:36,517 [INFO] CodeEngine:279 - Generated code: C:\learning\MasterRTOS\RTOS_workspace\012Mutex_API\USB_HOST\App\usb_host.h
2024-11-11 11:49:36,524 [INFO] CodeEngine:255 - oldGeneratedFile, C:\learning\MasterRTOS\RTOS_workspace\012Mutex_API\USB_HOST\Target\usbh_conf.h_save
2024-11-11 11:49:36,606 [INFO] CodeEngine:279 - Generated code: C:\learning\MasterRTOS\RTOS_workspace\012Mutex_API\USB_HOST\Target\usbh_conf.h
2024-11-11 11:49:36,613 [INFO] CodeEngine:255 - oldGeneratedFile, C:\learning\MasterRTOS\RTOS_workspace\012Mutex_API\USB_HOST\Target\usbh_conf.c_save
2024-11-11 11:49:36,697 [INFO] CodeEngine:279 - Generated code: C:\learning\MasterRTOS\RTOS_workspace\012Mutex_API\USB_HOST\Target\usbh_conf.c
2024-11-11 11:49:36,705 [INFO] CodeEngine:255 - oldGeneratedFile, C:\learning\MasterRTOS\RTOS_workspace\012Mutex_API\USB_HOST\Target\usbh_platform.c_save
2024-11-11 11:49:36,783 [INFO] CodeEngine:279 - Generated code: C:\learning\MasterRTOS\RTOS_workspace\012Mutex_API\USB_HOST\Target\usbh_platform.c
2024-11-11 11:49:36,792 [INFO] CodeEngine:255 - oldGeneratedFile, C:\learning\MasterRTOS\RTOS_workspace\012Mutex_API\USB_HOST\Target\usbh_platform.h_save
2024-11-11 11:49:36,871 [INFO] CodeEngine:279 - Generated code: C:\learning\MasterRTOS\RTOS_workspace\012Mutex_API\USB_HOST\Target\usbh_platform.h
2024-11-11 11:49:36,891 [INFO] CodeEngine:255 - oldGeneratedFile, C:\learning\MasterRTOS\RTOS_workspace\012Mutex_API\Core\Src\stm32f4xx_it.c_save
2024-11-11 11:49:37,076 [INFO] CodeEngine:279 - Generated code: C:\learning\MasterRTOS\RTOS_workspace\012Mutex_API\Core\Src\stm32f4xx_it.c
2024-11-11 11:49:37,083 [INFO] CodeEngine:255 - oldGeneratedFile, C:\learning\MasterRTOS\RTOS_workspace\012Mutex_API\Core\Inc\stm32f4xx_it.h_save
2024-11-11 11:49:37,190 [INFO] CodeEngine:279 - Generated code: C:\learning\MasterRTOS\RTOS_workspace\012Mutex_API\Core\Inc\stm32f4xx_it.h
2024-11-11 11:49:37,213 [INFO] CodeEngine:255 - oldGeneratedFile, C:\learning\MasterRTOS\RTOS_workspace\012Mutex_API\Core\Src\stm32f4xx_hal_msp.c_save
2024-11-11 11:49:37,322 [INFO] CodeEngine:279 - Generated code: C:\learning\MasterRTOS\RTOS_workspace\012Mutex_API\Core\Src\stm32f4xx_hal_msp.c
2024-11-11 11:49:37,329 [INFO] CodeEngine:255 - oldGeneratedFile, C:\learning\MasterRTOS\RTOS_workspace\012Mutex_API\MXTmpFiles\system.tmp_save
2024-11-11 11:49:37,408 [INFO] CodeEngine:279 - Generated code: C:\learning\MasterRTOS\RTOS_workspace\012Mutex_API\MXTmpFiles\system.tmp
2024-11-11 11:49:37,425 [INFO] CodeEngine:311 - oldGeneratedFile, C:\learning\MasterRTOS\RTOS_workspace\012Mutex_API\Core\Inc\stm32f4xx_hal_conf.h_save
2024-11-11 11:49:37,520 [INFO] CodeEngine:335 - Generated code: C:\learning\MasterRTOS\RTOS_workspace\012Mutex_API\Core\Inc\stm32f4xx_hal_conf.h
2024-11-11 11:49:37,556 [INFO] CodeEngine:255 - oldGeneratedFile, C:\learning\MasterRTOS\RTOS_workspace\012Mutex_API\Core\Inc\main.h_save
2024-11-11 11:49:37,658 [INFO] CodeEngine:279 - Generated code: C:\learning\MasterRTOS\RTOS_workspace\012Mutex_API\Core\Inc\main.h
2024-11-11 11:49:37,665 [INFO] CodeEngine:255 - oldGeneratedFile, C:\learning\MasterRTOS\RTOS_workspace\012Mutex_API\Core\Src\main.c_save
2024-11-11 11:49:37,775 [INFO] CodeEngine:279 - Generated code: C:\learning\MasterRTOS\RTOS_workspace\012Mutex_API\Core\Src\main.c
2024-11-11 11:49:38,395 [INFO] ProjectBuilder:3249 - Time for Copy HAL[1] : 401mS.
2024-11-11 11:49:38,412 [INFO] ProjectBuilder:4828 - Project Generator version: 4.5.0-B34
2024-11-11 11:49:38,587 [INFO] ConfigFileManager:1531 - The Die is : DIE413
2024-11-11 11:49:38,590 [INFO] ApiDbMcu:508 - Load IP Config File for FATFS
2024-11-11 11:49:38,594 [INFO] ApiDbMcu:508 - Load IP Config File for FREERTOS
2024-11-11 11:49:38,596 [INFO] ApiDbMcu:508 - Load IP Config File for LIBJPEG
2024-11-11 11:49:38,603 [INFO] ApiDbMcu:508 - Load IP Config File for LWIP
2024-11-11 11:49:38,609 [INFO] ApiDbMcu:508 - Load IP Config File for MBEDTLS
2024-11-11 11:49:38,614 [INFO] ApiDbMcu:508 - Load IP Config File for USB_DEVICE
2024-11-11 11:49:42,567 [INFO] ProjectBuilder:5097 - Time for Generating toolchain IDE Files: 4154mS.
2024-11-11 11:49:42,568 [INFO] ProjectBuilder:3107 - Time for Copy CMSIS : 1mS.
2024-11-11 11:49:42,579 [INFO] ProjectBuilder:3107 - Time for Copy CMSIS : 0mS.
2024-11-11 11:49:43,131 [INFO] McuFinderGlobals:76 - Set McuFinderConnectedMode to true
2024-11-11 11:49:43,134 [INFO] ApiDb:448 - Save user favorites file C:\Users\hsuankai.chang/.stm32cubeide/favorites.mcus.txt: 0 item(s)
2024-11-11 11:49:43,134 [INFO] ApiDb:452 - User favorites MCUs=[]
2024-11-11 11:49:43,135 [INFO] ApiDb:448 - Save user favorites file C:\Users\hsuankai.chang/.stm32cubeide/favorites.boards.txt: 2 item(s)
2024-11-11 11:49:43,136 [INFO] ApiDb:452 - User favorites Boards=[B-L462E-CELL1, B-L475E-IOT01A2]
2024-11-11 11:49:53,277 [INFO] Middleware:617 - instanceName : USB_HOST bspName : Drive_VBUS_FS check condition success for : SW_VBUS_DRIVE_AUDIO_FS = false
2024-11-11 11:49:53,278 [INFO] Middleware:617 - instanceName : USB_HOST bspName : Drive_VBUS_FS check condition success for : SW_VBUS_DRIVE_AUDIO_FS = false
2024-11-11 11:49:53,278 [INFO] Middleware:617 - instanceName : USB_HOST bspName : Drive_VBUS_HS check condition success for : SW_VBUS_DRIVE_AUDIO_HS = false
2024-11-11 11:49:53,278 [INFO] Middleware:617 - instanceName : USB_HOST bspName : Drive_VBUS_HS check condition success for : SW_VBUS_DRIVE_AUDIO_HS = false
2024-11-11 11:49:53,278 [INFO] Middleware:617 - instanceName : USB_HOST bspName : Drive_VBUS_FS check condition success for : SW_VBUS_DRIVE_CDC_FS = false
2024-11-11 11:49:53,278 [INFO] Middleware:617 - instanceName : USB_HOST bspName : Drive_VBUS_FS check condition success for : SW_VBUS_DRIVE_CDC_FS = false
2024-11-11 11:49:53,278 [INFO] Middleware:617 - instanceName : USB_HOST bspName : Drive_VBUS_FS check condition success for : SW_VBUS_DRIVE_CDC_FS = false
2024-11-11 11:49:53,278 [INFO] Middleware:617 - instanceName : USB_HOST bspName : Drive_VBUS_HS check condition success for : SW_VBUS_DRIVE_CDC_HS = false
2024-11-11 11:49:53,278 [INFO] Middleware:617 - instanceName : USB_HOST bspName : Drive_VBUS_HS check condition success for : SW_VBUS_DRIVE_CDC_HS = false
2024-11-11 11:49:53,278 [INFO] Middleware:617 - instanceName : USB_HOST bspName : Drive_VBUS_FS check condition success for : SW_VBUS_DRIVE_HID_FS = false
2024-11-11 11:49:53,278 [INFO] Middleware:617 - instanceName : USB_HOST bspName : Drive_VBUS_FS check condition success for : SW_VBUS_DRIVE_HID_FS = false
2024-11-11 11:49:53,278 [INFO] Middleware:617 - instanceName : USB_HOST bspName : Drive_VBUS_HS check condition success for : SW_VBUS_DRIVE_HID_HS = false
2024-11-11 11:49:53,278 [INFO] Middleware:617 - instanceName : USB_HOST bspName : Drive_VBUS_HS check condition success for : SW_VBUS_DRIVE_HID_HS = false
2024-11-11 11:49:53,278 [INFO] Middleware:617 - instanceName : USB_HOST bspName : Drive_VBUS_FS check condition success for : SW_VBUS_DRIVE_MSC_FS = false
2024-11-11 11:49:53,278 [INFO] Middleware:617 - instanceName : USB_HOST bspName : Drive_VBUS_FS check condition success for : SW_VBUS_DRIVE_MSC_FS = false
2024-11-11 11:49:53,278 [INFO] Middleware:617 - instanceName : USB_HOST bspName : Drive_VBUS_HS check condition success for : SW_VBUS_DRIVE_MSC_HS = false
2024-11-11 11:49:53,278 [INFO] Middleware:617 - instanceName : USB_HOST bspName : Drive_VBUS_HS check condition success for : SW_VBUS_DRIVE_MSC_HS = false
2024-11-11 11:49:53,278 [INFO] Middleware:617 - instanceName : USB_HOST bspName : Drive_VBUS_FS check condition success for : ALL_SW_VBUS_DRIVE_FS = false
2024-11-11 11:49:53,278 [INFO] Middleware:617 - instanceName : USB_HOST bspName : Drive_VBUS_FS check condition success for : ALL_SW_VBUS_DRIVE_FS = false
2024-11-11 11:49:53,278 [INFO] Middleware:617 - instanceName : USB_HOST bspName : Drive_VBUS_HS check condition success for : ALL_SW_VBUS_DRIVE_HS = false
2024-11-11 11:49:53,278 [INFO] Middleware:617 - instanceName : USB_HOST bspName : Drive_VBUS_HS check condition success for : ALL_SW_VBUS_DRIVE_HS = false
2024-11-11 11:49:53,278 [INFO] Middleware:617 - instanceName : USB_HOST bspName : Drive_VBUS_FS check condition success for : SW_VBUS_DRIVE_MTP_FS = false
2024-11-11 11:49:53,278 [INFO] Middleware:617 - instanceName : USB_HOST bspName : Drive_VBUS_FS check condition success for : SW_VBUS_DRIVE_MTP_FS = false
2024-11-11 11:49:53,278 [INFO] Middleware:617 - instanceName : USB_HOST bspName : Drive_VBUS_HS check condition success for : SW_VBUS_DRIVE_MTP_HS = false
2024-11-11 11:49:53,278 [INFO] Middleware:617 - instanceName : USB_HOST bspName : Drive_VBUS_HS check condition success for : SW_VBUS_DRIVE_MTP_HS = false
2024-11-11 11:49:53,279 [WARN] BspModel:444 - BSP dependency skipped because of component: name='IOExpander', api='Unknown'
2024-11-11 11:50:08,248 [INFO] Middleware:617 - instanceName : USB_HOST bspName : Drive_VBUS_FS check condition success for : SW_VBUS_DRIVE_AUDIO_FS = false
2024-11-11 11:50:08,249 [INFO] Middleware:617 - instanceName : USB_HOST bspName : Drive_VBUS_FS check condition success for : SW_VBUS_DRIVE_AUDIO_FS = false
2024-11-11 11:50:08,249 [INFO] Middleware:617 - instanceName : USB_HOST bspName : Drive_VBUS_HS check condition success for : SW_VBUS_DRIVE_AUDIO_HS = false
2024-11-11 11:50:08,249 [INFO] Middleware:617 - instanceName : USB_HOST bspName : Drive_VBUS_HS check condition success for : SW_VBUS_DRIVE_AUDIO_HS = false
2024-11-11 11:50:08,249 [INFO] Middleware:617 - instanceName : USB_HOST bspName : Drive_VBUS_FS check condition success for : SW_VBUS_DRIVE_CDC_FS = false
2024-11-11 11:50:08,249 [INFO] Middleware:617 - instanceName : USB_HOST bspName : Drive_VBUS_FS check condition success for : SW_VBUS_DRIVE_CDC_FS = false
2024-11-11 11:50:08,249 [INFO] Middleware:617 - instanceName : USB_HOST bspName : Drive_VBUS_FS check condition success for : SW_VBUS_DRIVE_CDC_FS = false
2024-11-11 11:50:08,249 [INFO] Middleware:617 - instanceName : USB_HOST bspName : Drive_VBUS_HS check condition success for : SW_VBUS_DRIVE_CDC_HS = false
2024-11-11 11:50:08,249 [INFO] Middleware:617 - instanceName : USB_HOST bspName : Drive_VBUS_HS check condition success for : SW_VBUS_DRIVE_CDC_HS = false
2024-11-11 11:50:08,249 [INFO] Middleware:617 - instanceName : USB_HOST bspName : Drive_VBUS_FS check condition success for : SW_VBUS_DRIVE_HID_FS = false
2024-11-11 11:50:08,249 [INFO] Middleware:617 - instanceName : USB_HOST bspName : Drive_VBUS_FS check condition success for : SW_VBUS_DRIVE_HID_FS = false
2024-11-11 11:50:08,249 [INFO] Middleware:617 - instanceName : USB_HOST bspName : Drive_VBUS_HS check condition success for : SW_VBUS_DRIVE_HID_HS = false
2024-11-11 11:50:08,249 [INFO] Middleware:617 - instanceName : USB_HOST bspName : Drive_VBUS_HS check condition success for : SW_VBUS_DRIVE_HID_HS = false
2024-11-11 11:50:08,249 [INFO] Middleware:617 - instanceName : USB_HOST bspName : Drive_VBUS_FS check condition success for : SW_VBUS_DRIVE_MSC_FS = false
2024-11-11 11:50:08,249 [INFO] Middleware:617 - instanceName : USB_HOST bspName : Drive_VBUS_FS check condition success for : SW_VBUS_DRIVE_MSC_FS = false
2024-11-11 11:50:08,249 [INFO] Middleware:617 - instanceName : USB_HOST bspName : Drive_VBUS_HS check condition success for : SW_VBUS_DRIVE_MSC_HS = false
2024-11-11 11:50:08,249 [INFO] Middleware:617 - instanceName : USB_HOST bspName : Drive_VBUS_HS check condition success for : SW_VBUS_DRIVE_MSC_HS = false
2024-11-11 11:50:08,249 [INFO] Middleware:617 - instanceName : USB_HOST bspName : Drive_VBUS_FS check condition success for : ALL_SW_VBUS_DRIVE_FS = false
2024-11-11 11:50:08,249 [INFO] Middleware:617 - instanceName : USB_HOST bspName : Drive_VBUS_FS check condition success for : ALL_SW_VBUS_DRIVE_FS = false
2024-11-11 11:50:08,249 [INFO] Middleware:617 - instanceName : USB_HOST bspName : Drive_VBUS_HS check condition success for : ALL_SW_VBUS_DRIVE_HS = false
2024-11-11 11:50:08,249 [INFO] Middleware:617 - instanceName : USB_HOST bspName : Drive_VBUS_HS check condition success for : ALL_SW_VBUS_DRIVE_HS = false
2024-11-11 11:50:08,249 [INFO] Middleware:617 - instanceName : USB_HOST bspName : Drive_VBUS_FS check condition success for : SW_VBUS_DRIVE_MTP_FS = false
2024-11-11 11:50:08,249 [INFO] Middleware:617 - instanceName : USB_HOST bspName : Drive_VBUS_FS check condition success for : SW_VBUS_DRIVE_MTP_FS = false
2024-11-11 11:50:08,249 [INFO] Middleware:617 - instanceName : USB_HOST bspName : Drive_VBUS_HS check condition success for : SW_VBUS_DRIVE_MTP_HS = false
2024-11-11 11:50:08,249 [INFO] Middleware:617 - instanceName : USB_HOST bspName : Drive_VBUS_HS check condition success for : SW_VBUS_DRIVE_MTP_HS = false
2024-11-11 11:50:08,249 [WARN] BspModel:444 - BSP dependency skipped because of component: name='IOExpander', api='Unknown'
2024-11-11 11:50:08,326 [INFO] Middleware:617 - instanceName : USB_HOST bspName : Drive_VBUS_FS check condition success for : SW_VBUS_DRIVE_AUDIO_FS = false
2024-11-11 11:50:08,326 [INFO] Middleware:617 - instanceName : USB_HOST bspName : Drive_VBUS_FS check condition success for : SW_VBUS_DRIVE_AUDIO_FS = false
2024-11-11 11:50:08,327 [INFO] Middleware:617 - instanceName : USB_HOST bspName : Drive_VBUS_HS check condition success for : SW_VBUS_DRIVE_AUDIO_HS = false
2024-11-11 11:50:08,327 [INFO] Middleware:617 - instanceName : USB_HOST bspName : Drive_VBUS_HS check condition success for : SW_VBUS_DRIVE_AUDIO_HS = false
2024-11-11 11:50:08,327 [INFO] Middleware:617 - instanceName : USB_HOST bspName : Drive_VBUS_FS check condition success for : SW_VBUS_DRIVE_CDC_FS = false
2024-11-11 11:50:08,327 [INFO] Middleware:617 - instanceName : USB_HOST bspName : Drive_VBUS_FS check condition success for : SW_VBUS_DRIVE_CDC_FS = false
2024-11-11 11:50:08,327 [INFO] Middleware:617 - instanceName : USB_HOST bspName : Drive_VBUS_FS check condition success for : SW_VBUS_DRIVE_CDC_FS = false
2024-11-11 11:50:08,327 [INFO] Middleware:617 - instanceName : USB_HOST bspName : Drive_VBUS_HS check condition success for : SW_VBUS_DRIVE_CDC_HS = false
2024-11-11 11:50:08,327 [INFO] Middleware:617 - instanceName : USB_HOST bspName : Drive_VBUS_HS check condition success for : SW_VBUS_DRIVE_CDC_HS = false
2024-11-11 11:50:08,327 [INFO] Middleware:617 - instanceName : USB_HOST bspName : Drive_VBUS_FS check condition success for : SW_VBUS_DRIVE_HID_FS = false
2024-11-11 11:50:08,327 [INFO] Middleware:617 - instanceName : USB_HOST bspName : Drive_VBUS_FS check condition success for : SW_VBUS_DRIVE_HID_FS = false
2024-11-11 11:50:08,327 [INFO] Middleware:617 - instanceName : USB_HOST bspName : Drive_VBUS_HS check condition success for : SW_VBUS_DRIVE_HID_HS = false
2024-11-11 11:50:08,327 [INFO] Middleware:617 - instanceName : USB_HOST bspName : Drive_VBUS_HS check condition success for : SW_VBUS_DRIVE_HID_HS = false
2024-11-11 11:50:08,327 [INFO] Middleware:617 - instanceName : USB_HOST bspName : Drive_VBUS_FS check condition success for : SW_VBUS_DRIVE_MSC_FS = false
2024-11-11 11:50:08,327 [INFO] Middleware:617 - instanceName : USB_HOST bspName : Drive_VBUS_FS check condition success for : SW_VBUS_DRIVE_MSC_FS = false
2024-11-11 11:50:08,327 [INFO] Middleware:617 - instanceName : USB_HOST bspName : Drive_VBUS_HS check condition success for : SW_VBUS_DRIVE_MSC_HS = false
2024-11-11 11:50:08,327 [INFO] Middleware:617 - instanceName : USB_HOST bspName : Drive_VBUS_HS check condition success for : SW_VBUS_DRIVE_MSC_HS = false
2024-11-11 11:50:08,327 [INFO] Middleware:617 - instanceName : USB_HOST bspName : Drive_VBUS_FS check condition success for : ALL_SW_VBUS_DRIVE_FS = false
2024-11-11 11:50:08,327 [INFO] Middleware:617 - instanceName : USB_HOST bspName : Drive_VBUS_FS check condition success for : ALL_SW_VBUS_DRIVE_FS = false
2024-11-11 11:50:08,327 [INFO] Middleware:617 - instanceName : USB_HOST bspName : Drive_VBUS_HS check condition success for : ALL_SW_VBUS_DRIVE_HS = false
2024-11-11 11:50:08,327 [INFO] Middleware:617 - instanceName : USB_HOST bspName : Drive_VBUS_HS check condition success for : ALL_SW_VBUS_DRIVE_HS = false
2024-11-11 11:50:08,327 [INFO] Middleware:617 - instanceName : USB_HOST bspName : Drive_VBUS_FS check condition success for : SW_VBUS_DRIVE_MTP_FS = false
2024-11-11 11:50:08,327 [INFO] Middleware:617 - instanceName : USB_HOST bspName : Drive_VBUS_FS check condition success for : SW_VBUS_DRIVE_MTP_FS = false
2024-11-11 11:50:08,327 [INFO] Middleware:617 - instanceName : USB_HOST bspName : Drive_VBUS_HS check condition success for : SW_VBUS_DRIVE_MTP_HS = false
2024-11-11 11:50:08,327 [INFO] Middleware:617 - instanceName : USB_HOST bspName : Drive_VBUS_HS check condition success for : SW_VBUS_DRIVE_MTP_HS = false
2024-11-11 11:50:08,327 [WARN] BspModel:444 - BSP dependency skipped because of component: name='IOExpander', api='Unknown'
2024-11-11 11:50:15,094 [INFO] UtilMem:75 - End SaveConfig() Used Memory: 890685680 Bytes (1073741824)
2024-11-11 11:50:16,392 [INFO] UtilMem:75 - End SaveConfig() Used Memory: 916469328 Bytes (1073741824)
2024-11-11 11:50:17,125 [INFO] UtilMem:75 - End SaveConfig() Used Memory: 494608264 Bytes (1073741824)
2024-11-11 11:50:17,404 [INFO] BlockDiagram:2766 - set Specific Code input for plugin: SPI
2024-11-11 11:50:17,404 [INFO] BlockDiagram:2766 - set Specific Code input for plugin: I2S
2024-11-11 11:50:17,404 [INFO] BlockDiagram:2766 - set Specific Code input for plugin: SYS
2024-11-11 11:50:17,404 [INFO] BlockDiagram:2766 - set Specific Code input for plugin: RCC
2024-11-11 11:50:17,404 [INFO] BlockDiagram:2766 - set Specific Code input for plugin: I2C
2024-11-11 11:50:17,404 [INFO] BlockDiagram:2766 - set Specific Code input for plugin: USB_OTG_FS
2024-11-11 11:50:17,404 [INFO] BlockDiagram:2766 - set Specific Code input for plugin: NVIC
2024-11-11 11:50:17,404 [INFO] BlockDiagram:2766 - set Specific Code input for plugin: USB_HOST
2024-11-11 11:50:17,404 [INFO] BlockDiagram:2766 - set Specific Code input for plugin: USART
2024-11-11 11:50:17,405 [INFO] BlockDiagram:2766 - set Specific Code input for plugin: GPIO
2024-11-11 11:50:17,406 [INFO] CodeGenerator:807 - code generatio: config db path: C:\ST\STM32CubeIDE_1.9.0\STM32CubeIDE\plugins\com.st.stm32cube.common.mx_6.12.1.202409122256\\db\
2024-11-11 11:50:17,408 [WARN] IP:2191 - I2C_Coeff_DF not found: check if there is a RefParameter without a condition.
2024-11-11 11:50:17,408 [WARN] IP:2191 - Analog_Filter not found: check if there is a RefParameter without a condition.
2024-11-11 11:50:17,500 [INFO] CodeEngine:255 - oldGeneratedFile, C:\learning\MasterRTOS\RTOS_workspace\012Mutex_API\MXTmpFiles\license.tmp_save
2024-11-11 11:50:17,601 [INFO] CodeEngine:279 - Generated code: C:\learning\MasterRTOS\RTOS_workspace\012Mutex_API\MXTmpFiles\license.tmp
2024-11-11 11:50:17,647 [INFO] CodeEngine:255 - oldGeneratedFile, C:\learning\MasterRTOS\RTOS_workspace\012Mutex_API\MXTmpFiles\gpio.tmp_save
2024-11-11 11:50:17,748 [INFO] CodeEngine:279 - Generated code: C:\learning\MasterRTOS\RTOS_workspace\012Mutex_API\MXTmpFiles\gpio.tmp
2024-11-11 11:50:17,821 [WARN] IPConfigManager:3005 - Warning: the RefConfig PWREx_EnableUSBVoltageDetector is not available in your config.xml file
2024-11-11 11:50:17,836 [INFO] CodeEngine:255 - oldGeneratedFile, C:\learning\MasterRTOS\RTOS_workspace\012Mutex_API\MXTmpFiles\usb_otg_fs_vars.tmp_save
2024-11-11 11:50:17,913 [INFO] CodeEngine:279 - Generated code: C:\learning\MasterRTOS\RTOS_workspace\012Mutex_API\MXTmpFiles\usb_otg_fs_vars.tmp
2024-11-11 11:50:17,922 [INFO] CodeEngine:255 - oldGeneratedFile, C:\learning\MasterRTOS\RTOS_workspace\012Mutex_API\MXTmpFiles\usb_otg_fs_inc.tmp_save
2024-11-11 11:50:18,027 [INFO] CodeEngine:279 - Generated code: C:\learning\MasterRTOS\RTOS_workspace\012Mutex_API\MXTmpFiles\usb_otg_fs_inc.tmp
2024-11-11 11:50:18,036 [INFO] CodeEngine:255 - oldGeneratedFile, C:\learning\MasterRTOS\RTOS_workspace\012Mutex_API\MXTmpFiles\usb_otg_fs_HalInit.tmp_save
2024-11-11 11:50:18,127 [INFO] CodeEngine:279 - Generated code: C:\learning\MasterRTOS\RTOS_workspace\012Mutex_API\MXTmpFiles\usb_otg_fs_HalInit.tmp
2024-11-11 11:50:18,136 [INFO] CodeEngine:255 - oldGeneratedFile, C:\learning\MasterRTOS\RTOS_workspace\012Mutex_API\MXTmpFiles\usb_otg_fs_Msp.tmp_save
2024-11-11 11:50:18,236 [INFO] CodeEngine:279 - Generated code: C:\learning\MasterRTOS\RTOS_workspace\012Mutex_API\MXTmpFiles\usb_otg_fs_Msp.tmp
2024-11-11 11:50:18,508 [INFO] CodeEngine:255 - oldGeneratedFile, C:\learning\MasterRTOS\RTOS_workspace\012Mutex_API\USB_HOST\App\usb_host.c_save
2024-11-11 11:50:18,604 [INFO] CodeEngine:279 - Generated code: C:\learning\MasterRTOS\RTOS_workspace\012Mutex_API\USB_HOST\App\usb_host.c
2024-11-11 11:50:18,615 [INFO] CodeEngine:255 - oldGeneratedFile, C:\learning\MasterRTOS\RTOS_workspace\012Mutex_API\USB_HOST\App\usb_host.h_save
2024-11-11 11:50:18,700 [INFO] CodeEngine:279 - Generated code: C:\learning\MasterRTOS\RTOS_workspace\012Mutex_API\USB_HOST\App\usb_host.h
2024-11-11 11:50:18,715 [INFO] CodeEngine:255 - oldGeneratedFile, C:\learning\MasterRTOS\RTOS_workspace\012Mutex_API\USB_HOST\Target\usbh_conf.h_save
2024-11-11 11:50:18,806 [INFO] CodeEngine:279 - Generated code: C:\learning\MasterRTOS\RTOS_workspace\012Mutex_API\USB_HOST\Target\usbh_conf.h
2024-11-11 11:50:18,819 [INFO] CodeEngine:255 - oldGeneratedFile, C:\learning\MasterRTOS\RTOS_workspace\012Mutex_API\USB_HOST\Target\usbh_conf.c_save
2024-11-11 11:50:18,922 [INFO] CodeEngine:279 - Generated code: C:\learning\MasterRTOS\RTOS_workspace\012Mutex_API\USB_HOST\Target\usbh_conf.c
2024-11-11 11:50:18,935 [INFO] CodeEngine:255 - oldGeneratedFile, C:\learning\MasterRTOS\RTOS_workspace\012Mutex_API\USB_HOST\Target\usbh_platform.c_save
2024-11-11 11:50:19,021 [INFO] CodeEngine:279 - Generated code: C:\learning\MasterRTOS\RTOS_workspace\012Mutex_API\USB_HOST\Target\usbh_platform.c
2024-11-11 11:50:19,033 [INFO] CodeEngine:255 - oldGeneratedFile, C:\learning\MasterRTOS\RTOS_workspace\012Mutex_API\USB_HOST\Target\usbh_platform.h_save
2024-11-11 11:50:19,148 [INFO] CodeEngine:279 - Generated code: C:\learning\MasterRTOS\RTOS_workspace\012Mutex_API\USB_HOST\Target\usbh_platform.h
2024-11-11 11:50:19,180 [INFO] CodeEngine:255 - oldGeneratedFile, C:\learning\MasterRTOS\RTOS_workspace\012Mutex_API\Core\Src\stm32f4xx_it.c_save
2024-11-11 11:50:19,297 [INFO] CodeEngine:279 - Generated code: C:\learning\MasterRTOS\RTOS_workspace\012Mutex_API\Core\Src\stm32f4xx_it.c
2024-11-11 11:50:19,311 [INFO] CodeEngine:255 - oldGeneratedFile, C:\learning\MasterRTOS\RTOS_workspace\012Mutex_API\Core\Inc\stm32f4xx_it.h_save
2024-11-11 11:50:19,438 [INFO] CodeEngine:279 - Generated code: C:\learning\MasterRTOS\RTOS_workspace\012Mutex_API\Core\Inc\stm32f4xx_it.h
2024-11-11 11:50:19,472 [INFO] CodeEngine:255 - oldGeneratedFile, C:\learning\MasterRTOS\RTOS_workspace\012Mutex_API\Core\Src\stm32f4xx_hal_msp.c_save
2024-11-11 11:50:19,655 [INFO] CodeEngine:279 - Generated code: C:\learning\MasterRTOS\RTOS_workspace\012Mutex_API\Core\Src\stm32f4xx_hal_msp.c
2024-11-11 11:50:19,666 [INFO] CodeEngine:255 - oldGeneratedFile, C:\learning\MasterRTOS\RTOS_workspace\012Mutex_API\MXTmpFiles\system.tmp_save
2024-11-11 11:50:19,773 [INFO] CodeEngine:279 - Generated code: C:\learning\MasterRTOS\RTOS_workspace\012Mutex_API\MXTmpFiles\system.tmp
2024-11-11 11:50:19,781 [INFO] CodeEngine:255 - oldGeneratedFile, C:\learning\MasterRTOS\RTOS_workspace\012Mutex_API\Core\Src\stm32f4xx_hal_timebase_tim.c_save
2024-11-11 11:50:19,924 [INFO] CodeEngine:279 - Generated code: C:\learning\MasterRTOS\RTOS_workspace\012Mutex_API\Core\Src\stm32f4xx_hal_timebase_tim.c
2024-11-11 11:50:19,948 [INFO] CodeEngine:311 - oldGeneratedFile, C:\learning\MasterRTOS\RTOS_workspace\012Mutex_API\Core\Inc\stm32f4xx_hal_conf.h_save
2024-11-11 11:50:20,043 [INFO] CodeEngine:335 - Generated code: C:\learning\MasterRTOS\RTOS_workspace\012Mutex_API\Core\Inc\stm32f4xx_hal_conf.h
2024-11-11 11:50:20,087 [INFO] CodeEngine:255 - oldGeneratedFile, C:\learning\MasterRTOS\RTOS_workspace\012Mutex_API\Core\Inc\main.h_save
2024-11-11 11:50:20,190 [INFO] CodeEngine:279 - Generated code: C:\learning\MasterRTOS\RTOS_workspace\012Mutex_API\Core\Inc\main.h
2024-11-11 11:50:20,209 [INFO] CodeEngine:255 - oldGeneratedFile, C:\learning\MasterRTOS\RTOS_workspace\012Mutex_API\Core\Src\main.c_save
2024-11-11 11:50:20,437 [INFO] CodeEngine:279 - Generated code: C:\learning\MasterRTOS\RTOS_workspace\012Mutex_API\Core\Src\main.c
2024-11-11 11:50:21,229 [INFO] ProjectBuilder:3249 - Time for Copy HAL[1] : 497mS.
2024-11-11 11:50:21,242 [INFO] ProjectBuilder:4828 - Project Generator version: 4.5.0-B34
2024-11-11 11:50:21,368 [INFO] ConfigFileManager:1531 - The Die is : DIE413
2024-11-11 11:50:22,551 [INFO] ProjectBuilder:5097 - Time for Generating toolchain IDE Files: 1309mS.
2024-11-11 11:50:22,552 [INFO] ProjectBuilder:3107 - Time for Copy CMSIS : 0mS.
2024-11-11 11:50:22,564 [INFO] ProjectBuilder:3107 - Time for Copy CMSIS : 0mS.
2024-11-11 11:55:53,411 [INFO] LogOutputStream:77 - [STDOUT_REDIRECT] StartTraceHandler.execute(), success : Collect=true
2024-11-11 11:56:37,447 [INFO] LogOutputStream:77 - [STDOUT_REDIRECT] StartTraceHandler.execute(), success : Collect=false
2024-11-11 11:56:38,822 [INFO] LogOutputStream:77 - [STDOUT_REDIRECT] StartTraceHandler.execute(), success : Collect=true
2024-11-11 12:05:35,960 [ERROR] LogOutputStream:75 - [STDERR_REDIRECT] 
